{"type":"FeatureCollection","features":[{"type":"Feature","geometry":{"type":"Point","coordinates":[20.532546,53.795814]},"properties":{"lines":"101","color":"#0059a9","mode":"bus","arr":["101"],"angle":16.2}},{"type":"Feature","geometry":{"type":"Point","coordinates":[20.527944,53.79719]},"properties":{"lines":"101","color":"#0059a9","mode":"bus","arr":["101"],"angle":29.8,"extra":1,"ei":0}},{"type":"Feature","geometry":{"type":"Point","coordinates":[20.536922,53.795718]},"properties":{"lines":"101","color":"#0059a9","mode":"bus","arr":["101"],"angle":-4.4,"extra":1,"ei":1}},{"type":"Feature","geometry":{"type":"Point","coordinates":[20.523609,53.797436]},"properties":{"lines":"101, 115, 124, 125, 131, 132","color":"#0059a9","mode":"bus","arr":["101","115","124","125","131","132"],"angle":-9.2}},{"type":"Feature","geometry":{"type":"Point","coordinates":[20.539815,53.7985]},"properties":{"lines":"101, 115, 124, 125, 131, 132","color":"#0059a9","mode":"bus","arr":["101","115","124","125","131","132"],"angle":13.1,"extra":1,"ei":0}},{"type":"Feature","geometry":{"type":"Point","coordinates":[20.536629,53.798561]},"properties":{"lines":"101, 115, 124, 125, 131, 132","color":"#0059a9","mode":"bus","arr":["101","115","124","125","131","132"],"angle":-2.6,"extra":1,"ei":1}},{"type":"Feature","geometry":{"type":"Point","coordinates":[20.533456,53.798348]},"properties":{"lines":"101, 115, 124, 125, 131, 132","color":"#0059a9","mode":"bus","arr":["101","115","124","125","131","132"],"angle":-8.6,"extra":1,"ei":2}},{"type":"Feature","geometry":{"type":"Point","coordinates":[20.530297,53.798057]},"properties":{"lines":"101, 115, 124, 125, 131, 132","color":"#0059a9","mode":"bus","arr":["101","115","124","125","131","132"],"angle":-9.2,"extra":1,"ei":3}},{"type":"Feature","geometry":{"type":"Point","coordinates":[20.527141,53.797756]},"properties":{"lines":"101, 115, 124, 125, 131, 132","color":"#0059a9","mode":"bus","arr":["101","115","124","125","131","132"],"angle":-9.2,"extra":1,"ei":4}},{"type":"Feature","geometry":{"type":"Point","coordinates":[20.520826,53.797166]},"properties":{"lines":"101, 115, 124, 125, 131, 132","color":"#0059a9","mode":"bus","arr":["101","115","124","125","131","132"],"angle":-10.7,"extra":1,"ei":5}},{"type":"Feature","geometry":{"type":"Point","coordinates":[20.518265,53.796274]},"properties":{"lines":"101, 115, 124, 125, 131, 132","color":"#0059a9","mode":"bus","arr":["101","115","124","125","131","132"],"angle":-65.3,"extra":1,"ei":6}},{"type":"Feature","geometry":{"type":"Point","coordinates":[20.516966,53.794549]},"properties":{"lines":"101, 115, 124, 125, 131, 132","color":"#0059a9","mode":"bus","arr":["101","115","124","125","131","132"],"angle":-63.4,"extra":1,"ei":7}},{"type":"Feature","geometry":{"type":"Point","coordinates":[20.515047,53.793062]},"properties":{"lines":"101, 115, 124, 125, 131, 132","color":"#0059a9","mode":"bus","arr":["101","115","124","125","131","132"],"angle":-54,"extra":1,"ei":8}},{"type":"Feature","geometry":{"type":"Point","coordinates":[20.513258,53.791498]},"properties":{"lines":"101, 115, 124, 125, 131, 132","color":"#0059a9","mode":"bus","arr":["101","115","124","125","131","132"],"angle":-61.6,"extra":1,"ei":9}},{"type":"Feature","geometry":{"type":"Point","coordinates":[20.54175,53.802335]},"properties":{"lines":"101, 131, 132","color":"#0059a9","mode":"bus","arr":["101","131","132"],"angle":-77.7}},{"type":"Feature","geometry":{"type":"Point","coordinates":[20.541724,53.799118]},"properties":{"lines":"101, 131, 132","color":"#0059a9","mode":"bus","arr":["101","131","132"],"angle":-87.8,"extra":1,"ei":0}},{"type":"Feature","geometry":{"type":"Point","coordinates":[20.54134,53.800982]},"properties":{"lines":"101, 131, 132","color":"#0059a9","mode":"bus","arr":["101","131","132"],"angle":-86.5,"extra":1,"ei":1}},{"type":"Feature","geometry":{"type":"Point","coordinates":[20.543018,53.804305]},"properties":{"lines":"101, 131, 132","color":"#0059a9","mode":"bus","arr":["101","131","132"],"angle":12,"extra":1,"ei":2}},{"type":"Feature","geometry":{"type":"Point","coordinates":[20.510939,53.790439]},"properties":{"lines":"101, 115, 124, 125, 131, 132","color":"#0059a9","mode":"bus","arr":["101","115","124","125","131","132"],"angle":24.4}},{"type":"Feature","geometry":{"type":"Point","coordinates":[20.507623,53.791333]},"properties":{"lines":"101, 115, 119, 124, 125, 131, 132","color":"#0059a9","mode":"bus","arr":["101","115","119","124","125","131","132"],"angle":24.3}},{"type":"Feature","geometry":{"type":"Point","coordinates":[20.502902,53.790551]},"properties":{"lines":"101, 119","color":"#0059a9","mode":"bus","arr":["101","119"],"angle":-43.9,"mi":3}},{"type":"Feature","geometry":{"type":"Point","coordinates":[20.498103,53.788425]},"properties":{"lines":"101, 119","color":"#0059a9","mode":"bus","arr":["101","119"],"angle":-56.5,"side":-1}},{"type":"Feature","geometry":{"type":"Point","coordinates":[20.497142,53.787379]},"properties":{"lines":"101, 119","color":"#0059a9","mode":"bus","arr":["101","119"],"angle":-61.6,"extra":1,"ei":0}},{"type":"Feature","geometry":{"type":"Point","coordinates":[20.494152,53.787749]},"properties":{"lines":"101, 119","color":"#0059a9","mode":"bus","arr":["101","119"],"angle":25.5,"mi":2}},{"type":"Feature","geometry":{"type":"Point","coordinates":[20.491679,53.787486]},"properties":{"lines":"101, 107, 108, 109, 112, 115, 124, 125, 126, 131, 132, N02","color":"#0059a9","mode":"bus","arr":["101","107","108","109","112","115","124","125","126","131","132","N02"],"angle":86.8}},{"type":"Feature","geometry":{"type":"Point","coordinates":[20.491212,53.785864]},"properties":{"lines":"101, 107, 108, 109, 112, 115, 124, 126, 131, 132, N02","color":"#0059a9","mode":"bus","arr":["101","107","108","109","112","115","124","126","131","132","N02"],"angle":88.9,"side":-1}},{"type":"Feature","geometry":{"type":"Point","coordinates":[20.492223,53.784068]},"properties":{"lines":"101, 107, 108, 109, 112, 115, 119, 124, 126, 131, 132, N02","color":"#0059a9","mode":"bus","arr":["101","107","108","109","112","115","119","124","126","131","132","N02"],"angle":88.4,"side":-1}},{"type":"Feature","geometry":{"type":"Point","coordinates":[20.491247,53.789054]},"properties":{"lines":"101, 107, 108, 109, 112, 115, 119, 124, 125, 126, 131, 132, N02","color":"#0059a9","mode":"bus","arr":["101","107","108","109","112","115","119","124","125","126","131","132","N02"],"angle":80.1,"mi":1}},{"type":"Feature","geometry":{"type":"Point","coordinates":[20.492016,53.784532]},"properties":{"lines":"101, 107, 108, 109, 112, 115, 119, 124, 125, 126, 131, 132, N02","color":"#0059a9","mode":"bus","arr":["101","107","108","109","112","115","119","124","125","126","131","132","N02"],"angle":63.7}},{"type":"Feature","geometry":{"type":"Point","coordinates":[20.495537,53.784562]},"properties":{"lines":"101, 107, 108, 112, 115, 124, 126, 131, 132, N02","color":"#0059a9","mode":"bus","arr":["101","107","108","112","115","124","126","131","132","N02"],"angle":-17.8,"side":-1}},{"type":"Feature","geometry":{"type":"Point","coordinates":[20.493365,53.784049]},"properties":{"lines":"101, 107, 108, 112, 115, 124, 126, 131, 132, N02","color":"#0059a9","mode":"bus","arr":["101","107","108","112","115","124","126","131","132","N02"],"angle":-48.9,"side":-1,"mi":1}},{"type":"Feature","geometry":{"type":"Point","coordinates":[20.494315,53.784344]},"properties":{"lines":"101, 107, 108, 112, 115, 124, 125, 126, 131, 132, N02","color":"#0059a9","mode":"bus","arr":["101","107","108","112","115","124","125","126","131","132","N02"],"angle":-19.7}},{"type":"Feature","geometry":{"type":"Point","coordinates":[20.496551,53.784718]},"properties":{"lines":"101, 107, 115, 126, 131, 132","color":"#0059a9","mode":"bus","arr":["101","107","115","126","131","132"],"angle":1.9,"side":-1,"mi":1}},{"type":"Feature","geometry":{"type":"Point","coordinates":[20.497325,53.78456]},"properties":{"lines":"101, 107, 115, 126, 131, 132","color":"#0059a9","mode":"bus","arr":["101","107","115","126","131","132"],"angle":28.9,"side":-1}},{"type":"Feature","geometry":{"type":"Point","coordinates":[20.493675,53.78324]},"properties":{"lines":"101","color":"#0059a9","mode":"bus","arr":["101"],"angle":44.1,"mi":2}},{"type":"Feature","geometry":{"type":"Point","coordinates":[20.489726,53.783054]},"properties":{"lines":"101, 109, 119, N02","color":"#0059a9","mode":"bus","arr":["101","109","119","N02"],"angle":-24.5}},{"type":"Feature","geometry":{"type":"Point","coordinates":[20.488278,53.781746]},"properties":{"lines":"101, 109","color":"#0059a9","mode":"bus","arr":["101","109"],"angle":34,"mi":1}},{"type":"Feature","geometry":{"type":"Point","coordinates":[20.487088,53.781537]},"properties":{"lines":"101","color":"#0059a9","mode":"bus","arr":["101"],"angle":-56}},{"type":"Feature","geometry":{"type":"Point","coordinates":[20.487851,53.780677]},"properties":{"lines":"101","color":"#0059a9","mode":"bus","arr":["101"],"angle":34.1,"mi":1}},{"type":"Feature","geometry":{"type":"Point","coordinates":[20.488083,53.779854]},"properties":{"lines":"101, 109","color":"#0059a9","mode":"bus","arr":["101","109"],"angle":-36.5}},{"type":"Feature","geometry":{"type":"Point","coordinates":[20.485909,53.777749]},"properties":{"lines":"101, 109, 110","color":"#0059a9","mode":"bus","arr":["101","109","110"],"angle":-66.1}},{"type":"Feature","geometry":{"type":"Point","coordinates":[20.478623,53.777297]},"properties":{"lines":"101, 105, 107, 109, 111, 113, 119, 128, 135, 136, N01, N02","color":"#0059a9","mode":"bus","arr":["101","105","107","109","111","113","119","128","135","136","N01","N02"],"angle":56.7,"mi":1}},{"type":"Feature","geometry":{"type":"Point","coordinates":[20.479316,53.776517]},"properties":{"lines":"101, 105, 107, 109, 111, 113, 119, 128, 135, 136, N01, N02","color":"#0059a9","mode":"bus","arr":["101","105","107","109","111","113","119","128","135","136","N01","N02"],"angle":-74.4}},{"type":"Feature","geometry":{"type":"Point","coordinates":[20.477859,53.774044]},"properties":{"lines":"101, 105, 107, 109, 111, 113, 119, 128, 135, 136, N01, N02","color":"#0059a9","mode":"bus","arr":["101","105","107","109","111","113","119","128","135","136","N01","N02"],"angle":-56.8,"side":-1,"mi":2}},{"type":"Feature","geometry":{"type":"Point","coordinates":[20.477127,53.77367]},"properties":{"lines":"101, 105, 107, 109, 111, 113, 119, 128, 136, N01, N02","color":"#0059a9","mode":"bus","arr":["101","105","107","109","111","113","119","128","136","N01","N02"],"angle":-43.2}},{"type":"Feature","geometry":{"type":"Point","coordinates":[20.475895,53.773312]},"properties":{"lines":"101, 107, 111, 127, N02","color":"#0059a9","mode":"bus","arr":["101","107","111","127","N02"],"angle":22.6}},{"type":"Feature","geometry":{"type":"Point","coordinates":[20.474803,53.77365]},"properties":{"lines":"101, 107, 111, 127, 145, N02","color":"#0059a9","mode":"bus","arr":["101","107","111","127","145","N02"],"angle":32.4,"mi":6}},{"type":"Feature","geometry":{"type":"Point","coordinates":[20.473701,53.774364]},"properties":{"lines":"101, 107, 111, 127, 145, N02","color":"#0059a9","mode":"bus","arr":["101","107","111","127","145","N02"],"angle":-67.2,"mi":3}},{"type":"Feature","geometry":{"type":"Point","coordinates":[20.467775,53.776626]},"properties":{"lines":"101, 107, 111, 127, 145, N02","color":"#0059a9","mode":"bus","arr":["101","107","111","127","145","N02"],"angle":34.5,"mi":1}},{"type":"Feature","geometry":{"type":"Point","coordinates":[20.472557,53.774989]},"properties":{"lines":"101, 107, 111, 127, 145, N02","color":"#0059a9","mode":"bus","arr":["101","107","111","127","145","N02"],"angle":29.5,"mi":2}},{"type":"Feature","geometry":{"type":"Point","coordinates":[20.470541,53.775664]},"properties":{"lines":"101, 107, 111, 127, 145, N02","color":"#0059a9","mode":"bus","arr":["101","107","111","127","145","N02"],"angle":29.5}},{"type":"Feature","geometry":{"type":"Point","coordinates":[20.465279,53.777125]},"properties":{"lines":"101, 107, 111, 127, 145, N02","color":"#0059a9","mode":"bus","arr":["101","107","111","127","145","N02"],"angle":-26.9,"mi":4}},{"type":"Feature","geometry":{"type":"Point","coordinates":[20.464455,53.776958]},"properties":{"lines":"101, 107, 111, 127, 145, N02","color":"#0059a9","mode":"bus","arr":["101","107","111","127","145","N02"],"angle":-17.1,"mi":5}},{"type":"Feature","geometry":{"type":"Point","coordinates":[20.446638,53.786736]},"properties":{"lines":"101, 106, 111, 127, 145, N02","color":"#0059a9","mode":"bus","arr":["101","106","111","127","145","N02"],"angle":39.3}},{"type":"Feature","geometry":{"type":"Point","coordinates":[20.462574,53.778936]},"properties":{"lines":"101, 106, 111, 127, 145, N02","color":"#0059a9","mode":"bus","arr":["101","106","111","127","145","N02"],"angle":46.4,"extra":1,"ei":0}},{"type":"Feature","geometry":{"type":"Point","coordinates":[20.460311,53.780271]},"properties":{"lines":"101, 106, 111, 127, 145, N02","color":"#0059a9","mode":"bus","arr":["101","106","111","127","145","N02"],"angle":45.2,"extra":1,"ei":1}},{"type":"Feature","geometry":{"type":"Point","coordinates":[20.458052,53.781606]},"properties":{"lines":"101, 106, 111, 127, 145, N02","color":"#0059a9","mode":"bus","arr":["101","106","111","127","145","N02"],"angle":44.6,"extra":1,"ei":2}},{"type":"Feature","geometry":{"type":"Point","coordinates":[20.455802,53.782948]},"properties":{"lines":"101, 106, 111, 127, 145, N02","color":"#0059a9","mode":"bus","arr":["101","106","111","127","145","N02"],"angle":45.7,"extra":1,"ei":3}},{"type":"Feature","geometry":{"type":"Point","coordinates":[20.453554,53.784291]},"properties":{"lines":"101, 106, 111, 127, 145, N02","color":"#0059a9","mode":"bus","arr":["101","106","111","127","145","N02"],"angle":44.1,"extra":1,"ei":4}},{"type":"Feature","geometry":{"type":"Point","coordinates":[20.451253,53.785601]},"properties":{"lines":"101, 106, 111, 127, 145, N02","color":"#0059a9","mode":"bus","arr":["101","106","111","127","145","N02"],"angle":43.7,"extra":1,"ei":5}},{"type":"Feature","geometry":{"type":"Point","coordinates":[20.448885,53.786869]},"properties":{"lines":"101, 106, 111, 127, 145, N02","color":"#0059a9","mode":"bus","arr":["101","106","111","127","145","N02"],"angle":26.8,"extra":1,"ei":6}},{"type":"Feature","geometry":{"type":"Point","coordinates":[20.431688,53.795331]},"properties":{"lines":"101, 106, 111, 127, 145, N02","color":"#0059a9","mode":"bus","arr":["101","106","111","127","145","N02"],"angle":59.9,"extra":1,"ei":0}},{"type":"Feature","geometry":{"type":"Point","coordinates":[20.433551,53.793801]},"properties":{"lines":"101, 106, 111, 127, 145, N02","color":"#0059a9","mode":"bus","arr":["101","106","111","127","145","N02"],"angle":48,"extra":1,"ei":1}},{"type":"Feature","geometry":{"type":"Point","coordinates":[20.435939,53.792553]},"properties":{"lines":"101, 106, 111, 127, 145, N02","color":"#0059a9","mode":"bus","arr":["101","106","111","127","145","N02"],"angle":34,"extra":1,"ei":2}},{"type":"Feature","geometry":{"type":"Point","coordinates":[20.438602,53.791508]},"properties":{"lines":"101, 106, 111, 127, 145, N02","color":"#0059a9","mode":"bus","arr":["101","106","111","127","145","N02"],"angle":33.8,"extra":1,"ei":3}},{"type":"Feature","geometry":{"type":"Point","coordinates":[20.441275,53.790471]},"properties":{"lines":"101, 106, 111, 127, 145, N02","color":"#0059a9","mode":"bus","arr":["101","106","111","127","145","N02"],"angle":33.1,"extra":1,"ei":4}},{"type":"Feature","geometry":{"type":"Point","coordinates":[20.443856,53.789362]},"properties":{"lines":"101, 106, 111, 127, 145, N02","color":"#0059a9","mode":"bus","arr":["101","106","111","127","145","N02"],"angle":40.3,"extra":1,"ei":5}},{"type":"Feature","geometry":{"type":"Point","coordinates":[20.445669,53.787854]},"properties":{"lines":"101, 106, 111, 127, 145, N02","color":"#0059a9","mode":"bus","arr":["101","106","111","127","145","N02"],"angle":68.9,"extra":1,"ei":6}},{"type":"Feature","geometry":{"type":"Point","coordinates":[20.431451,53.796089]},"properties":{"lines":"101, 127","color":"#0059a9","mode":"bus","arr":["101","127"],"angle":82.9,"mi":2}},{"type":"Feature","geometry":{"type":"Point","coordinates":[20.439518,53.809701]},"properties":{"lines":"101, 127","color":"#0059a9","mode":"bus","arr":["101","127"],"angle":-84.2,"mi":3}},{"type":"Feature","geometry":{"type":"Point","coordinates":[20.431993,53.797185]},"properties":{"lines":"101, 127","color":"#0059a9","mode":"bus","arr":["101","127"],"angle":-37.2,"mi":1}},{"type":"Feature","geometry":{"type":"Point","coordinates":[20.441999,53.802212]},"properties":{"lines":"101, 127","color":"#0059a9","mode":"bus","arr":["101","127"],"angle":89.6}},{"type":"Feature","geometry":{"type":"Point","coordinates":[20.434682,53.797465]},"properties":{"lines":"101, 127","color":"#0059a9","mode":"bus","arr":["101","127"],"angle":-61.3,"extra":1,"ei":0}},{"type":"Feature","geometry":{"type":"Point","coordinates":[20.436609,53.798944]},"properties":{"lines":"101, 127","color":"#0059a9","mode":"bus","arr":["101","127"],"angle":-36.7,"extra":1,"ei":1}},{"type":"Feature","geometry":{"type":"Point","coordinates":[20.439344,53.799918]},"properties":{"lines":"101, 127","color":"#0059a9","mode":"bus","arr":["101","127"],"angle":-30.4,"extra":1,"ei":2}},{"type":"Feature","geometry":{"type":"Point","coordinates":[20.441763,53.804906]},"properties":{"lines":"101, 127","color":"#0059a9","mode":"bus","arr":["101","127"],"angle":-78.3,"extra":1,"ei":3}},{"type":"Feature","geometry":{"type":"Point","coordinates":[20.442071,53.806753]},"properties":{"lines":"101, 127","color":"#0059a9","mode":"bus","arr":["101","127"],"angle":70.3,"extra":1,"ei":4}},{"type":"Feature","geometry":{"type":"Point","coordinates":[20.440501,53.808395]},"properties":{"lines":"101, 127","color":"#0059a9","mode":"bus","arr":["101","127"],"angle":58.5,"extra":1,"ei":5}},{"type":"Feature","geometry":{"type":"Point","coordinates":[20.475793,53.77325]},"properties":{"lines":"101, 107, 111, 127, 145","color":"#0059a9","mode":"bus","arr":["101","107","111","127","145"],"angle":37.9}},{"type":"Feature","geometry":{"type":"Point","coordinates":[20.491417,53.785547]},"properties":{"lines":"101, 107, 108, 109, 112, 119, 124, 125, 126, 131, 132","color":"#0059a9","mode":"bus","arr":["101","107","108","109","112","119","124","125","126","131","132"],"angle":80.8}},{"type":"Feature","geometry":{"type":"Point","coordinates":[20.492434,53.784118]},"properties":{"lines":"101, 107, 108, 109, 112, 119, 124, 125, 126, 131, 132","color":"#0059a9","mode":"bus","arr":["101","107","108","109","112","119","124","125","126","131","132"],"angle":44,"mi":1}},{"type":"Feature","geometry":{"type":"Point","coordinates":[20.491294,53.790207]},"properties":{"lines":"101, 108, 109, 112, 119, 124, 125, 126, 131, 132, 136","color":"#0059a9","mode":"bus","arr":["101","108","109","112","119","124","125","126","131","132","136"],"angle":-43.9,"side":-1}},{"type":"Feature","geometry":{"type":"Point","coordinates":[20.494883,53.789462]},"properties":{"lines":"101, 119","color":"#0059a9","mode":"bus","arr":["101","119"],"angle":23.1,"mi":1}},{"type":"Feature","geometry":{"type":"Point","coordinates":[20.492998,53.789983]},"properties":{"lines":"101, 119","color":"#0059a9","mode":"bus","arr":["101","119"],"angle":25.2,"extra":1,"ei":0}},{"type":"Feature","geometry":{"type":"Point","coordinates":[20.498014,53.78448]},"properties":{"lines":"103, 106, 114, 115, 121, 128, 304, N01","color":"#0059a9","mode":"bus","arr":["103","106","114","115","121","128","304","N01"],"angle":-11}},{"type":"Feature","geometry":{"type":"Point","coordinates":[20.496597,53.781386]},"properties":{"lines":"103, 106, 107, 114, 115, 121, 126, 128, 131, 132, 304, N01","color":"#0059a9","mode":"bus","arr":["103","106","107","114","115","121","126","128","131","132","304","N01"],"angle":29.2}},{"type":"Feature","geometry":{"type":"Point","coordinates":[20.500576,53.780155]},"properties":{"lines":"103, 106, 107, 121, 126, 128, 131, 132, N01","color":"#0059a9","mode":"bus","arr":["103","106","107","121","126","128","131","132","N01"],"angle":72,"side":-1}},{"type":"Feature","geometry":{"type":"Point","coordinates":[20.502394,53.775937]},"properties":{"lines":"103, 106, 107, 126, 128, 131, 132, N01","color":"#0059a9","mode":"bus","arr":["103","106","107","126","128","131","132","N01"],"angle":83.8,"side":-1}},{"type":"Feature","geometry":{"type":"Point","coordinates":[20.501566,53.778095]},"properties":{"lines":"103, 106, 107, 126, 128, 131, 132, N01","color":"#0059a9","mode":"bus","arr":["103","106","107","126","128","131","132","N01"],"angle":76.3,"extra":1,"ei":0,"side":-1}},{"type":"Feature","geometry":{"type":"Point","coordinates":[20.50192,53.77442]},"properties":{"lines":"103, 106, 107, 126, 128, 131, 132, N01","color":"#0059a9","mode":"bus","arr":["103","106","107","126","128","131","132","N01"],"angle":-66.7,"extra":1,"ei":1}},{"type":"Feature","geometry":{"type":"Point","coordinates":[20.499205,53.77072]},"properties":{"lines":"103, 107, 131, N01","color":"#0059a9","mode":"bus","arr":["103","107","131","N01"],"angle":-69.7}},{"type":"Feature","geometry":{"type":"Point","coordinates":[20.500083,53.771947]},"properties":{"lines":"103, 107, 131, N01","color":"#0059a9","mode":"bus","arr":["103","107","131","N01"],"angle":-68.5,"extra":1,"ei":0}},{"type":"Feature","geometry":{"type":"Point","coordinates":[20.498657,53.769402]},"properties":{"lines":"103, 107, 131, N01","color":"#0059a9","mode":"bus","arr":["103","107","131","N01"],"angle":-67.1,"extra":1,"ei":0,"side":-1}},{"type":"Feature","geometry":{"type":"Point","coordinates":[20.495952,53.766626]},"properties":{"lines":"103, 105","color":"#0059a9","mode":"bus","arr":["103","105"],"angle":-62.2}},{"type":"Feature","geometry":{"type":"Point","coordinates":[20.496887,53.767681]},"properties":{"lines":"103, 105","color":"#0059a9","mode":"bus","arr":["103","105"],"angle":-62.4,"extra":1,"ei":0}},{"type":"Feature","geometry":{"type":"Point","coordinates":[20.491005,53.765397]},"properties":{"lines":"103","color":"#0059a9","mode":"bus","arr":["103"],"angle":25,"side":-1}},{"type":"Feature","geometry":{"type":"Point","coordinates":[20.486706,53.766574]},"properties":{"lines":"103","color":"#0059a9","mode":"bus","arr":["103"],"angle":24.4,"mi":3}},{"type":"Feature","geometry":{"type":"Point","coordinates":[20.485888,53.766958]},"properties":{"lines":"103, 127","color":"#0059a9","mode":"bus","arr":["103","127"],"angle":25.2,"mi":1}},{"type":"Feature","geometry":{"type":"Point","coordinates":[20.482639,53.768507]},"properties":{"lines":"103, 127","color":"#0059a9","mode":"bus","arr":["103","127"],"angle":63.3}},{"type":"Feature","geometry":{"type":"Point","coordinates":[20.477073,53.772792]},"properties":{"lines":"103, 127","color":"#0059a9","mode":"bus","arr":["103","127"],"angle":27.4,"side":-1,"mi":2}},{"type":"Feature","geometry":{"type":"Point","coordinates":[20.479816,53.771975]},"properties":{"lines":"103, 127, 135","color":"#0059a9","mode":"bus","arr":["103","127","135"],"angle":40,"mi":2}},{"type":"Feature","geometry":{"type":"Point","coordinates":[20.481682,53.769568]},"properties":{"lines":"103, 127, 135","color":"#0059a9","mode":"bus","arr":["103","127","135"],"angle":69.9,"side":-1,"mi":1}},{"type":"Feature","geometry":{"type":"Point","coordinates":[20.481373,53.770069]},"properties":{"lines":"103, 127, 135","color":"#0059a9","mode":"bus","arr":["103","127","135"],"angle":70,"side":-1}},{"type":"Feature","geometry":{"type":"Point","coordinates":[20.473316,53.77168]},"properties":{"lines":"103, 105, 109, 113, 119, 128, 136, N01, N02","color":"#0059a9","mode":"bus","arr":["103","105","109","113","119","128","136","N01","N02"],"angle":-38.9,"side":-1}},{"type":"Feature","geometry":{"type":"Point","coordinates":[20.471634,53.770877]},"properties":{"lines":"103, 105, 109, 113, 119, 128, 136, N01, N02","color":"#0059a9","mode":"bus","arr":["103","105","109","113","119","128","136","N01","N02"],"angle":-38.9,"extra":1,"ei":0,"side":-1}},{"type":"Feature","geometry":{"type":"Point","coordinates":[20.467816,53.768424]},"properties":{"lines":"103, 109, 113, 119, 128, 136, N01, N02","color":"#0059a9","mode":"bus","arr":["103","109","113","119","128","136","N01","N02"],"angle":-53.9,"side":-1}},{"type":"Feature","geometry":{"type":"Point","coordinates":[20.466544,53.767406]},"properties":{"lines":"103, 109, 113, 119, 128, 136, N01, N02","color":"#0059a9","mode":"bus","arr":["103","109","113","119","128","136","N01","N02"],"angle":-54.1,"extra":1,"ei":0,"side":-1}},{"type":"Feature","geometry":{"type":"Point","coordinates":[20.463372,53.76237]},"properties":{"lines":"103, 109, 136, 307, N01, N02","color":"#0059a9","mode":"bus","arr":["103","109","136","307","N01","N02"],"angle":-73.8}},{"type":"Feature","geometry":{"type":"Point","coordinates":[20.464937,53.765663]},"properties":{"lines":"103, 109, 136, 307, N01, N02","color":"#0059a9","mode":"bus","arr":["103","109","136","307","N01","N02"],"angle":-75.6,"extra":1,"ei":0}},{"type":"Feature","geometry":{"type":"Point","coordinates":[20.464096,53.763841]},"properties":{"lines":"103, 109, 136, 307, N01, N02","color":"#0059a9","mode":"bus","arr":["103","109","136","307","N01","N02"],"angle":-73.8,"extra":1,"ei":1}},{"type":"Feature","geometry":{"type":"Point","coordinates":[20.462331,53.760211]},"properties":{"lines":"103, 109, 136, 307, N01, N02","color":"#0059a9","mode":"bus","arr":["103","109","136","307","N01","N02"],"angle":-74.7,"extra":1,"ei":2}},{"type":"Feature","geometry":{"type":"Point","coordinates":[20.461491,53.758389]},"properties":{"lines":"103, 109, 136, 307, N01, N02","color":"#0059a9","mode":"bus","arr":["103","109","136","307","N01","N02"],"angle":-75.8,"extra":1,"ei":3}},{"type":"Feature","geometry":{"type":"Point","coordinates":[20.461128,53.755027]},"properties":{"lines":"103, 109, 119, 130, N02","color":"#0059a9","mode":"bus","arr":["103","109","119","130","N02"],"angle":-87.7,"mi":1}},{"type":"Feature","geometry":{"type":"Point","coordinates":[20.461274,53.757143]},"properties":{"lines":"103, 109, 119, 130, N02","color":"#0059a9","mode":"bus","arr":["103","109","119","130","N02"],"angle":-87.6,"extra":1,"ei":0}},{"type":"Feature","geometry":{"type":"Point","coordinates":[20.461014,53.753369]},"properties":{"lines":"103, 109, 119, 130, N02","color":"#0059a9","mode":"bus","arr":["103","109","119","130","N02"],"angle":-87.8,"extra":1,"ei":1}},{"type":"Feature","geometry":{"type":"Point","coordinates":[20.457399,53.751516]},"properties":{"lines":"103, 109, 119, 130, N02","color":"#0059a9","mode":"bus","arr":["103","109","119","130","N02"],"angle":-30.6}},{"type":"Feature","geometry":{"type":"Point","coordinates":[20.451539,53.749411]},"properties":{"lines":"103, 109, 130, N02","color":"#0059a9","mode":"bus","arr":["103","109","130","N02"],"angle":-43.2}},{"type":"Feature","geometry":{"type":"Point","coordinates":[20.453498,53.750131]},"properties":{"lines":"103, 109, 130, N02","color":"#0059a9","mode":"bus","arr":["103","109","130","N02"],"angle":-31.1,"extra":1,"ei":0}},{"type":"Feature","geometry":{"type":"Point","coordinates":[20.450701,53.745371]},"properties":{"lines":"103, 130","color":"#0059a9","mode":"bus","arr":["103","130"],"angle":32.6,"mi":1}},{"type":"Feature","geometry":{"type":"Point","coordinates":[20.449538,53.746541]},"properties":{"lines":"103, 130","color":"#0059a9","mode":"bus","arr":["103","130"],"angle":76.5,"extra":1,"ei":0}},{"type":"Feature","geometry":{"type":"Point","coordinates":[20.454532,53.745072]},"properties":{"lines":"103, 130","color":"#0059a9","mode":"bus","arr":["103","130"],"angle":-1.6,"extra":1,"ei":1}},{"type":"Feature","geometry":{"type":"Point","coordinates":[20.454843,53.744798]},"properties":{"lines":"103, 130","color":"#0059a9","mode":"bus","arr":["103","130"],"angle":40}},{"type":"Feature","geometry":{"type":"Point","coordinates":[20.455287,53.74483]},"properties":{"lines":"119","color":"#0059a9","mode":"bus","arr":["119"],"angle":-2.1,"mi":2}},{"type":"Feature","geometry":{"type":"Point","coordinates":[20.455781,53.744836]},"properties":{"lines":"119","color":"#0059a9","mode":"bus","arr":["119"],"angle":-67,"mi":1}},{"type":"Feature","geometry":{"type":"Point","coordinates":[20.497011,53.767521]},"properties":{"lines":"103","color":"#0059a9","mode":"bus","arr":["103"],"angle":-62,"side":-1,"mi":2}},{"type":"Feature","geometry":{"type":"Point","coordinates":[20.494602,53.764815]},"properties":{"lines":"103","color":"#0059a9","mode":"bus","arr":["103"],"angle":-62.6,"side":-1,"mi":1}},{"type":"Feature","geometry":{"type":"Point","coordinates":[20.501405,53.773244]},"properties":{"lines":"103, 107, 126, 131, 132, N01","color":"#0059a9","mode":"bus","arr":["103","107","126","131","132","N01"],"angle":-72.6,"side":-1}},{"type":"Feature","geometry":{"type":"Point","coordinates":[20.499539,53.782576]},"properties":{"lines":"103, 106, 107, 114, 121, 125, 126, 128, 131, 132, 304, N01","color":"#0059a9","mode":"bus","arr":["103","106","107","114","121","125","126","128","131","132","304","N01"],"angle":71.3}},{"type":"Feature","geometry":{"type":"Point","coordinates":[20.475474,53.767972]},"properties":{"lines":"105","color":"#0059a9","mode":"bus","arr":["105"],"angle":-61,"side":-1,"mi":2}},{"type":"Feature","geometry":{"type":"Point","coordinates":[20.474177,53.769535]},"properties":{"lines":"105","color":"#0059a9","mode":"bus","arr":["105"],"angle":16.2,"mi":1}},{"type":"Feature","geometry":{"type":"Point","coordinates":[20.471861,53.769812]},"properties":{"lines":"105","color":"#0059a9","mode":"bus","arr":["105"],"angle":-23.3,"mi":3}},{"type":"Feature","geometry":{"type":"Point","coordinates":[20.493599,53.770004]},"properties":{"lines":"105, 107, 111, 117, 135, N01","color":"#0059a9","mode":"bus","arr":["105","107","111","117","135","N01"],"angle":32.5}},{"type":"Feature","geometry":{"type":"Point","coordinates":[20.490952,53.771013]},"properties":{"lines":"105, 107, 111, 117, 135, N01","color":"#0059a9","mode":"bus","arr":["105","107","111","117","135","N01"],"angle":35.3,"extra":1,"ei":0}},{"type":"Feature","geometry":{"type":"Point","coordinates":[20.496341,53.768982]},"properties":{"lines":"105, 107, 111, 117, 135, N01","color":"#0059a9","mode":"bus","arr":["105","107","111","117","135","N01"],"angle":29.4,"extra":1,"ei":1}},{"type":"Feature","geometry":{"type":"Point","coordinates":[20.525695,53.751914]},"properties":{"lines":"105","color":"#0059a9","mode":"bus","arr":["105"],"angle":24.7}},{"type":"Feature","geometry":{"type":"Point","coordinates":[20.497678,53.763878]},"properties":{"lines":"105","color":"#0059a9","mode":"bus","arr":["105"],"angle":20,"side":-1,"mi":1}},{"type":"Feature","geometry":{"type":"Point","coordinates":[20.514368,53.759102]},"properties":{"lines":"105","color":"#0059a9","mode":"bus","arr":["105"],"angle":55.9,"side":-1}},{"type":"Feature","geometry":{"type":"Point","coordinates":[20.516964,53.75811]},"properties":{"lines":"105","color":"#0059a9","mode":"bus","arr":["105"],"angle":6.2,"extra":1,"ei":0}},{"type":"Feature","geometry":{"type":"Point","coordinates":[20.520143,53.758047]},"properties":{"lines":"105","color":"#0059a9","mode":"bus","arr":["105"],"angle":21.5,"extra":1,"ei":1}},{"type":"Feature","geometry":{"type":"Point","coordinates":[20.522536,53.756807]},"properties":{"lines":"105","color":"#0059a9","mode":"bus","arr":["105"],"angle":51.7,"extra":1,"ei":2}},{"type":"Feature","geometry":{"type":"Point","coordinates":[20.523845,53.755091]},"properties":{"lines":"105","color":"#0059a9","mode":"bus","arr":["105"],"angle":65.8,"extra":1,"ei":3}},{"type":"Feature","geometry":{"type":"Point","coordinates":[20.52484,53.753344]},"properties":{"lines":"105","color":"#0059a9","mode":"bus","arr":["105"],"angle":-86.7,"extra":1,"ei":4}},{"type":"Feature","geometry":{"type":"Point","coordinates":[20.528336,53.750647]},"properties":{"lines":"105","color":"#0059a9","mode":"bus","arr":["105"],"angle":32.2,"extra":1,"ei":5}},{"type":"Feature","geometry":{"type":"Point","coordinates":[20.531252,53.750107]},"properties":{"lines":"105","color":"#0059a9","mode":"bus","arr":["105"],"angle":-19,"extra":1,"ei":6}},{"type":"Feature","geometry":{"type":"Point","coordinates":[20.534339,53.750003]},"properties":{"lines":"105","color":"#0059a9","mode":"bus","arr":["105"],"angle":0,"extra":1,"ei":7}},{"type":"Feature","geometry":{"type":"Point","coordinates":[20.537472,53.750349]},"properties":{"lines":"105","color":"#0059a9","mode":"bus","arr":["105"],"angle":5.6,"extra":1,"ei":8}},{"type":"Feature","geometry":{"type":"Point","coordinates":[20.540302,53.749545]},"properties":{"lines":"105","color":"#0059a9","mode":"bus","arr":["105"],"angle":15.5,"extra":1,"ei":9}},{"type":"Feature","geometry":{"type":"Point","coordinates":[20.499932,53.763449]},"properties":{"lines":"105","color":"#0059a9","mode":"bus","arr":["105"],"angle":25.3,"extra":1,"ei":0}},{"type":"Feature","geometry":{"type":"Point","coordinates":[20.507066,53.761509]},"properties":{"lines":"105, 113","color":"#0059a9","mode":"bus","arr":["105","113"],"angle":22,"side":-1,"mi":1}},{"type":"Feature","geometry":{"type":"Point","coordinates":[20.502298,53.762626]},"properties":{"lines":"105, 113","color":"#0059a9","mode":"bus","arr":["105","113"],"angle":21.8,"extra":1,"ei":0,"side":-1}},{"type":"Feature","geometry":{"type":"Point","coordinates":[20.51116,53.76047]},"properties":{"lines":"105, 113","color":"#0059a9","mode":"bus","arr":["105","113"],"angle":30.2,"extra":1,"ei":1,"side":-1}},{"type":"Feature","geometry":{"type":"Point","coordinates":[20.504992,53.762106]},"properties":{"lines":"105, 113","color":"#0059a9","mode":"bus","arr":["105","113"],"angle":20.6,"extra":1,"ei":0}},{"type":"Feature","geometry":{"type":"Point","coordinates":[20.552245,53.743596]},"properties":{"lines":"105","color":"#0059a9","mode":"bus","arr":["105"],"angle":22,"mi":3}},{"type":"Feature","geometry":{"type":"Point","coordinates":[20.542951,53.749115]},"properties":{"lines":"105","color":"#0059a9","mode":"bus","arr":["105"],"angle":16.4,"extra":1,"ei":0}},{"type":"Feature","geometry":{"type":"Point","coordinates":[20.545783,53.748278]},"properties":{"lines":"105","color":"#0059a9","mode":"bus","arr":["105"],"angle":39.6,"extra":1,"ei":1}},{"type":"Feature","geometry":{"type":"Point","coordinates":[20.548096,53.746975]},"properties":{"lines":"105","color":"#0059a9","mode":"bus","arr":["105"],"angle":45.1,"extra":1,"ei":2}},{"type":"Feature","geometry":{"type":"Point","coordinates":[20.550059,53.745495]},"properties":{"lines":"105","color":"#0059a9","mode":"bus","arr":["105"],"angle":47.9,"extra":1,"ei":3}},{"type":"Feature","geometry":{"type":"Point","coordinates":[20.554571,53.743536]},"properties":{"lines":"105","color":"#0059a9","mode":"bus","arr":["105"],"angle":18.1,"extra":1,"ei":4}},{"type":"Feature","geometry":{"type":"Point","coordinates":[20.556705,53.74223]},"properties":{"lines":"105","color":"#0059a9","mode":"bus","arr":["105"],"angle":63.9,"extra":1,"ei":5}},{"type":"Feature","geometry":{"type":"Point","coordinates":[20.55764,53.740429]},"properties":{"lines":"105","color":"#0059a9","mode":"bus","arr":["105"],"angle":68.7,"extra":1,"ei":6}},{"type":"Feature","geometry":{"type":"Point","coordinates":[20.5599,53.739237]},"properties":{"lines":"105","color":"#0059a9","mode":"bus","arr":["105"],"angle":21.3,"extra":1,"ei":7}},{"type":"Feature","geometry":{"type":"Point","coordinates":[20.562967,53.738712]},"properties":{"lines":"105","color":"#0059a9","mode":"bus","arr":["105"],"angle":13.9,"extra":1,"ei":8}},{"type":"Feature","geometry":{"type":"Point","coordinates":[20.563067,53.738704]},"properties":{"lines":"105","color":"#0059a9","mode":"bus","arr":["105"],"angle":-13.9}},{"type":"Feature","geometry":{"type":"Point","coordinates":[20.573705,53.735082]},"properties":{"lines":"105","color":"#0059a9","mode":"bus","arr":["105"],"angle":39.9,"side":-1,"mi":2}},{"type":"Feature","geometry":{"type":"Point","coordinates":[20.494782,53.764814]},"properties":{"lines":"105","color":"#0059a9","mode":"bus","arr":["105"],"angle":79.4}},{"type":"Feature","geometry":{"type":"Point","coordinates":[20.496704,53.767984]},"properties":{"lines":"105","color":"#0059a9","mode":"bus","arr":["105"],"angle":-75.1,"mi":2}},{"type":"Feature","geometry":{"type":"Point","coordinates":[20.568801,53.736628]},"properties":{"lines":"105","color":"#0059a9","mode":"bus","arr":["105"],"angle":30.4,"mi":1}},{"type":"Feature","geometry":{"type":"Point","coordinates":[20.572264,53.735533]},"properties":{"lines":"105","color":"#0059a9","mode":"bus","arr":["105"],"angle":26.7,"extra":1,"ei":0}},{"type":"Feature","geometry":{"type":"Point","coordinates":[20.566704,53.737394]},"properties":{"lines":"105","color":"#0059a9","mode":"bus","arr":["105"],"angle":32.9,"extra":1,"ei":1}},{"type":"Feature","geometry":{"type":"Point","coordinates":[20.512851,53.760457]},"properties":{"lines":"105, 113","color":"#0059a9","mode":"bus","arr":["105","113"],"angle":-6.4}},{"type":"Feature","geometry":{"type":"Point","coordinates":[20.474107,53.7686]},"properties":{"lines":"105","color":"#0059a9","mode":"bus","arr":["105"],"angle":48.8}},{"type":"Feature","geometry":{"type":"Point","coordinates":[20.536097,53.785621]},"properties":{"lines":"106, 121, 128, 304","color":"#0059a9","mode":"bus","arr":["106","121","128","304"],"angle":16}},{"type":"Feature","geometry":{"type":"Point","coordinates":[20.533095,53.785999]},"properties":{"lines":"106, 121, 128, 304","color":"#0059a9","mode":"bus","arr":["106","121","128","304"],"angle":12,"extra":1,"ei":0}},{"type":"Feature","geometry":{"type":"Point","coordinates":[20.539,53.784695]},"properties":{"lines":"106, 121, 128, 304","color":"#0059a9","mode":"bus","arr":["106","121","128","304"],"angle":36.9,"extra":1,"ei":1}},{"type":"Feature","geometry":{"type":"Point","coordinates":[20.530736,53.784009]},"properties":{"lines":"106, 141, 304","color":"#0059a9","mode":"bus","arr":["106","141","304"],"angle":-77.9}},{"type":"Feature","geometry":{"type":"Point","coordinates":[20.531359,53.785729]},"properties":{"lines":"106, 304","color":"#0059a9","mode":"bus","arr":["106","304"],"angle":-77.6,"side":-1}},{"type":"Feature","geometry":{"type":"Point","coordinates":[20.521835,53.781239]},"properties":{"lines":"106, 114, 125, 304","color":"#0059a9","mode":"bus","arr":["106","114","125","304"],"angle":9}},{"type":"Feature","geometry":{"type":"Point","coordinates":[20.52894,53.782729]},"properties":{"lines":"106, 114, 125, 304","color":"#0059a9","mode":"bus","arr":["106","114","125","304"],"angle":-17.8,"extra":1,"ei":0}},{"type":"Feature","geometry":{"type":"Point","coordinates":[20.526116,53.781853]},"properties":{"lines":"106, 114, 125, 304","color":"#0059a9","mode":"bus","arr":["106","114","125","304"],"angle":-30.6,"extra":1,"ei":1}},{"type":"Feature","geometry":{"type":"Point","coordinates":[20.51683,53.781601]},"properties":{"lines":"106, 114, 125, 304","color":"#0059a9","mode":"bus","arr":["106","114","125","304"],"angle":3.2,"extra":1,"ei":2}},{"type":"Feature","geometry":{"type":"Point","coordinates":[20.513636,53.781685]},"properties":{"lines":"106, 114, 125, 304","color":"#0059a9","mode":"bus","arr":["106","114","125","304"],"angle":-0.1,"extra":1,"ei":3}},{"type":"Feature","geometry":{"type":"Point","coordinates":[20.527556,53.778135]},"properties":{"lines":"106","color":"#0059a9","mode":"bus","arr":["106"],"angle":50.5}},{"type":"Feature","geometry":{"type":"Point","coordinates":[20.530574,53.775984]},"properties":{"lines":"106","color":"#0059a9","mode":"bus","arr":["106"],"angle":46.6,"extra":1,"ei":0}},{"type":"Feature","geometry":{"type":"Point","coordinates":[20.524883,53.7805]},"properties":{"lines":"106","color":"#0059a9","mode":"bus","arr":["106"],"angle":70.2,"extra":1,"ei":1}},{"type":"Feature","geometry":{"type":"Point","coordinates":[20.506349,53.78451]},"properties":{"lines":"106","color":"#0059a9","mode":"bus","arr":["106"],"angle":76.2,"side":-1}},{"type":"Feature","geometry":{"type":"Point","coordinates":[20.524053,53.780994]},"properties":{"lines":"106","color":"#0059a9","mode":"bus","arr":["106"],"angle":9.2,"side":-1,"mi":1}},{"type":"Feature","geometry":{"type":"Point","coordinates":[20.509959,53.781695]},"properties":{"lines":"106, 114, 125, 141, 304","color":"#0059a9","mode":"bus","arr":["106","114","125","141","304"],"angle":0.4}},{"type":"Feature","geometry":{"type":"Point","coordinates":[20.507752,53.781712]},"properties":{"lines":"106, 114, 125, 141, 304","color":"#0059a9","mode":"bus","arr":["106","114","125","141","304"],"angle":1.1,"extra":1,"ei":0}},{"type":"Feature","geometry":{"type":"Point","coordinates":[20.507196,53.783202]},"properties":{"lines":"106, 141","color":"#0059a9","mode":"bus","arr":["106","141"],"angle":73.5}},{"type":"Feature","geometry":{"type":"Point","coordinates":[20.503589,53.784872]},"properties":{"lines":"106, 121, 128","color":"#0059a9","mode":"bus","arr":["106","121","128"],"angle":-12.1}},{"type":"Feature","geometry":{"type":"Point","coordinates":[20.499899,53.784307]},"properties":{"lines":"106, 107, 121, 126, 128, 131, 132","color":"#0059a9","mode":"bus","arr":["106","107","121","126","128","131","132"],"angle":-6.7,"side":-1}},{"type":"Feature","geometry":{"type":"Point","coordinates":[20.499218,53.784549]},"properties":{"lines":"106, 121, 128","color":"#0059a9","mode":"bus","arr":["106","121","128"],"angle":-3.6,"mi":1}},{"type":"Feature","geometry":{"type":"Point","coordinates":[20.480352,53.780046]},"properties":{"lines":"106, 110, 117, 119, 135, 136, N02","color":"#0059a9","mode":"bus","arr":["106","110","117","119","135","136","N02"],"angle":-84.3}},{"type":"Feature","geometry":{"type":"Point","coordinates":[20.479546,53.781589]},"properties":{"lines":"106, 110, 117, 135, 136, N02","color":"#0059a9","mode":"bus","arr":["106","110","117","135","136","N02"],"angle":19}},{"type":"Feature","geometry":{"type":"Point","coordinates":[20.479334,53.781553]},"properties":{"lines":"106, 110, 117, 135, 136","color":"#0059a9","mode":"bus","arr":["106","110","117","135","136"],"angle":23.8,"side":-1}},{"type":"Feature","geometry":{"type":"Point","coordinates":[20.47156,53.779917]},"properties":{"lines":"106, 135","color":"#0059a9","mode":"bus","arr":["106","135"],"angle":-29.8,"side":-1}},{"type":"Feature","geometry":{"type":"Point","coordinates":[20.477269,53.781758]},"properties":{"lines":"106, 135","color":"#0059a9","mode":"bus","arr":["106","135"],"angle":-28.9,"extra":1,"ei":0}},{"type":"Feature","geometry":{"type":"Point","coordinates":[20.474389,53.780941]},"properties":{"lines":"106, 135","color":"#0059a9","mode":"bus","arr":["106","135"],"angle":-24.6,"extra":1,"ei":1}},{"type":"Feature","geometry":{"type":"Point","coordinates":[20.465858,53.778123]},"properties":{"lines":"106, 135","color":"#0059a9","mode":"bus","arr":["106","135"],"angle":-15,"extra":1,"ei":0,"side":-1}},{"type":"Feature","geometry":{"type":"Point","coordinates":[20.468733,53.778921]},"properties":{"lines":"106, 135","color":"#0059a9","mode":"bus","arr":["106","135"],"angle":-32.5,"extra":1,"ei":1,"side":-1}},{"type":"Feature","geometry":{"type":"Point","coordinates":[20.46731,53.778535]},"properties":{"lines":"106","color":"#0059a9","mode":"bus","arr":["106"],"angle":-28.2}},{"type":"Feature","geometry":{"type":"Point","coordinates":[20.465154,53.778143]},"properties":{"lines":"106","color":"#0059a9","mode":"bus","arr":["106"],"angle":-8.1,"extra":1,"ei":0}},{"type":"Feature","geometry":{"type":"Point","coordinates":[20.41765,53.799431]},"properties":{"lines":"106, 111, 145, N02","color":"#0059a9","mode":"bus","arr":["106","111","145","N02"],"angle":5.4}},{"type":"Feature","geometry":{"type":"Point","coordinates":[20.429733,53.796802]},"properties":{"lines":"106, 111, 145, N02","color":"#0059a9","mode":"bus","arr":["106","111","145","N02"],"angle":40.4,"extra":1,"ei":0}},{"type":"Feature","geometry":{"type":"Point","coordinates":[20.427176,53.797931]},"properties":{"lines":"106, 111, 145, N02","color":"#0059a9","mode":"bus","arr":["106","111","145","N02"],"angle":32.5,"extra":1,"ei":1}},{"type":"Feature","geometry":{"type":"Point","coordinates":[20.424546,53.799003]},"properties":{"lines":"106, 111, 145, N02","color":"#0059a9","mode":"bus","arr":["106","111","145","N02"],"angle":36.2,"extra":1,"ei":2}},{"type":"Feature","geometry":{"type":"Point","coordinates":[20.421604,53.799578]},"properties":{"lines":"106, 111, 145, N02","color":"#0059a9","mode":"bus","arr":["106","111","145","N02"],"angle":-6.1,"extra":1,"ei":3}},{"type":"Feature","geometry":{"type":"Point","coordinates":[20.415245,53.799615]},"properties":{"lines":"106, 111, 145, N02","color":"#0059a9","mode":"bus","arr":["106","111","145","N02"],"angle":10.7,"extra":1,"ei":4}},{"type":"Feature","geometry":{"type":"Point","coordinates":[20.412324,53.800355]},"properties":{"lines":"106, 111, 145, N02","color":"#0059a9","mode":"bus","arr":["106","111","145","N02"],"angle":33.4,"extra":1,"ei":5}},{"type":"Feature","geometry":{"type":"Point","coordinates":[20.409701,53.801433]},"properties":{"lines":"106, 111, 145, N02","color":"#0059a9","mode":"bus","arr":["106","111","145","N02"],"angle":29.3,"extra":1,"ei":6}},{"type":"Feature","geometry":{"type":"Point","coordinates":[20.406907,53.802345]},"properties":{"lines":"106, 111, 145, N02","color":"#0059a9","mode":"bus","arr":["106","111","145","N02"],"angle":33.7,"extra":1,"ei":7}},{"type":"Feature","geometry":{"type":"Point","coordinates":[20.400106,53.806043]},"properties":{"lines":"106, 111, N02","color":"#0059a9","mode":"bus","arr":["106","111","N02"],"angle":50}},{"type":"Feature","geometry":{"type":"Point","coordinates":[20.403064,53.803961]},"properties":{"lines":"106, 111, N02","color":"#0059a9","mode":"bus","arr":["106","111","N02"],"angle":39.7,"extra":1,"ei":0}},{"type":"Feature","geometry":{"type":"Point","coordinates":[20.396235,53.807788]},"properties":{"lines":"106, 111, N02","color":"#0059a9","mode":"bus","arr":["106","111","N02"],"angle":28.4,"extra":1,"ei":1}},{"type":"Feature","geometry":{"type":"Point","coordinates":[20.395063,53.808565]},"properties":{"lines":"106, 111, N02","color":"#0059a9","mode":"bus","arr":["106","111","N02"],"angle":45.6,"mi":1}},{"type":"Feature","geometry":{"type":"Point","coordinates":[20.498938,53.783898]},"properties":{"lines":"106, 107, 121, 126, 128, 131, 132","color":"#0059a9","mode":"bus","arr":["106","107","121","126","128","131","132"],"angle":89.5,"mi":1}},{"type":"Feature","geometry":{"type":"Point","coordinates":[20.505954,53.785065]},"properties":{"lines":"121, 128","color":"#0059a9","mode":"bus","arr":["121","128"],"angle":-15}},{"type":"Feature","geometry":{"type":"Point","coordinates":[20.531102,53.786247]},"properties":{"lines":"121, 128","color":"#0059a9","mode":"bus","arr":["121","128"],"angle":11.8}},{"type":"Feature","geometry":{"type":"Point","coordinates":[20.509667,53.78155]},"properties":{"lines":"106, 114, 115, 141, 304","color":"#0059a9","mode":"bus","arr":["106","114","115","141","304"],"angle":0.6,"side":-1}},{"type":"Feature","geometry":{"type":"Point","coordinates":[20.517457,53.78143]},"properties":{"lines":"106, 114, 115, 304","color":"#0059a9","mode":"bus","arr":["106","114","115","304"],"angle":3.3,"side":-1}},{"type":"Feature","geometry":{"type":"Point","coordinates":[20.527399,53.782121]},"properties":{"lines":"106, 114, 115, 304","color":"#0059a9","mode":"bus","arr":["106","114","115","304"],"angle":-29.6,"side":-1,"mi":1}},{"type":"Feature","geometry":{"type":"Point","coordinates":[20.513468,53.781537]},"properties":{"lines":"106, 114, 115, 304","color":"#0059a9","mode":"bus","arr":["106","114","115","304"],"angle":0.4,"extra":1,"ei":0,"side":-1}},{"type":"Feature","geometry":{"type":"Point","coordinates":[20.519847,53.781311]},"properties":{"lines":"106, 114, 115, 304","color":"#0059a9","mode":"bus","arr":["106","114","115","304"],"angle":9.1,"extra":1,"ei":1,"side":-1}},{"type":"Feature","geometry":{"type":"Point","coordinates":[20.503854,53.781573]},"properties":{"lines":"114, 115, 304","color":"#0059a9","mode":"bus","arr":["114","115","304"],"angle":0.6,"side":-1}},{"type":"Feature","geometry":{"type":"Point","coordinates":[20.523761,53.781123]},"properties":{"lines":"114, 115, 304","color":"#0059a9","mode":"bus","arr":["114","115","304"],"angle":-8.9}},{"type":"Feature","geometry":{"type":"Point","coordinates":[20.501843,53.781592]},"properties":{"lines":"114, 115, 304","color":"#0059a9","mode":"bus","arr":["114","115","304"],"angle":-0.7,"extra":1,"ei":0,"side":-1}},{"type":"Feature","geometry":{"type":"Point","coordinates":[20.53972,53.783925]},"properties":{"lines":"106, 121, 141","color":"#0059a9","mode":"bus","arr":["106","121","141"],"angle":-54.5}},{"type":"Feature","geometry":{"type":"Point","coordinates":[20.482286,53.796342]},"properties":{"lines":"107, 110, 117","color":"#0059a9","mode":"bus","arr":["107","110","117"],"angle":-1.8}},{"type":"Feature","geometry":{"type":"Point","coordinates":[20.490696,53.790635]},"properties":{"lines":"107","color":"#0059a9","mode":"bus","arr":["107"],"angle":68.7}},{"type":"Feature","geometry":{"type":"Point","coordinates":[20.487666,53.793498]},"properties":{"lines":"107, N02","color":"#0059a9","mode":"bus","arr":["107","N02"],"angle":47.9}},{"type":"Feature","geometry":{"type":"Point","coordinates":[20.483971,53.795555]},"properties":{"lines":"107, N02","color":"#0059a9","mode":"bus","arr":["107","N02"],"angle":41.2,"extra":1,"ei":0}},{"type":"Feature","geometry":{"type":"Point","coordinates":[20.490209,53.791313]},"properties":{"lines":"107, N02","color":"#0059a9","mode":"bus","arr":["107","N02"],"angle":65.6,"extra":1,"ei":1}},{"type":"Feature","geometry":{"type":"Point","coordinates":[20.490944,53.789919]},"properties":{"lines":"107, 108, 109, 112, 115, 124, 126, 131, 132, N02","color":"#0059a9","mode":"bus","arr":["107","108","109","112","115","124","126","131","132","N02"],"angle":70.2,"side":-1}},{"type":"Feature","geometry":{"type":"Point","coordinates":[20.497231,53.768744]},"properties":{"lines":"107, 111, 117, 135, N01","color":"#0059a9","mode":"bus","arr":["107","111","117","135","N01"],"angle":22.3}},{"type":"Feature","geometry":{"type":"Point","coordinates":[20.458775,53.776168]},"properties":{"lines":"107","color":"#0059a9","mode":"bus","arr":["107"],"angle":-36.9}},{"type":"Feature","geometry":{"type":"Point","coordinates":[20.461838,53.777642]},"properties":{"lines":"107","color":"#0059a9","mode":"bus","arr":["107"],"angle":-33.7,"extra":1,"ei":0}},{"type":"Feature","geometry":{"type":"Point","coordinates":[20.456748,53.775367]},"properties":{"lines":"107","color":"#0059a9","mode":"bus","arr":["107"],"angle":-31.3,"extra":1,"ei":1}},{"type":"Feature","geometry":{"type":"Point","coordinates":[20.449469,53.77294]},"properties":{"lines":"107, 113, 307, N02","color":"#0059a9","mode":"bus","arr":["107","113","307","N02"],"angle":-56.4,"side":-1}},{"type":"Feature","geometry":{"type":"Point","coordinates":[20.452584,53.77497]},"properties":{"lines":"107, 113, 307, N02","color":"#0059a9","mode":"bus","arr":["107","113","307","N02"],"angle":4.5,"extra":1,"ei":0}},{"type":"Feature","geometry":{"type":"Point","coordinates":[20.44542,53.77175]},"properties":{"lines":"107, 113, 307, N02","color":"#0059a9","mode":"bus","arr":["107","113","307","N02"],"angle":-15.6,"extra":1,"ei":0}},{"type":"Feature","geometry":{"type":"Point","coordinates":[20.435875,53.769558]},"properties":{"lines":"107, 113, N02","color":"#0059a9","mode":"bus","arr":["107","113","N02"],"angle":-16.2,"mi":6}},{"type":"Feature","geometry":{"type":"Point","coordinates":[20.441893,53.771158]},"properties":{"lines":"107, 113, N02","color":"#0059a9","mode":"bus","arr":["107","113","N02"],"angle":-24.7,"extra":1,"ei":0}},{"type":"Feature","geometry":{"type":"Point","coordinates":[20.439678,53.77023]},"properties":{"lines":"107, 113, N02","color":"#0059a9","mode":"bus","arr":["107","113","N02"],"angle":-23.5,"extra":1,"ei":1}},{"type":"Feature","geometry":{"type":"Point","coordinates":[20.433541,53.769182]},"properties":{"lines":"107, 113, N02","color":"#0059a9","mode":"bus","arr":["107","113","N02"],"angle":-14.8,"extra":1,"ei":2}},{"type":"Feature","geometry":{"type":"Point","coordinates":[20.430474,53.768651]},"properties":{"lines":"107, 113, N02","color":"#0059a9","mode":"bus","arr":["107","113","N02"],"angle":-18.7,"extra":1,"ei":3}},{"type":"Feature","geometry":{"type":"Point","coordinates":[20.42258,53.761822]},"properties":{"lines":"107, 113","color":"#0059a9","mode":"bus","arr":["107","113"],"angle":15.3}},{"type":"Feature","geometry":{"type":"Point","coordinates":[20.424622,53.761442]},"properties":{"lines":"107, 113","color":"#0059a9","mode":"bus","arr":["107","113"],"angle":-12.8,"extra":1,"ei":0}},{"type":"Feature","geometry":{"type":"Point","coordinates":[20.427992,53.764922]},"properties":{"lines":"107, 113, N02","color":"#0059a9","mode":"bus","arr":["107","113","N02"],"angle":-83.7,"mi":4}},{"type":"Feature","geometry":{"type":"Point","coordinates":[20.416441,53.76364]},"properties":{"lines":"107, 113, N02","color":"#0059a9","mode":"bus","arr":["107","113","N02"],"angle":71.8,"mi":5}},{"type":"Feature","geometry":{"type":"Point","coordinates":[20.426237,53.762998]},"properties":{"lines":"107, 113, N02","color":"#0059a9","mode":"bus","arr":["107","113","N02"],"angle":-65.8,"extra":1,"ei":0}},{"type":"Feature","geometry":{"type":"Point","coordinates":[20.42801,53.766481]},"properties":{"lines":"107, 113, N02","color":"#0059a9","mode":"bus","arr":["107","113","N02"],"angle":-89.9,"extra":1,"ei":1}},{"type":"Feature","geometry":{"type":"Point","coordinates":[20.416492,53.764927]},"properties":{"lines":"107, 113, N02","color":"#0059a9","mode":"bus","arr":["107","113","N02"],"angle":-70.6,"extra":1,"ei":0}},{"type":"Feature","geometry":{"type":"Point","coordinates":[20.416681,53.765993]},"properties":{"lines":"107, 113, N02","color":"#0059a9","mode":"bus","arr":["107","113","N02"],"angle":34.8}},{"type":"Feature","geometry":{"type":"Point","coordinates":[20.416574,53.76693]},"properties":{"lines":"107, 113, N02","color":"#0059a9","mode":"bus","arr":["107","113","N02"],"angle":-67.3,"mi":2}},{"type":"Feature","geometry":{"type":"Point","coordinates":[20.417131,53.767895]},"properties":{"lines":"107, 113, N02","color":"#0059a9","mode":"bus","arr":["107","113","N02"],"angle":-85.7,"mi":3}},{"type":"Feature","geometry":{"type":"Point","coordinates":[20.417357,53.768363]},"properties":{"lines":"107, N02","color":"#0059a9","mode":"bus","arr":["107","N02"],"angle":-57.2}},{"type":"Feature","geometry":{"type":"Point","coordinates":[20.411034,53.769588]},"properties":{"lines":"107","color":"#0059a9","mode":"bus","arr":["107"],"angle":15.7,"side":-1}},{"type":"Feature","geometry":{"type":"Point","coordinates":[20.416295,53.768941]},"properties":{"lines":"107","color":"#0059a9","mode":"bus","arr":["107"],"angle":4.8,"extra":1,"ei":0}},{"type":"Feature","geometry":{"type":"Point","coordinates":[20.41318,53.769347]},"properties":{"lines":"107","color":"#0059a9","mode":"bus","arr":["107"],"angle":15.6,"extra":1,"ei":1}},{"type":"Feature","geometry":{"type":"Point","coordinates":[20.405807,53.770339]},"properties":{"lines":"107","color":"#0059a9","mode":"bus","arr":["107"],"angle":2.1,"extra":1,"ei":0}},{"type":"Feature","geometry":{"type":"Point","coordinates":[20.408915,53.769947]},"properties":{"lines":"107","color":"#0059a9","mode":"bus","arr":["107"],"angle":16.1,"extra":1,"ei":1,"side":-1}},{"type":"Feature","geometry":{"type":"Point","coordinates":[20.386947,53.77078]},"properties":{"lines":"107","color":"#0059a9","mode":"bus","arr":["107"],"angle":-12.4}},{"type":"Feature","geometry":{"type":"Point","coordinates":[20.402623,53.770425]},"properties":{"lines":"107","color":"#0059a9","mode":"bus","arr":["107"],"angle":11.8,"extra":1,"ei":0}},{"type":"Feature","geometry":{"type":"Point","coordinates":[20.399518,53.770873]},"properties":{"lines":"107","color":"#0059a9","mode":"bus","arr":["107"],"angle":11.3,"extra":1,"ei":1}},{"type":"Feature","geometry":{"type":"Point","coordinates":[20.396335,53.77103]},"properties":{"lines":"107","color":"#0059a9","mode":"bus","arr":["107"],"angle":2.9,"extra":1,"ei":2}},{"type":"Feature","geometry":{"type":"Point","coordinates":[20.393142,53.771119]},"properties":{"lines":"107","color":"#0059a9","mode":"bus","arr":["107"],"angle":1.8,"extra":1,"ei":3}},{"type":"Feature","geometry":{"type":"Point","coordinates":[20.389947,53.771118]},"properties":{"lines":"107","color":"#0059a9","mode":"bus","arr":["107"],"angle":-5.6,"extra":1,"ei":4}},{"type":"Feature","geometry":{"type":"Point","coordinates":[20.383802,53.770402]},"properties":{"lines":"107","color":"#0059a9","mode":"bus","arr":["107"],"angle":45.5,"extra":1,"ei":5}},{"type":"Feature","geometry":{"type":"Point","coordinates":[20.382773,53.772188]},"properties":{"lines":"107","color":"#0059a9","mode":"bus","arr":["107"],"angle":67.7,"extra":1,"ei":6}},{"type":"Feature","geometry":{"type":"Point","coordinates":[20.381526,53.773927]},"properties":{"lines":"107","color":"#0059a9","mode":"bus","arr":["107"],"angle":67.1,"extra":1,"ei":7}},{"type":"Feature","geometry":{"type":"Point","coordinates":[20.380466,53.775706]},"properties":{"lines":"107","color":"#0059a9","mode":"bus","arr":["107"],"angle":74.8,"extra":1,"ei":8}},{"type":"Feature","geometry":{"type":"Point","coordinates":[20.379637,53.77753]},"properties":{"lines":"107","color":"#0059a9","mode":"bus","arr":["107"],"angle":73.3,"extra":1,"ei":9}},{"type":"Feature","geometry":{"type":"Point","coordinates":[20.385285,53.770473]},"properties":{"lines":"107","color":"#0059a9","mode":"bus","arr":["107"],"angle":-15,"side":-1,"mi":1}},{"type":"Feature","geometry":{"type":"Point","coordinates":[20.375343,53.779574]},"properties":{"lines":"107","color":"#0059a9","mode":"bus","arr":["107"],"angle":30.8}},{"type":"Feature","geometry":{"type":"Point","coordinates":[20.377774,53.778779]},"properties":{"lines":"107","color":"#0059a9","mode":"bus","arr":["107"],"angle":30.5,"extra":1,"ei":0}},{"type":"Feature","geometry":{"type":"Point","coordinates":[20.373175,53.781235]},"properties":{"lines":"107","color":"#0059a9","mode":"bus","arr":["107"],"angle":76.7,"extra":1,"ei":1}},{"type":"Feature","geometry":{"type":"Point","coordinates":[20.373113,53.781881]},"properties":{"lines":"107","color":"#0059a9","mode":"bus","arr":["107"],"angle":86.6,"mi":1}},{"type":"Feature","geometry":{"type":"Point","coordinates":[20.422321,53.762867]},"properties":{"lines":"107, 113, N02","color":"#0059a9","mode":"bus","arr":["107","113","N02"],"angle":3.6,"mi":1}},{"type":"Feature","geometry":{"type":"Point","coordinates":[20.499107,53.784618]},"properties":{"lines":"107, 126, 131, 132","color":"#0059a9","mode":"bus","arr":["107","126","131","132"],"angle":-0.5}},{"type":"Feature","geometry":{"type":"Point","coordinates":[20.497544,53.784579]},"properties":{"lines":"107, 108, 112, 124, 125, 126, 131, 132, N02","color":"#0059a9","mode":"bus","arr":["107","108","112","124","125","126","131","132","N02"],"angle":14,"mi":1}},{"type":"Feature","geometry":{"type":"Point","coordinates":[20.495929,53.784713]},"properties":{"lines":"107, 108, 112, 124, 125, 126, 131, 132, N02","color":"#0059a9","mode":"bus","arr":["107","108","112","124","125","126","131","132","N02"],"angle":-16.7}},{"type":"Feature","geometry":{"type":"Point","coordinates":[20.493227,53.784108]},"properties":{"lines":"107, 108, 112, 124, 125, 126, 131, 132, N02","color":"#0059a9","mode":"bus","arr":["107","108","112","124","125","126","131","132","N02"],"angle":-21.2,"mi":2}},{"type":"Feature","geometry":{"type":"Point","coordinates":[20.491799,53.790503]},"properties":{"lines":"108, 109, 112, 124, 125, 126, 131, 132, 136","color":"#0059a9","mode":"bus","arr":["108","109","112","124","125","126","131","132","136"],"angle":-47.1}},{"type":"Feature","geometry":{"type":"Point","coordinates":[20.495031,53.792258]},"properties":{"lines":"108, 109, 112, 115, 124, 125, 126, 131, 132, 136","color":"#0059a9","mode":"bus","arr":["108","109","112","115","124","125","126","131","132","136"],"angle":-44.8}},{"type":"Feature","geometry":{"type":"Point","coordinates":[20.493245,53.791299]},"properties":{"lines":"108, 109, 112, 115, 124, 125, 126, 131, 132, 136","color":"#0059a9","mode":"bus","arr":["108","109","112","115","124","125","126","131","132","136"],"angle":-41,"extra":1,"ei":0}},{"type":"Feature","geometry":{"type":"Point","coordinates":[20.496952,53.79429]},"properties":{"lines":"108, 109, 112, 115, 124, 125, 126, 131, 132, 136","color":"#0059a9","mode":"bus","arr":["108","109","112","115","124","125","126","131","132","136"],"angle":-65.3,"extra":1,"ei":1}},{"type":"Feature","geometry":{"type":"Point","coordinates":[20.499235,53.796483]},"properties":{"lines":"108, 109, 112, 126, 136","color":"#0059a9","mode":"bus","arr":["108","109","112","126","136"],"angle":-54.1}},{"type":"Feature","geometry":{"type":"Point","coordinates":[20.49773,53.795135]},"properties":{"lines":"108, 109, 112, 126, 136","color":"#0059a9","mode":"bus","arr":["108","109","112","126","136"],"angle":-57.8,"extra":1,"ei":0}},{"type":"Feature","geometry":{"type":"Point","coordinates":[20.501537,53.79816]},"properties":{"lines":"108, 109, 112, 126, 136","color":"#0059a9","mode":"bus","arr":["108","109","112","126","136"],"angle":-50.9,"extra":1,"ei":1}},{"type":"Feature","geometry":{"type":"Point","coordinates":[20.503838,53.800688]},"properties":{"lines":"108, 112, 126, 136","color":"#0059a9","mode":"bus","arr":["108","112","126","136"],"angle":-58.5}},{"type":"Feature","geometry":{"type":"Point","coordinates":[20.502684,53.799317]},"properties":{"lines":"108, 112, 126, 136","color":"#0059a9","mode":"bus","arr":["108","112","126","136"],"angle":-62,"extra":1,"ei":0}},{"type":"Feature","geometry":{"type":"Point","coordinates":[20.506166,53.802455]},"properties":{"lines":"108, 112, 126, 136","color":"#0059a9","mode":"bus","arr":["108","112","126","136"],"angle":-50.5,"extra":1,"ei":1}},{"type":"Feature","geometry":{"type":"Point","coordinates":[20.511612,53.80674]},"properties":{"lines":"108, 112, 126","color":"#0059a9","mode":"bus","arr":["108","112","126"],"angle":-51.4}},{"type":"Feature","geometry":{"type":"Point","coordinates":[20.516365,53.809396]},"properties":{"lines":"108, 112, 126","color":"#0059a9","mode":"bus","arr":["108","112","126"],"angle":-36.1,"extra":1,"ei":0}},{"type":"Feature","geometry":{"type":"Point","coordinates":[20.51389,53.808205]},"properties":{"lines":"108, 112, 126","color":"#0059a9","mode":"bus","arr":["108","112","126"],"angle":-46.5,"extra":1,"ei":1}},{"type":"Feature","geometry":{"type":"Point","coordinates":[20.509732,53.805346]},"properties":{"lines":"108, 112, 126","color":"#0059a9","mode":"bus","arr":["108","112","126"],"angle":-45.5,"extra":1,"ei":2}},{"type":"Feature","geometry":{"type":"Point","coordinates":[20.507774,53.803866]},"properties":{"lines":"108, 112, 126","color":"#0059a9","mode":"bus","arr":["108","112","126"],"angle":-57.8,"extra":1,"ei":3}},{"type":"Feature","geometry":{"type":"Point","coordinates":[20.517479,53.809349]},"properties":{"lines":"108, 112","color":"#0059a9","mode":"bus","arr":["108","112"],"angle":-29.9,"side":-1,"mi":4}},{"type":"Feature","geometry":{"type":"Point","coordinates":[20.536117,53.848455]},"properties":{"lines":"108, 112","color":"#0059a9","mode":"bus","arr":["108","112"],"angle":-70.4}},{"type":"Feature","geometry":{"type":"Point","coordinates":[20.52328,53.818043]},"properties":{"lines":"108, 112","color":"#0059a9","mode":"bus","arr":["108","112"],"angle":-74.3,"extra":1,"ei":0}},{"type":"Feature","geometry":{"type":"Point","coordinates":[20.524184,53.819854]},"properties":{"lines":"108, 112","color":"#0059a9","mode":"bus","arr":["108","112"],"angle":-73.6,"extra":1,"ei":1}},{"type":"Feature","geometry":{"type":"Point","coordinates":[20.525376,53.821594]},"properties":{"lines":"108, 112","color":"#0059a9","mode":"bus","arr":["108","112"],"angle":-61,"extra":1,"ei":2}},{"type":"Feature","geometry":{"type":"Point","coordinates":[20.526739,53.8233]},"properties":{"lines":"108, 112","color":"#0059a9","mode":"bus","arr":["108","112"],"angle":-70.3,"extra":1,"ei":3}},{"type":"Feature","geometry":{"type":"Point","coordinates":[20.527565,53.825124]},"properties":{"lines":"108, 112","color":"#0059a9","mode":"bus","arr":["108","112"],"angle":-75.9,"extra":1,"ei":4}},{"type":"Feature","geometry":{"type":"Point","coordinates":[20.527839,53.826981]},"properties":{"lines":"108, 112","color":"#0059a9","mode":"bus","arr":["108","112"],"angle":83.2,"extra":1,"ei":5}},{"type":"Feature","geometry":{"type":"Point","coordinates":[20.52773,53.828865]},"properties":{"lines":"108, 112","color":"#0059a9","mode":"bus","arr":["108","112"],"angle":89.9,"extra":1,"ei":6}},{"type":"Feature","geometry":{"type":"Point","coordinates":[20.527512,53.830748]},"properties":{"lines":"108, 112","color":"#0059a9","mode":"bus","arr":["108","112"],"angle":85.7,"extra":1,"ei":7}},{"type":"Feature","geometry":{"type":"Point","coordinates":[20.52721,53.832628]},"properties":{"lines":"108, 112","color":"#0059a9","mode":"bus","arr":["108","112"],"angle":84.2,"extra":1,"ei":8}},{"type":"Feature","geometry":{"type":"Point","coordinates":[20.528093,53.834319]},"properties":{"lines":"108, 112","color":"#0059a9","mode":"bus","arr":["108","112"],"angle":-43.5,"extra":1,"ei":9}},{"type":"Feature","geometry":{"type":"Point","coordinates":[20.530213,53.83573]},"properties":{"lines":"108, 112","color":"#0059a9","mode":"bus","arr":["108","112"],"angle":-50.7,"extra":1,"ei":10}},{"type":"Feature","geometry":{"type":"Point","coordinates":[20.531988,53.837295]},"properties":{"lines":"108, 112","color":"#0059a9","mode":"bus","arr":["108","112"],"angle":-72.5,"extra":1,"ei":11}},{"type":"Feature","geometry":{"type":"Point","coordinates":[20.531724,53.839116]},"properties":{"lines":"108, 112","color":"#0059a9","mode":"bus","arr":["108","112"],"angle":-72.6,"extra":1,"ei":12}},{"type":"Feature","geometry":{"type":"Point","coordinates":[20.532876,53.840877]},"properties":{"lines":"108, 112","color":"#0059a9","mode":"bus","arr":["108","112"],"angle":-69.2,"extra":1,"ei":13}},{"type":"Feature","geometry":{"type":"Point","coordinates":[20.533727,53.842694]},"properties":{"lines":"108, 112","color":"#0059a9","mode":"bus","arr":["108","112"],"angle":-63.7,"extra":1,"ei":14}},{"type":"Feature","geometry":{"type":"Point","coordinates":[20.534429,53.84441]},"properties":{"lines":"108, 112","color":"#0059a9","mode":"bus","arr":["108","112"],"angle":-75.8,"extra":1,"ei":15}},{"type":"Feature","geometry":{"type":"Point","coordinates":[20.534821,53.84628]},"properties":{"lines":"108, 112","color":"#0059a9","mode":"bus","arr":["108","112"],"angle":-87,"extra":1,"ei":16}},{"type":"Feature","geometry":{"type":"Point","coordinates":[20.537509,53.849513]},"properties":{"lines":"108, 112","color":"#0059a9","mode":"bus","arr":["108","112"],"angle":-29.3,"extra":1,"ei":17}},{"type":"Feature","geometry":{"type":"Point","coordinates":[20.540346,53.850378]},"properties":{"lines":"108, 112","color":"#0059a9","mode":"bus","arr":["108","112"],"angle":-37.9,"extra":1,"ei":18}},{"type":"Feature","geometry":{"type":"Point","coordinates":[20.542366,53.851823]},"properties":{"lines":"108, 112","color":"#0059a9","mode":"bus","arr":["108","112"],"angle":-72.6,"extra":1,"ei":19}},{"type":"Feature","geometry":{"type":"Point","coordinates":[20.542555,53.853704]},"properties":{"lines":"108, 112","color":"#0059a9","mode":"bus","arr":["108","112"],"angle":-88.6,"extra":1,"ei":20}},{"type":"Feature","geometry":{"type":"Point","coordinates":[20.541422,53.854972]},"properties":{"lines":"108, 112","color":"#0059a9","mode":"bus","arr":["108","112"],"angle":7.2,"extra":1,"ei":21}},{"type":"Feature","geometry":{"type":"Point","coordinates":[20.538414,53.855602]},"properties":{"lines":"108, 112","color":"#0059a9","mode":"bus","arr":["108","112"],"angle":23.9,"extra":1,"ei":22}},{"type":"Feature","geometry":{"type":"Point","coordinates":[20.535405,53.856191]},"properties":{"lines":"108, 112","color":"#0059a9","mode":"bus","arr":["108","112"],"angle":2,"extra":1,"ei":23}},{"type":"Feature","geometry":{"type":"Point","coordinates":[20.532225,53.856223]},"properties":{"lines":"108, 112","color":"#0059a9","mode":"bus","arr":["108","112"],"angle":4.9,"extra":1,"ei":24}},{"type":"Feature","geometry":{"type":"Point","coordinates":[20.529111,53.855853]},"properties":{"lines":"108, 112","color":"#0059a9","mode":"bus","arr":["108","112"],"angle":-16.7,"extra":1,"ei":25}},{"type":"Feature","geometry":{"type":"Point","coordinates":[20.526576,53.855481]},"properties":{"lines":"108, 112","color":"#0059a9","mode":"bus","arr":["108","112"],"angle":-12.8,"extra":1,"ei":26}},{"type":"Feature","geometry":{"type":"Point","coordinates":[20.523428,53.855804]},"properties":{"lines":"108, 112","color":"#0059a9","mode":"bus","arr":["108","112"],"angle":9,"extra":1,"ei":27}},{"type":"Feature","geometry":{"type":"Point","coordinates":[20.520302,53.856195]},"properties":{"lines":"108, 112","color":"#0059a9","mode":"bus","arr":["108","112"],"angle":13.4,"extra":1,"ei":28}},{"type":"Feature","geometry":{"type":"Point","coordinates":[20.517281,53.856778]},"properties":{"lines":"108, 112","color":"#0059a9","mode":"bus","arr":["108","112"],"angle":25.7,"extra":1,"ei":29}},{"type":"Feature","geometry":{"type":"Point","coordinates":[20.514436,53.857601]},"properties":{"lines":"108, 112","color":"#0059a9","mode":"bus","arr":["108","112"],"angle":35.7,"extra":1,"ei":30}},{"type":"Feature","geometry":{"type":"Point","coordinates":[20.511485,53.858287]},"properties":{"lines":"108, 112","color":"#0059a9","mode":"bus","arr":["108","112"],"angle":15.7,"extra":1,"ei":31}},{"type":"Feature","geometry":{"type":"Point","coordinates":[20.508401,53.85877]},"properties":{"lines":"108, 112","color":"#0059a9","mode":"bus","arr":["108","112"],"angle":17.9,"extra":1,"ei":32}},{"type":"Feature","geometry":{"type":"Point","coordinates":[20.505272,53.858583]},"properties":{"lines":"108, 112","color":"#0059a9","mode":"bus","arr":["108","112"],"angle":-25.4,"extra":1,"ei":33}},{"type":"Feature","geometry":{"type":"Point","coordinates":[20.502461,53.857728]},"properties":{"lines":"108, 112","color":"#0059a9","mode":"bus","arr":["108","112"],"angle":-11.4,"extra":1,"ei":34}},{"type":"Feature","geometry":{"type":"Point","coordinates":[20.495696,53.850517]},"properties":{"lines":"108, 112","color":"#0059a9","mode":"bus","arr":["108","112"],"angle":-56.5}},{"type":"Feature","geometry":{"type":"Point","coordinates":[20.486353,53.844121]},"properties":{"lines":"108, 112","color":"#0059a9","mode":"bus","arr":["108","112"],"angle":-44,"extra":1,"ei":0}},{"type":"Feature","geometry":{"type":"Point","coordinates":[20.48869,53.8454]},"properties":{"lines":"108, 112","color":"#0059a9","mode":"bus","arr":["108","112"],"angle":-37,"extra":1,"ei":1}},{"type":"Feature","geometry":{"type":"Point","coordinates":[20.49122,53.846555]},"properties":{"lines":"108, 112","color":"#0059a9","mode":"bus","arr":["108","112"],"angle":-41.9,"extra":1,"ei":2}},{"type":"Feature","geometry":{"type":"Point","coordinates":[20.493039,53.848093]},"properties":{"lines":"108, 112","color":"#0059a9","mode":"bus","arr":["108","112"],"angle":-59.7,"extra":1,"ei":3}},{"type":"Feature","geometry":{"type":"Point","coordinates":[20.498625,53.852642]},"properties":{"lines":"108, 112","color":"#0059a9","mode":"bus","arr":["108","112"],"angle":-59.6,"extra":1,"ei":4}},{"type":"Feature","geometry":{"type":"Point","coordinates":[20.49992,53.854335]},"properties":{"lines":"108, 112","color":"#0059a9","mode":"bus","arr":["108","112"],"angle":-73.4,"extra":1,"ei":5}},{"type":"Feature","geometry":{"type":"Point","coordinates":[20.498406,53.855914]},"properties":{"lines":"108, 112","color":"#0059a9","mode":"bus","arr":["108","112"],"angle":66.9,"extra":1,"ei":6}},{"type":"Feature","geometry":{"type":"Point","coordinates":[20.499536,53.857474]},"properties":{"lines":"108, 112","color":"#0059a9","mode":"bus","arr":["108","112"],"angle":-30.7,"extra":1,"ei":7}},{"type":"Feature","geometry":{"type":"Point","coordinates":[20.521744,53.81305]},"properties":{"lines":"108, 112","color":"#0059a9","mode":"bus","arr":["108","112"],"angle":-51.8,"mi":3}},{"type":"Feature","geometry":{"type":"Point","coordinates":[20.518703,53.810662]},"properties":{"lines":"108, 112","color":"#0059a9","mode":"bus","arr":["108","112"],"angle":-52.5,"extra":1,"ei":0}},{"type":"Feature","geometry":{"type":"Point","coordinates":[20.523736,53.815395]},"properties":{"lines":"108, 112","color":"#0059a9","mode":"bus","arr":["108","112"],"angle":88.1,"extra":1,"ei":1}},{"type":"Feature","geometry":{"type":"Point","coordinates":[20.517302,53.818448]},"properties":{"lines":"108, 112","color":"#0059a9","mode":"bus","arr":["108","112"],"angle":36.9}},{"type":"Feature","geometry":{"type":"Point","coordinates":[20.506279,53.821555]},"properties":{"lines":"108, 112","color":"#0059a9","mode":"bus","arr":["108","112"],"angle":2.5,"mi":2}},{"type":"Feature","geometry":{"type":"Point","coordinates":[20.522389,53.817243]},"properties":{"lines":"108, 112","color":"#0059a9","mode":"bus","arr":["108","112"],"angle":17.5,"extra":1,"ei":0}},{"type":"Feature","geometry":{"type":"Point","coordinates":[20.519339,53.81781]},"properties":{"lines":"108, 112","color":"#0059a9","mode":"bus","arr":["108","112"],"angle":17.4,"extra":1,"ei":1}},{"type":"Feature","geometry":{"type":"Point","coordinates":[20.514126,53.819927]},"properties":{"lines":"108, 112","color":"#0059a9","mode":"bus","arr":["108","112"],"angle":28.5,"extra":1,"ei":2}},{"type":"Feature","geometry":{"type":"Point","coordinates":[20.504133,53.821548]},"properties":{"lines":"108, 112","color":"#0059a9","mode":"bus","arr":["108","112"],"angle":-0.9,"extra":1,"ei":0}},{"type":"Feature","geometry":{"type":"Point","coordinates":[20.501831,53.857682]},"properties":{"lines":"108","color":"#0059a9","mode":"bus","arr":["108"],"angle":-4.8}},{"type":"Feature","geometry":{"type":"Point","coordinates":[20.476355,53.836352]},"properties":{"lines":"108","color":"#0059a9","mode":"bus","arr":["108"],"angle":32.5}},{"type":"Feature","geometry":{"type":"Point","coordinates":[20.481921,53.839124]},"properties":{"lines":"108, 112","color":"#0059a9","mode":"bus","arr":["108","112"],"angle":-67.4}},{"type":"Feature","geometry":{"type":"Point","coordinates":[20.477957,53.83641]},"properties":{"lines":"108, 112","color":"#0059a9","mode":"bus","arr":["108","112"],"angle":-26.8,"extra":1,"ei":0}},{"type":"Feature","geometry":{"type":"Point","coordinates":[20.480599,53.837376]},"properties":{"lines":"108, 112","color":"#0059a9","mode":"bus","arr":["108","112"],"angle":-63,"extra":1,"ei":1}},{"type":"Feature","geometry":{"type":"Point","coordinates":[20.483204,53.840825]},"properties":{"lines":"108, 112","color":"#0059a9","mode":"bus","arr":["108","112"],"angle":-65.4,"extra":1,"ei":2}},{"type":"Feature","geometry":{"type":"Point","coordinates":[20.484536,53.842541]},"properties":{"lines":"108, 112","color":"#0059a9","mode":"bus","arr":["108","112"],"angle":-65.3,"extra":1,"ei":3}},{"type":"Feature","geometry":{"type":"Point","coordinates":[20.475241,53.835953]},"properties":{"lines":"108, 110, 112","color":"#0059a9","mode":"bus","arr":["108","110","112"],"angle":-12.6,"mi":1}},{"type":"Feature","geometry":{"type":"Point","coordinates":[20.474487,53.829897]},"properties":{"lines":"108, 110, 112","color":"#0059a9","mode":"bus","arr":["108","110","112"],"angle":80.2}},{"type":"Feature","geometry":{"type":"Point","coordinates":[20.474999,53.834959]},"properties":{"lines":"108, 110, 112","color":"#0059a9","mode":"bus","arr":["108","110","112"],"angle":-88.3,"extra":1,"ei":0}},{"type":"Feature","geometry":{"type":"Point","coordinates":[20.473261,53.833683]},"properties":{"lines":"108, 110, 112","color":"#0059a9","mode":"bus","arr":["108","110","112"],"angle":78.9,"extra":1,"ei":1}},{"type":"Feature","geometry":{"type":"Point","coordinates":[20.473907,53.831834]},"properties":{"lines":"108, 110, 112","color":"#0059a9","mode":"bus","arr":["108","110","112"],"angle":78.8,"extra":1,"ei":2}},{"type":"Feature","geometry":{"type":"Point","coordinates":[20.475012,53.828113]},"properties":{"lines":"108, 110, 112","color":"#0059a9","mode":"bus","arr":["108","110","112"],"angle":79.7,"extra":1,"ei":3}},{"type":"Feature","geometry":{"type":"Point","coordinates":[20.475569,53.826254]},"properties":{"lines":"108, 110, 112","color":"#0059a9","mode":"bus","arr":["108","110","112"],"angle":80.4,"extra":1,"ei":4}},{"type":"Feature","geometry":{"type":"Point","coordinates":[20.476105,53.824392]},"properties":{"lines":"108, 110, 112","color":"#0059a9","mode":"bus","arr":["108","110","112"],"angle":80.3,"extra":1,"ei":5}},{"type":"Feature","geometry":{"type":"Point","coordinates":[20.484585,53.823067]},"properties":{"lines":"108, 112, 117","color":"#0059a9","mode":"bus","arr":["108","112","117"],"angle":9.1}},{"type":"Feature","geometry":{"type":"Point","coordinates":[20.478733,53.822435]},"properties":{"lines":"108, 112, 117","color":"#0059a9","mode":"bus","arr":["108","112","117"],"angle":2.4,"extra":1,"ei":0}},{"type":"Feature","geometry":{"type":"Point","coordinates":[20.481855,53.822827]},"properties":{"lines":"108, 112, 117","color":"#0059a9","mode":"bus","arr":["108","112","117"],"angle":-15.8,"extra":1,"ei":1}},{"type":"Feature","geometry":{"type":"Point","coordinates":[20.488107,53.822715]},"properties":{"lines":"108, 112, 117","color":"#0059a9","mode":"bus","arr":["108","112","117"],"angle":-0.3,"extra":1,"ei":2}},{"type":"Feature","geometry":{"type":"Point","coordinates":[20.491252,53.822431]},"properties":{"lines":"108, 112, 117","color":"#0059a9","mode":"bus","arr":["108","112","117"],"angle":13.4,"extra":1,"ei":3}},{"type":"Feature","geometry":{"type":"Point","coordinates":[20.493033,53.822268]},"properties":{"lines":"108","color":"#0059a9","mode":"bus","arr":["108"],"angle":6.7,"side":-1}},{"type":"Feature","geometry":{"type":"Point","coordinates":[20.49841,53.822461]},"properties":{"lines":"108, 112","color":"#0059a9","mode":"bus","arr":["108","112"],"angle":-6.3,"mi":5}},{"type":"Feature","geometry":{"type":"Point","coordinates":[20.495605,53.822217]},"properties":{"lines":"108, 112","color":"#0059a9","mode":"bus","arr":["108","112"],"angle":-8,"extra":1,"ei":0}},{"type":"Feature","geometry":{"type":"Point","coordinates":[20.501757,53.821852]},"properties":{"lines":"108, 112","color":"#0059a9","mode":"bus","arr":["108","112"],"angle":24.3,"extra":1,"ei":1}},{"type":"Feature","geometry":{"type":"Point","coordinates":[20.510678,53.821063]},"properties":{"lines":"108, 112","color":"#0059a9","mode":"bus","arr":["108","112"],"angle":17.6,"mi":1}},{"type":"Feature","geometry":{"type":"Point","coordinates":[20.491509,53.790434]},"properties":{"lines":"108, 109, 112, 115, 124, 126, 131, 132, 136","color":"#0059a9","mode":"bus","arr":["108","109","112","115","124","126","131","132","136"],"angle":-40.2}},{"type":"Feature","geometry":{"type":"Point","coordinates":[20.488636,53.781507]},"properties":{"lines":"109","color":"#0059a9","mode":"bus","arr":["109"],"angle":33.2,"side":-1}},{"type":"Feature","geometry":{"type":"Point","coordinates":[20.491329,53.781386]},"properties":{"lines":"109","color":"#0059a9","mode":"bus","arr":["109"],"angle":25.6,"mi":1}},{"type":"Feature","geometry":{"type":"Point","coordinates":[20.489787,53.780023]},"properties":{"lines":"109","color":"#0059a9","mode":"bus","arr":["109"],"angle":26,"mi":2}},{"type":"Feature","geometry":{"type":"Point","coordinates":[20.447675,53.749483]},"properties":{"lines":"109, N02","color":"#0059a9","mode":"bus","arr":["109","N02"],"angle":87.1}},{"type":"Feature","geometry":{"type":"Point","coordinates":[20.44825,53.748007]},"properties":{"lines":"109, N02","color":"#0059a9","mode":"bus","arr":["109","N02"],"angle":62.3,"extra":1,"ei":0}},{"type":"Feature","geometry":{"type":"Point","coordinates":[20.448427,53.751603]},"properties":{"lines":"109, N02","color":"#0059a9","mode":"bus","arr":["109","N02"],"angle":-47.1,"extra":1,"ei":1}},{"type":"Feature","geometry":{"type":"Point","coordinates":[20.528846,53.769401]},"properties":{"lines":"110, 135","color":"#0059a9","mode":"bus","arr":["110","135"],"angle":-44.7}},{"type":"Feature","geometry":{"type":"Point","coordinates":[20.521268,53.769581]},"properties":{"lines":"110, 135","color":"#0059a9","mode":"bus","arr":["110","135"],"angle":3,"mi":1}},{"type":"Feature","geometry":{"type":"Point","coordinates":[20.527496,53.769916]},"properties":{"lines":"110, 135","color":"#0059a9","mode":"bus","arr":["110","135"],"angle":18.3,"extra":1,"ei":0}},{"type":"Feature","geometry":{"type":"Point","coordinates":[20.524379,53.769916]},"properties":{"lines":"110, 135","color":"#0059a9","mode":"bus","arr":["110","135"],"angle":-13.4,"extra":1,"ei":1}},{"type":"Feature","geometry":{"type":"Point","coordinates":[20.518103,53.769921]},"properties":{"lines":"110, 135","color":"#0059a9","mode":"bus","arr":["110","135"],"angle":10.6,"extra":1,"ei":2}},{"type":"Feature","geometry":{"type":"Point","coordinates":[20.514934,53.770152]},"properties":{"lines":"110, 135","color":"#0059a9","mode":"bus","arr":["110","135"],"angle":-3.4,"extra":1,"ei":3}},{"type":"Feature","geometry":{"type":"Point","coordinates":[20.511835,53.769931]},"properties":{"lines":"110","color":"#0059a9","mode":"bus","arr":["110"],"angle":14.9}},{"type":"Feature","geometry":{"type":"Point","coordinates":[20.509491,53.770434]},"properties":{"lines":"110","color":"#0059a9","mode":"bus","arr":["110"],"angle":22,"mi":1}},{"type":"Feature","geometry":{"type":"Point","coordinates":[20.511634,53.774851]},"properties":{"lines":"110, 121, 141","color":"#0059a9","mode":"bus","arr":["110","121","141"],"angle":-75.7}},{"type":"Feature","geometry":{"type":"Point","coordinates":[20.509963,53.771492]},"properties":{"lines":"110, 121, 141","color":"#0059a9","mode":"bus","arr":["110","121","141"],"angle":-66.4,"extra":1,"ei":0,"side":-1}},{"type":"Feature","geometry":{"type":"Point","coordinates":[20.511124,53.773251]},"properties":{"lines":"110, 121, 141","color":"#0059a9","mode":"bus","arr":["110","121","141"],"angle":-72.6,"extra":1,"ei":1,"side":-1}},{"type":"Feature","geometry":{"type":"Point","coordinates":[20.51242,53.778273]},"properties":{"lines":"110, 121, 141","color":"#0059a9","mode":"bus","arr":["110","121","141"],"angle":84.7,"extra":1,"ei":0,"side":-1}},{"type":"Feature","geometry":{"type":"Point","coordinates":[20.512295,53.776394]},"properties":{"lines":"110, 121, 141","color":"#0059a9","mode":"bus","arr":["110","121","141"],"angle":-76.9,"extra":1,"ei":1}},{"type":"Feature","geometry":{"type":"Point","coordinates":[20.506837,53.779457]},"properties":{"lines":"110, 121","color":"#0059a9","mode":"bus","arr":["110","121"],"angle":7.2}},{"type":"Feature","geometry":{"type":"Point","coordinates":[20.510975,53.779221]},"properties":{"lines":"110, 121","color":"#0059a9","mode":"bus","arr":["110","121"],"angle":1.5,"extra":1,"ei":0}},{"type":"Feature","geometry":{"type":"Point","coordinates":[20.50461,53.779487]},"properties":{"lines":"110, 121","color":"#0059a9","mode":"bus","arr":["110","121"],"angle":-6.5,"extra":1,"ei":1}},{"type":"Feature","geometry":{"type":"Point","coordinates":[20.5015,53.779057]},"properties":{"lines":"110, 121","color":"#0059a9","mode":"bus","arr":["110","121"],"angle":-14.2,"extra":1,"ei":2}},{"type":"Feature","geometry":{"type":"Point","coordinates":[20.495514,53.778689]},"properties":{"lines":"110","color":"#0059a9","mode":"bus","arr":["110"],"angle":-2.6,"mi":3}},{"type":"Feature","geometry":{"type":"Point","coordinates":[20.499623,53.778812]},"properties":{"lines":"110","color":"#0059a9","mode":"bus","arr":["110"],"angle":-6.9,"extra":1,"ei":0}},{"type":"Feature","geometry":{"type":"Point","coordinates":[20.493243,53.778751]},"properties":{"lines":"110","color":"#0059a9","mode":"bus","arr":["110"],"angle":7.6,"extra":1,"ei":1}},{"type":"Feature","geometry":{"type":"Point","coordinates":[20.490245,53.779362]},"properties":{"lines":"110","color":"#0059a9","mode":"bus","arr":["110"],"angle":25,"extra":1,"ei":2}},{"type":"Feature","geometry":{"type":"Point","coordinates":[20.489628,53.778339]},"properties":{"lines":"110","color":"#0059a9","mode":"bus","arr":["110"],"angle":25.1,"mi":1}},{"type":"Feature","geometry":{"type":"Point","coordinates":[20.487625,53.778116]},"properties":{"lines":"110","color":"#0059a9","mode":"bus","arr":["110"],"angle":-10.9,"mi":2}},{"type":"Feature","geometry":{"type":"Point","coordinates":[20.436396,53.882227]},"properties":{"lines":"110","color":"#0059a9","mode":"bus","arr":["110"],"angle":76,"mi":2}},{"type":"Feature","geometry":{"type":"Point","coordinates":[20.437541,53.883572]},"properties":{"lines":"110","color":"#0059a9","mode":"bus","arr":["110"],"angle":-49.4,"extra":1,"ei":0}},{"type":"Feature","geometry":{"type":"Point","coordinates":[20.437657,53.880252]},"properties":{"lines":"110","color":"#0059a9","mode":"bus","arr":["110"],"angle":67.1,"extra":1,"ei":1}},{"type":"Feature","geometry":{"type":"Point","coordinates":[20.44069,53.877192]},"properties":{"lines":"110","color":"#0059a9","mode":"bus","arr":["110"],"angle":56.3}},{"type":"Feature","geometry":{"type":"Point","coordinates":[20.438495,53.879095]},"properties":{"lines":"110","color":"#0059a9","mode":"bus","arr":["110"],"angle":63,"extra":1,"ei":0}},{"type":"Feature","geometry":{"type":"Point","coordinates":[20.481516,53.783249]},"properties":{"lines":"110, 117, 136, N02","color":"#0059a9","mode":"bus","arr":["110","117","136","N02"],"angle":-77.1,"side":-1}},{"type":"Feature","geometry":{"type":"Point","coordinates":[20.482342,53.790677]},"properties":{"lines":"110, 117, N02","color":"#0059a9","mode":"bus","arr":["110","117","N02"],"angle":89.4}},{"type":"Feature","geometry":{"type":"Point","coordinates":[20.4824,53.786294]},"properties":{"lines":"110, 117, N02","color":"#0059a9","mode":"bus","arr":["110","117","N02"],"angle":-89.2,"extra":1,"ei":0}},{"type":"Feature","geometry":{"type":"Point","coordinates":[20.482363,53.788183]},"properties":{"lines":"110, 117, N02","color":"#0059a9","mode":"bus","arr":["110","117","N02"],"angle":89.5,"extra":1,"ei":1}},{"type":"Feature","geometry":{"type":"Point","coordinates":[20.482318,53.79196]},"properties":{"lines":"110, 117, N02","color":"#0059a9","mode":"bus","arr":["110","117","N02"],"angle":89.2,"extra":1,"ei":2}},{"type":"Feature","geometry":{"type":"Point","coordinates":[20.482287,53.793848]},"properties":{"lines":"110, 117, N02","color":"#0059a9","mode":"bus","arr":["110","117","N02"],"angle":88.9,"extra":1,"ei":3}},{"type":"Feature","geometry":{"type":"Point","coordinates":[20.482248,53.795736]},"properties":{"lines":"110, 117, N02","color":"#0059a9","mode":"bus","arr":["110","117","N02"],"angle":-89.1,"extra":1,"ei":4}},{"type":"Feature","geometry":{"type":"Point","coordinates":[20.480559,53.809045]},"properties":{"lines":"110, 117","color":"#0059a9","mode":"bus","arr":["110","117"],"angle":80.9}},{"type":"Feature","geometry":{"type":"Point","coordinates":[20.482206,53.785678]},"properties":{"lines":"110, 117","color":"#0059a9","mode":"bus","arr":["110","117"],"angle":-73.3}},{"type":"Feature","geometry":{"type":"Point","coordinates":[20.482027,53.798664]},"properties":{"lines":"110, 117","color":"#0059a9","mode":"bus","arr":["110","117"],"angle":85.4,"extra":1,"ei":0}},{"type":"Feature","geometry":{"type":"Point","coordinates":[20.481784,53.800547]},"properties":{"lines":"110, 117","color":"#0059a9","mode":"bus","arr":["110","117"],"angle":86,"extra":1,"ei":1}},{"type":"Feature","geometry":{"type":"Point","coordinates":[20.481558,53.802431]},"properties":{"lines":"110, 117","color":"#0059a9","mode":"bus","arr":["110","117"],"angle":86.1,"extra":1,"ei":2}},{"type":"Feature","geometry":{"type":"Point","coordinates":[20.481346,53.804315]},"properties":{"lines":"110, 117","color":"#0059a9","mode":"bus","arr":["110","117"],"angle":85.8,"extra":1,"ei":3}},{"type":"Feature","geometry":{"type":"Point","coordinates":[20.481112,53.806199]},"properties":{"lines":"110, 117","color":"#0059a9","mode":"bus","arr":["110","117"],"angle":85.8,"extra":1,"ei":4}},{"type":"Feature","geometry":{"type":"Point","coordinates":[20.479773,53.811805]},"properties":{"lines":"110, 117","color":"#0059a9","mode":"bus","arr":["110","117"],"angle":79.1,"extra":1,"ei":5}},{"type":"Feature","geometry":{"type":"Point","coordinates":[20.479215,53.813664]},"properties":{"lines":"110, 117","color":"#0059a9","mode":"bus","arr":["110","117"],"angle":80.4,"extra":1,"ei":6}},{"type":"Feature","geometry":{"type":"Point","coordinates":[20.478671,53.815525]},"properties":{"lines":"110, 117","color":"#0059a9","mode":"bus","arr":["110","117"],"angle":80.2,"extra":1,"ei":7}},{"type":"Feature","geometry":{"type":"Point","coordinates":[20.47813,53.817387]},"properties":{"lines":"110, 117","color":"#0059a9","mode":"bus","arr":["110","117"],"angle":80.3,"extra":1,"ei":8}},{"type":"Feature","geometry":{"type":"Point","coordinates":[20.477591,53.819248]},"properties":{"lines":"110, 117","color":"#0059a9","mode":"bus","arr":["110","117"],"angle":80.3,"extra":1,"ei":9}},{"type":"Feature","geometry":{"type":"Point","coordinates":[20.477252,53.820443]},"properties":{"lines":"110, 117","color":"#0059a9","mode":"bus","arr":["110","117"],"angle":80.9}},{"type":"Feature","geometry":{"type":"Point","coordinates":[20.47694,53.821569]},"properties":{"lines":"110, 117","color":"#0059a9","mode":"bus","arr":["110","117"],"angle":81.8,"mi":1}},{"type":"Feature","geometry":{"type":"Point","coordinates":[20.473709,53.839344]},"properties":{"lines":"110","color":"#0059a9","mode":"bus","arr":["110"],"angle":79.9}},{"type":"Feature","geometry":{"type":"Point","coordinates":[20.474436,53.836818]},"properties":{"lines":"110","color":"#0059a9","mode":"bus","arr":["110"],"angle":80.4,"extra":1,"ei":0}},{"type":"Feature","geometry":{"type":"Point","coordinates":[20.473361,53.840542]},"properties":{"lines":"110","color":"#0059a9","mode":"bus","arr":["110"],"angle":80.2,"extra":1,"ei":1}},{"type":"Feature","geometry":{"type":"Point","coordinates":[20.472688,53.842386]},"properties":{"lines":"110","color":"#0059a9","mode":"bus","arr":["110"],"angle":74.4,"extra":1,"ei":2}},{"type":"Feature","geometry":{"type":"Point","coordinates":[20.467238,53.851793]},"properties":{"lines":"110","color":"#0059a9","mode":"bus","arr":["110"],"angle":62.7}},{"type":"Feature","geometry":{"type":"Point","coordinates":[20.472082,53.843685]},"properties":{"lines":"110","color":"#0059a9","mode":"bus","arr":["110"],"angle":74.6,"extra":1,"ei":0}},{"type":"Feature","geometry":{"type":"Point","coordinates":[20.471233,53.845505]},"properties":{"lines":"110","color":"#0059a9","mode":"bus","arr":["110"],"angle":74.5,"extra":1,"ei":1}},{"type":"Feature","geometry":{"type":"Point","coordinates":[20.470366,53.847323]},"properties":{"lines":"110","color":"#0059a9","mode":"bus","arr":["110"],"angle":74,"extra":1,"ei":2}},{"type":"Feature","geometry":{"type":"Point","coordinates":[20.469472,53.849136]},"properties":{"lines":"110","color":"#0059a9","mode":"bus","arr":["110"],"angle":71,"extra":1,"ei":3}},{"type":"Feature","geometry":{"type":"Point","coordinates":[20.46552,53.854248]},"properties":{"lines":"110","color":"#0059a9","mode":"bus","arr":["110"],"angle":57.7,"extra":1,"ei":4}},{"type":"Feature","geometry":{"type":"Point","coordinates":[20.464625,53.856052]},"properties":{"lines":"110","color":"#0059a9","mode":"bus","arr":["110"],"angle":71.2,"extra":1,"ei":5}},{"type":"Feature","geometry":{"type":"Point","coordinates":[20.463166,53.857727]},"properties":{"lines":"110","color":"#0059a9","mode":"bus","arr":["110"],"angle":65.5,"extra":1,"ei":6}},{"type":"Feature","geometry":{"type":"Point","coordinates":[20.462077,53.859499]},"properties":{"lines":"110","color":"#0059a9","mode":"bus","arr":["110"],"angle":78.6,"extra":1,"ei":7}},{"type":"Feature","geometry":{"type":"Point","coordinates":[20.446443,53.869201]},"properties":{"lines":"110","color":"#0059a9","mode":"bus","arr":["110"],"angle":70.9,"mi":3}},{"type":"Feature","geometry":{"type":"Point","coordinates":[20.441457,53.881827]},"properties":{"lines":"110","color":"#0059a9","mode":"bus","arr":["110"],"angle":-35.8,"mi":1}},{"type":"Feature","geometry":{"type":"Point","coordinates":[20.461133,53.861568]},"properties":{"lines":"110","color":"#0059a9","mode":"bus","arr":["110"],"angle":49.3,"extra":1,"ei":0}},{"type":"Feature","geometry":{"type":"Point","coordinates":[20.458413,53.862556]},"properties":{"lines":"110","color":"#0059a9","mode":"bus","arr":["110"],"angle":29.7,"extra":1,"ei":1}},{"type":"Feature","geometry":{"type":"Point","coordinates":[20.45561,53.863462]},"properties":{"lines":"110","color":"#0059a9","mode":"bus","arr":["110"],"angle":25.6,"extra":1,"ei":2}},{"type":"Feature","geometry":{"type":"Point","coordinates":[20.452735,53.864285]},"properties":{"lines":"110","color":"#0059a9","mode":"bus","arr":["110"],"angle":31.9,"extra":1,"ei":3}},{"type":"Feature","geometry":{"type":"Point","coordinates":[20.45007,53.865328]},"properties":{"lines":"110","color":"#0059a9","mode":"bus","arr":["110"],"angle":34.1,"extra":1,"ei":4}},{"type":"Feature","geometry":{"type":"Point","coordinates":[20.44777,53.86658]},"properties":{"lines":"110","color":"#0059a9","mode":"bus","arr":["110"],"angle":69.4,"extra":1,"ei":5}},{"type":"Feature","geometry":{"type":"Point","coordinates":[20.445505,53.872067]},"properties":{"lines":"110","color":"#0059a9","mode":"bus","arr":["110"],"angle":83.5,"extra":1,"ei":6}},{"type":"Feature","geometry":{"type":"Point","coordinates":[20.445114,53.873941]},"properties":{"lines":"110","color":"#0059a9","mode":"bus","arr":["110"],"angle":82.8,"extra":1,"ei":7}},{"type":"Feature","geometry":{"type":"Point","coordinates":[20.444764,53.875818]},"properties":{"lines":"110","color":"#0059a9","mode":"bus","arr":["110"],"angle":84.2,"extra":1,"ei":8}},{"type":"Feature","geometry":{"type":"Point","coordinates":[20.444393,53.877693]},"properties":{"lines":"110","color":"#0059a9","mode":"bus","arr":["110"],"angle":79.4,"extra":1,"ei":9}},{"type":"Feature","geometry":{"type":"Point","coordinates":[20.443579,53.879516]},"properties":{"lines":"110","color":"#0059a9","mode":"bus","arr":["110"],"angle":69.6,"extra":1,"ei":10}},{"type":"Feature","geometry":{"type":"Point","coordinates":[20.439678,53.883405]},"properties":{"lines":"110","color":"#0059a9","mode":"bus","arr":["110"],"angle":54.9,"extra":1,"ei":0}},{"type":"Feature","geometry":{"type":"Point","coordinates":[20.481349,53.783323]},"properties":{"lines":"110, 117, 136","color":"#0059a9","mode":"bus","arr":["110","117","136"],"angle":-77.3}},{"type":"Feature","geometry":{"type":"Point","coordinates":[20.491241,53.778486]},"properties":{"lines":"110","color":"#0059a9","mode":"bus","arr":["110"],"angle":-64.7}},{"type":"Feature","geometry":{"type":"Point","coordinates":[20.500247,53.753538]},"properties":{"lines":"121, 205, N01","color":"#0059a9","mode":"bus","arr":["121","205","N01"],"angle":-35}},{"type":"Feature","geometry":{"type":"Point","coordinates":[20.499425,53.753612]},"properties":{"lines":"111, 121, 205, N01","color":"#0059a9","mode":"bus","arr":["111","121","205","N01"],"angle":87.8}},{"type":"Feature","geometry":{"type":"Point","coordinates":[20.49273,53.753388]},"properties":{"lines":"111, 121, 205, N01","color":"#0059a9","mode":"bus","arr":["111","121","205","N01"],"angle":-0.3,"mi":1}},{"type":"Feature","geometry":{"type":"Point","coordinates":[20.497816,53.753834]},"properties":{"lines":"111, 121, 205, N01","color":"#0059a9","mode":"bus","arr":["111","121","205","N01"],"angle":0.1,"extra":1,"ei":0}},{"type":"Feature","geometry":{"type":"Point","coordinates":[20.494742,53.753416]},"properties":{"lines":"111, 121, 205, N01","color":"#0059a9","mode":"bus","arr":["111","121","205","N01"],"angle":-8.6,"extra":1,"ei":1}},{"type":"Feature","geometry":{"type":"Point","coordinates":[20.488433,53.753061]},"properties":{"lines":"111, 121, 205, N01","color":"#0059a9","mode":"bus","arr":["111","121","205","N01"],"angle":-24.6,"extra":1,"ei":2}},{"type":"Feature","geometry":{"type":"Point","coordinates":[20.487081,53.752829]},"properties":{"lines":"111, 121","color":"#0059a9","mode":"bus","arr":["111","121"],"angle":-4.2}},{"type":"Feature","geometry":{"type":"Point","coordinates":[20.486339,53.754254]},"properties":{"lines":"111, 121, 127, 130, 136, 307, N01","color":"#0059a9","mode":"bus","arr":["111","121","127","130","136","307","N01"],"angle":-89.4,"side":-1}},{"type":"Feature","geometry":{"type":"Point","coordinates":[20.486494,53.755663]},"properties":{"lines":"111, 121, 127, 130, 136, 307, N01","color":"#0059a9","mode":"bus","arr":["111","121","127","130","136","307","N01"],"angle":-85.3,"extra":1,"ei":0,"side":-1}},{"type":"Feature","geometry":{"type":"Point","coordinates":[20.493191,53.756766]},"properties":{"lines":"111, 121","color":"#0059a9","mode":"bus","arr":["111","121"],"angle":-9.2,"side":-1,"mi":1}},{"type":"Feature","geometry":{"type":"Point","coordinates":[20.488091,53.755724]},"properties":{"lines":"111, 121","color":"#0059a9","mode":"bus","arr":["111","121"],"angle":-2.6,"extra":1,"ei":0,"side":-1}},{"type":"Feature","geometry":{"type":"Point","coordinates":[20.491132,53.756184]},"properties":{"lines":"111, 121","color":"#0059a9","mode":"bus","arr":["111","121"],"angle":-34.5,"extra":1,"ei":1,"side":-1}},{"type":"Feature","geometry":{"type":"Point","coordinates":[20.497133,53.757259]},"properties":{"lines":"111, 121","color":"#0059a9","mode":"bus","arr":["111","121"],"angle":-31.4,"extra":1,"ei":2,"side":-1}},{"type":"Feature","geometry":{"type":"Point","coordinates":[20.500045,53.76069]},"properties":{"lines":"111, 117, 121, 126, 131, 132, 141","color":"#0059a9","mode":"bus","arr":["111","117","121","126","131","132","141"],"angle":84.7}},{"type":"Feature","geometry":{"type":"Point","coordinates":[20.500014,53.759338]},"properties":{"lines":"111, 117, 121, 126, 131, 132, 141","color":"#0059a9","mode":"bus","arr":["111","117","121","126","131","132","141"],"angle":-74,"extra":1,"ei":0,"side":-1}},{"type":"Feature","geometry":{"type":"Point","coordinates":[20.50254,53.764699]},"properties":{"lines":"111, 113, 117, 121, 126, 131, 132, 141","color":"#0059a9","mode":"bus","arr":["111","113","117","121","126","131","132","141"],"angle":-62.4,"side":-1}},{"type":"Feature","geometry":{"type":"Point","coordinates":[20.501075,53.767382]},"properties":{"lines":"111, 117, 131, 135","color":"#0059a9","mode":"bus","arr":["111","117","131","135"],"angle":31.8}},{"type":"Feature","geometry":{"type":"Point","coordinates":[20.499255,53.768021]},"properties":{"lines":"111, 117, 131, 135","color":"#0059a9","mode":"bus","arr":["111","117","131","135"],"angle":28.1,"extra":1,"ei":0}},{"type":"Feature","geometry":{"type":"Point","coordinates":[20.488994,53.755862]},"properties":{"lines":"111, 121, 205","color":"#0059a9","mode":"bus","arr":["111","121","205"],"angle":-5.1}},{"type":"Feature","geometry":{"type":"Point","coordinates":[20.486694,53.755789]},"properties":{"lines":"111, 121, 205","color":"#0059a9","mode":"bus","arr":["111","121","205"],"angle":-2.7,"extra":1,"ei":0}},{"type":"Feature","geometry":{"type":"Point","coordinates":[20.499963,53.753832]},"properties":{"lines":"111, 121, 205","color":"#0059a9","mode":"bus","arr":["111","121","205"],"angle":0.1,"mi":1}},{"type":"Feature","geometry":{"type":"Point","coordinates":[20.49238,53.822544]},"properties":{"lines":"112, 117","color":"#0059a9","mode":"bus","arr":["112","117"],"angle":-9.6}},{"type":"Feature","geometry":{"type":"Point","coordinates":[20.493678,53.822459]},"properties":{"lines":"112","color":"#0059a9","mode":"bus","arr":["112"],"angle":18.8}},{"type":"Feature","geometry":{"type":"Point","coordinates":[20.501839,53.85762]},"properties":{"lines":"112","color":"#0059a9","mode":"bus","arr":["112"],"angle":-4.8,"side":-1}},{"type":"Feature","geometry":{"type":"Point","coordinates":[20.476106,53.836073]},"properties":{"lines":"112","color":"#0059a9","mode":"bus","arr":["112"],"angle":-13.3,"side":-1}},{"type":"Feature","geometry":{"type":"Point","coordinates":[20.50699,53.768275]},"properties":{"lines":"113, 121, 126, 132, 141","color":"#0059a9","mode":"bus","arr":["113","121","126","132","141"],"angle":-54.2,"side":-1}},{"type":"Feature","geometry":{"type":"Point","coordinates":[20.505212,53.766836]},"properties":{"lines":"113, 121, 126, 132, 141","color":"#0059a9","mode":"bus","arr":["113","121","126","132","141"],"angle":-57.4,"extra":1,"ei":0,"side":-1}},{"type":"Feature","geometry":{"type":"Point","coordinates":[20.508736,53.769979]},"properties":{"lines":"113, 121, 126, 132, 141","color":"#0059a9","mode":"bus","arr":["113","121","126","132","141"],"angle":-61.7,"extra":1,"ei":1,"side":-1}},{"type":"Feature","geometry":{"type":"Point","coordinates":[20.45839,53.76989]},"properties":{"lines":"113, 307, N02","color":"#0059a9","mode":"bus","arr":["113","307","N02"],"angle":61.3}},{"type":"Feature","geometry":{"type":"Point","coordinates":[20.464087,53.767168]},"properties":{"lines":"113, 307, N02","color":"#0059a9","mode":"bus","arr":["113","307","N02"],"angle":30.7,"extra":1,"ei":0}},{"type":"Feature","geometry":{"type":"Point","coordinates":[20.461336,53.76813]},"properties":{"lines":"113, 307, N02","color":"#0059a9","mode":"bus","arr":["113","307","N02"],"angle":30.6,"extra":1,"ei":1}},{"type":"Feature","geometry":{"type":"Point","coordinates":[20.457386,53.770991]},"properties":{"lines":"113, 307, N02","color":"#0059a9","mode":"bus","arr":["113","307","N02"],"angle":61.7,"extra":1,"ei":2}},{"type":"Feature","geometry":{"type":"Point","coordinates":[20.455883,53.772657]},"properties":{"lines":"113, 307, N02","color":"#0059a9","mode":"bus","arr":["113","307","N02"],"angle":61.7,"extra":1,"ei":3}},{"type":"Feature","geometry":{"type":"Point","coordinates":[20.454337,53.774309]},"properties":{"lines":"113, 307, N02","color":"#0059a9","mode":"bus","arr":["113","307","N02"],"angle":54.9,"extra":1,"ei":4}},{"type":"Feature","geometry":{"type":"Point","coordinates":[20.49837,53.784043]},"properties":{"lines":"114, 115, 304","color":"#0059a9","mode":"bus","arr":["114","115","304"],"angle":43.1,"mi":1}},{"type":"Feature","geometry":{"type":"Point","coordinates":[20.533684,53.782355]},"properties":{"lines":"114, 115, 141","color":"#0059a9","mode":"bus","arr":["114","115","141"],"angle":25.9,"side":-1}},{"type":"Feature","geometry":{"type":"Point","coordinates":[20.540922,53.779418]},"properties":{"lines":"114, 115","color":"#0059a9","mode":"bus","arr":["114","115"],"angle":34.2,"side":-1,"mi":2}},{"type":"Feature","geometry":{"type":"Point","coordinates":[20.537752,53.780727]},"properties":{"lines":"114, 115","color":"#0059a9","mode":"bus","arr":["114","115"],"angle":34.9,"extra":1,"ei":0,"side":-1}},{"type":"Feature","geometry":{"type":"Point","coordinates":[20.543236,53.778864]},"properties":{"lines":"114, 115","color":"#0059a9","mode":"bus","arr":["114","115"],"angle":5.9,"extra":1,"ei":1,"side":-1}},{"type":"Feature","geometry":{"type":"Point","coordinates":[20.547786,53.779431]},"properties":{"lines":"114, 115","color":"#0059a9","mode":"bus","arr":["114","115"],"angle":-23.1}},{"type":"Feature","geometry":{"type":"Point","coordinates":[20.549989,53.780917]},"properties":{"lines":"114, 115","color":"#0059a9","mode":"bus","arr":["114","115"],"angle":-56.4,"side":-1,"mi":1}},{"type":"Feature","geometry":{"type":"Point","coordinates":[20.570326,53.782806]},"properties":{"lines":"114, 115, 125","color":"#0059a9","mode":"bus","arr":["114","115","125"],"angle":-39.7}},{"type":"Feature","geometry":{"type":"Point","coordinates":[20.551951,53.780912]},"properties":{"lines":"114, 115, 125","color":"#0059a9","mode":"bus","arr":["114","115","125"],"angle":25.4,"extra":1,"ei":0}},{"type":"Feature","geometry":{"type":"Point","coordinates":[20.554841,53.780105]},"properties":{"lines":"114, 115, 125","color":"#0059a9","mode":"bus","arr":["114","115","125"],"angle":25.3,"extra":1,"ei":1}},{"type":"Feature","geometry":{"type":"Point","coordinates":[20.557736,53.779303]},"properties":{"lines":"114, 115, 125","color":"#0059a9","mode":"bus","arr":["114","115","125"],"angle":24.6,"extra":1,"ei":2}},{"type":"Feature","geometry":{"type":"Point","coordinates":[20.560801,53.778917]},"properties":{"lines":"114, 115, 125","color":"#0059a9","mode":"bus","arr":["114","115","125"],"angle":-9.6,"extra":1,"ei":3}},{"type":"Feature","geometry":{"type":"Point","coordinates":[20.563683,53.779705]},"properties":{"lines":"114, 115, 125","color":"#0059a9","mode":"bus","arr":["114","115","125"],"angle":-32.9,"extra":1,"ei":4}},{"type":"Feature","geometry":{"type":"Point","coordinates":[20.566235,53.78084]},"properties":{"lines":"114, 115, 125","color":"#0059a9","mode":"bus","arr":["114","115","125"],"angle":-38.6,"extra":1,"ei":5}},{"type":"Feature","geometry":{"type":"Point","coordinates":[20.568737,53.782017]},"properties":{"lines":"114, 115, 125","color":"#0059a9","mode":"bus","arr":["114","115","125"],"angle":-39.9,"extra":1,"ei":6}},{"type":"Feature","geometry":{"type":"Point","coordinates":[20.573673,53.784417]},"properties":{"lines":"114, 115, 125","color":"#0059a9","mode":"bus","arr":["114","115","125"],"angle":-39.6,"extra":1,"ei":7}},{"type":"Feature","geometry":{"type":"Point","coordinates":[20.576251,53.78553]},"properties":{"lines":"114, 115, 125","color":"#0059a9","mode":"bus","arr":["114","115","125"],"angle":-30.7,"extra":1,"ei":8}},{"type":"Feature","geometry":{"type":"Point","coordinates":[20.579163,53.7863]},"properties":{"lines":"114, 115, 125","color":"#0059a9","mode":"bus","arr":["114","115","125"],"angle":-19.4,"extra":1,"ei":9}},{"type":"Feature","geometry":{"type":"Point","coordinates":[20.582196,53.786896]},"properties":{"lines":"114, 115, 125","color":"#0059a9","mode":"bus","arr":["114","115","125"],"angle":-14.3,"extra":1,"ei":10}},{"type":"Feature","geometry":{"type":"Point","coordinates":[20.585355,53.787164]},"properties":{"lines":"114, 115, 125","color":"#0059a9","mode":"bus","arr":["114","115","125"],"angle":-2.1,"extra":1,"ei":11}},{"type":"Feature","geometry":{"type":"Point","coordinates":[20.588551,53.787153]},"properties":{"lines":"114, 115, 125","color":"#0059a9","mode":"bus","arr":["114","115","125"],"angle":1.2,"extra":1,"ei":12}},{"type":"Feature","geometry":{"type":"Point","coordinates":[20.591809,53.78752]},"properties":{"lines":"114, 115, 125","color":"#0059a9","mode":"bus","arr":["114","115","125"],"angle":-32.9}},{"type":"Feature","geometry":{"type":"Point","coordinates":[20.604606,53.791851]},"properties":{"lines":"114","color":"#0059a9","mode":"bus","arr":["114"],"angle":-42}},{"type":"Feature","geometry":{"type":"Point","coordinates":[20.600944,53.790201]},"properties":{"lines":"114, 115, 304","color":"#0059a9","mode":"bus","arr":["114","115","304"],"angle":-31.2}},{"type":"Feature","geometry":{"type":"Point","coordinates":[20.596042,53.788734]},"properties":{"lines":"114, 115, 125, 304","color":"#0059a9","mode":"bus","arr":["114","115","125","304"],"angle":-22.8}},{"type":"Feature","geometry":{"type":"Point","coordinates":[20.598086,53.789248]},"properties":{"lines":"114, 115, 125, 304","color":"#0059a9","mode":"bus","arr":["114","115","125","304"],"angle":-23.6,"extra":1,"ei":0}},{"type":"Feature","geometry":{"type":"Point","coordinates":[20.632903,53.809893]},"properties":{"lines":"114","color":"#0059a9","mode":"bus","arr":["114"],"angle":-51.6,"side":-1}},{"type":"Feature","geometry":{"type":"Point","coordinates":[20.614739,53.797837]},"properties":{"lines":"114","color":"#0059a9","mode":"bus","arr":["114"],"angle":-49.9,"mi":1}},{"type":"Feature","geometry":{"type":"Point","coordinates":[20.60854,53.793389]},"properties":{"lines":"114","color":"#0059a9","mode":"bus","arr":["114"],"angle":-56.6,"extra":1,"ei":0}},{"type":"Feature","geometry":{"type":"Point","coordinates":[20.610531,53.794865]},"properties":{"lines":"114","color":"#0059a9","mode":"bus","arr":["114"],"angle":-50.1,"extra":1,"ei":1}},{"type":"Feature","geometry":{"type":"Point","coordinates":[20.612573,53.796318]},"properties":{"lines":"114","color":"#0059a9","mode":"bus","arr":["114"],"angle":-50.2,"extra":1,"ei":2}},{"type":"Feature","geometry":{"type":"Point","coordinates":[20.616695,53.799205]},"properties":{"lines":"114","color":"#0059a9","mode":"bus","arr":["114"],"angle":-49.8,"extra":1,"ei":3}},{"type":"Feature","geometry":{"type":"Point","coordinates":[20.618751,53.800651]},"properties":{"lines":"114","color":"#0059a9","mode":"bus","arr":["114"],"angle":-51.9,"extra":1,"ei":4}},{"type":"Feature","geometry":{"type":"Point","coordinates":[20.620492,53.802232]},"properties":{"lines":"114","color":"#0059a9","mode":"bus","arr":["114"],"angle":-60.9,"extra":1,"ei":5}},{"type":"Feature","geometry":{"type":"Point","coordinates":[20.641577,53.817369]},"properties":{"lines":"114","color":"#0059a9","mode":"bus","arr":["114"],"angle":-53.5,"extra":1,"ei":0}},{"type":"Feature","geometry":{"type":"Point","coordinates":[20.639854,53.815785]},"properties":{"lines":"114","color":"#0059a9","mode":"bus","arr":["114"],"angle":-61.7,"extra":1,"ei":1,"side":-1}},{"type":"Feature","geometry":{"type":"Point","coordinates":[20.63825,53.814152]},"properties":{"lines":"114","color":"#0059a9","mode":"bus","arr":["114"],"angle":-55.8,"extra":1,"ei":2,"side":-1}},{"type":"Feature","geometry":{"type":"Point","coordinates":[20.636355,53.812631]},"properties":{"lines":"114","color":"#0059a9","mode":"bus","arr":["114"],"angle":-53.4,"extra":1,"ei":3,"side":-1}},{"type":"Feature","geometry":{"type":"Point","coordinates":[20.634447,53.811116]},"properties":{"lines":"114","color":"#0059a9","mode":"bus","arr":["114"],"angle":-53.4,"extra":1,"ei":4,"side":-1}},{"type":"Feature","geometry":{"type":"Point","coordinates":[20.630162,53.808337]},"properties":{"lines":"114","color":"#0059a9","mode":"bus","arr":["114"],"angle":-39.4,"extra":1,"ei":5,"side":-1}},{"type":"Feature","geometry":{"type":"Point","coordinates":[20.627689,53.807141]},"properties":{"lines":"114","color":"#0059a9","mode":"bus","arr":["114"],"angle":-39.2,"extra":1,"ei":6,"side":-1}},{"type":"Feature","geometry":{"type":"Point","coordinates":[20.625213,53.805946]},"properties":{"lines":"114","color":"#0059a9","mode":"bus","arr":["114"],"angle":-39.7,"extra":1,"ei":7,"side":-1}},{"type":"Feature","geometry":{"type":"Point","coordinates":[20.623046,53.804569]},"properties":{"lines":"114","color":"#0059a9","mode":"bus","arr":["114"],"angle":-53.1,"extra":1,"ei":8,"side":-1}},{"type":"Feature","geometry":{"type":"Point","coordinates":[20.621613,53.803444]},"properties":{"lines":"114","color":"#0059a9","mode":"bus","arr":["114"],"angle":-64.2,"extra":1,"ei":9}},{"type":"Feature","geometry":{"type":"Point","coordinates":[20.657303,53.822794]},"properties":{"lines":"114, 124","color":"#0059a9","mode":"bus","arr":["114","124"],"angle":-18.8}},{"type":"Feature","geometry":{"type":"Point","coordinates":[20.643764,53.81874]},"properties":{"lines":"114, 124","color":"#0059a9","mode":"bus","arr":["114","124"],"angle":-40.9,"extra":1,"ei":0,"side":-1}},{"type":"Feature","geometry":{"type":"Point","coordinates":[20.671297,53.825955]},"properties":{"lines":"114, 124","color":"#0059a9","mode":"bus","arr":["114","124"],"angle":-36.6,"extra":1,"ei":0,"side":-1}},{"type":"Feature","geometry":{"type":"Point","coordinates":[20.668521,53.825027]},"properties":{"lines":"114, 124","color":"#0059a9","mode":"bus","arr":["114","124"],"angle":-23.1,"extra":1,"ei":1,"side":-1}},{"type":"Feature","geometry":{"type":"Point","coordinates":[20.665438,53.82443]},"properties":{"lines":"114, 124","color":"#0059a9","mode":"bus","arr":["114","124"],"angle":-18.9,"extra":1,"ei":0}},{"type":"Feature","geometry":{"type":"Point","coordinates":[20.662411,53.823823]},"properties":{"lines":"114, 124","color":"#0059a9","mode":"bus","arr":["114","124"],"angle":-18.8,"extra":1,"ei":1}},{"type":"Feature","geometry":{"type":"Point","coordinates":[20.659385,53.823213]},"properties":{"lines":"114, 124","color":"#0059a9","mode":"bus","arr":["114","124"],"angle":-18.8,"extra":1,"ei":2}},{"type":"Feature","geometry":{"type":"Point","coordinates":[20.653355,53.82196]},"properties":{"lines":"114, 124","color":"#0059a9","mode":"bus","arr":["114","124"],"angle":-23.6,"extra":1,"ei":3}},{"type":"Feature","geometry":{"type":"Point","coordinates":[20.650495,53.821116]},"properties":{"lines":"114, 124","color":"#0059a9","mode":"bus","arr":["114","124"],"angle":-27.2,"extra":1,"ei":4}},{"type":"Feature","geometry":{"type":"Point","coordinates":[20.647652,53.820253]},"properties":{"lines":"114, 124","color":"#0059a9","mode":"bus","arr":["114","124"],"angle":-27.4,"extra":1,"ei":5}},{"type":"Feature","geometry":{"type":"Point","coordinates":[20.631693,53.809348]},"properties":{"lines":"114","color":"#0059a9","mode":"bus","arr":["114"],"angle":-41.8,"mi":1}},{"type":"Feature","geometry":{"type":"Point","coordinates":[20.639203,53.815352]},"properties":{"lines":"114","color":"#0059a9","mode":"bus","arr":["114"],"angle":-63.7,"extra":1,"ei":0}},{"type":"Feature","geometry":{"type":"Point","coordinates":[20.63747,53.813767]},"properties":{"lines":"114","color":"#0059a9","mode":"bus","arr":["114"],"angle":-54,"extra":1,"ei":1}},{"type":"Feature","geometry":{"type":"Point","coordinates":[20.635569,53.812249]},"properties":{"lines":"114","color":"#0059a9","mode":"bus","arr":["114"],"angle":-53.9,"extra":1,"ei":2}},{"type":"Feature","geometry":{"type":"Point","coordinates":[20.633655,53.810737]},"properties":{"lines":"114","color":"#0059a9","mode":"bus","arr":["114"],"angle":-52.7,"extra":1,"ei":3}},{"type":"Feature","geometry":{"type":"Point","coordinates":[20.629173,53.808067]},"properties":{"lines":"114","color":"#0059a9","mode":"bus","arr":["114"],"angle":-38.9,"extra":1,"ei":4}},{"type":"Feature","geometry":{"type":"Point","coordinates":[20.62669,53.806878]},"properties":{"lines":"114","color":"#0059a9","mode":"bus","arr":["114"],"angle":-39.5,"extra":1,"ei":5}},{"type":"Feature","geometry":{"type":"Point","coordinates":[20.624221,53.805678]},"properties":{"lines":"114","color":"#0059a9","mode":"bus","arr":["114"],"angle":-41.7,"extra":1,"ei":6}},{"type":"Feature","geometry":{"type":"Point","coordinates":[20.62218,53.804234]},"properties":{"lines":"114","color":"#0059a9","mode":"bus","arr":["114"],"angle":-58.9,"extra":1,"ei":7}},{"type":"Feature","geometry":{"type":"Point","coordinates":[20.673775,53.826219]},"properties":{"lines":"114, 124","color":"#0059a9","mode":"bus","arr":["114","124"],"angle":-7,"mi":7}},{"type":"Feature","geometry":{"type":"Point","coordinates":[20.642248,53.81835]},"properties":{"lines":"114, 124","color":"#0059a9","mode":"bus","arr":["114","124"],"angle":40.6}},{"type":"Feature","geometry":{"type":"Point","coordinates":[20.676422,53.829181]},"properties":{"lines":"114, 124","color":"#0059a9","mode":"bus","arr":["114","124"],"angle":-63.6,"mi":5}},{"type":"Feature","geometry":{"type":"Point","coordinates":[20.675123,53.827133]},"properties":{"lines":"114, 124","color":"#0059a9","mode":"bus","arr":["114","124"],"angle":-59,"extra":1,"ei":0}},{"type":"Feature","geometry":{"type":"Point","coordinates":[20.677933,53.830489]},"properties":{"lines":"114, 124","color":"#0059a9","mode":"bus","arr":["114","124"],"angle":-55.3,"extra":1,"ei":1}},{"type":"Feature","geometry":{"type":"Point","coordinates":[20.690044,53.830316]},"properties":{"lines":"114, 124","color":"#0059a9","mode":"bus","arr":["114","124"],"angle":14,"mi":1}},{"type":"Feature","geometry":{"type":"Point","coordinates":[20.684865,53.830466]},"properties":{"lines":"114, 124","color":"#0059a9","mode":"bus","arr":["114","124"],"angle":7.4}},{"type":"Feature","geometry":{"type":"Point","coordinates":[20.68075,53.831005]},"properties":{"lines":"114, 124","color":"#0059a9","mode":"bus","arr":["114","124"],"angle":22.7,"extra":1,"ei":0}},{"type":"Feature","geometry":{"type":"Point","coordinates":[20.687015,53.830331]},"properties":{"lines":"114, 124","color":"#0059a9","mode":"bus","arr":["114","124"],"angle":3,"extra":1,"ei":1}},{"type":"Feature","geometry":{"type":"Point","coordinates":[20.690165,53.830047]},"properties":{"lines":"114, 124","color":"#0059a9","mode":"bus","arr":["114","124"],"angle":15.3,"extra":1,"ei":2}},{"type":"Feature","geometry":{"type":"Point","coordinates":[20.691699,53.83004]},"properties":{"lines":"114, 124","color":"#0059a9","mode":"bus","arr":["114","124"],"angle":-6.8,"mi":2}},{"type":"Feature","geometry":{"type":"Point","coordinates":[20.693176,53.833337]},"properties":{"lines":"114, 124","color":"#0059a9","mode":"bus","arr":["114","124"],"angle":-82.9,"mi":3}},{"type":"Feature","geometry":{"type":"Point","coordinates":[20.694646,53.839388]},"properties":{"lines":"114, 124","color":"#0059a9","mode":"bus","arr":["114","124"],"angle":-84.9,"mi":6}},{"type":"Feature","geometry":{"type":"Point","coordinates":[20.694381,53.837751]},"properties":{"lines":"114, 124","color":"#0059a9","mode":"bus","arr":["114","124"],"angle":5.3,"mi":4}},{"type":"Feature","geometry":{"type":"Point","coordinates":[20.693064,53.831124]},"properties":{"lines":"114, 124","color":"#0059a9","mode":"bus","arr":["114","124"],"angle":-89.1,"extra":1,"ei":0}},{"type":"Feature","geometry":{"type":"Point","coordinates":[20.69379,53.834852]},"properties":{"lines":"114, 124","color":"#0059a9","mode":"bus","arr":["114","124"],"angle":-75.3,"extra":1,"ei":1}},{"type":"Feature","geometry":{"type":"Point","coordinates":[20.640795,53.817355]},"properties":{"lines":"114","color":"#0059a9","mode":"bus","arr":["114"],"angle":-64,"mi":2}},{"type":"Feature","geometry":{"type":"Point","coordinates":[20.549937,53.780952]},"properties":{"lines":"114, 125","color":"#0059a9","mode":"bus","arr":["114","125"],"angle":-46.8,"mi":1}},{"type":"Feature","geometry":{"type":"Point","coordinates":[20.547375,53.779962]},"properties":{"lines":"114, 125","color":"#0059a9","mode":"bus","arr":["114","125"],"angle":-23.8}},{"type":"Feature","geometry":{"type":"Point","coordinates":[20.54088,53.779578]},"properties":{"lines":"114, 125","color":"#0059a9","mode":"bus","arr":["114","125"],"angle":34.7,"mi":2}},{"type":"Feature","geometry":{"type":"Point","coordinates":[20.544306,53.77899]},"properties":{"lines":"114, 125","color":"#0059a9","mode":"bus","arr":["114","125"],"angle":-8.5,"extra":1,"ei":0}},{"type":"Feature","geometry":{"type":"Point","coordinates":[20.538642,53.780494]},"properties":{"lines":"114, 125","color":"#0059a9","mode":"bus","arr":["114","125"],"angle":34.7,"extra":1,"ei":1}},{"type":"Feature","geometry":{"type":"Point","coordinates":[20.533757,53.782468]},"properties":{"lines":"114, 125, 141","color":"#0059a9","mode":"bus","arr":["114","125","141"],"angle":28.2}},{"type":"Feature","geometry":{"type":"Point","coordinates":[20.50378,53.781738]},"properties":{"lines":"114, 125, 304","color":"#0059a9","mode":"bus","arr":["114","125","304"],"angle":-0.4}},{"type":"Feature","geometry":{"type":"Point","coordinates":[20.505774,53.781729]},"properties":{"lines":"114, 125, 304","color":"#0059a9","mode":"bus","arr":["114","125","304"],"angle":0.5,"extra":1,"ei":0}},{"type":"Feature","geometry":{"type":"Point","coordinates":[20.498754,53.783606]},"properties":{"lines":"115","color":"#0059a9","mode":"bus","arr":["115"],"angle":72,"side":-1}},{"type":"Feature","geometry":{"type":"Point","coordinates":[20.598167,53.789662]},"properties":{"lines":"115, 125","color":"#0059a9","mode":"bus","arr":["115","125"],"angle":32.3,"mi":6}},{"type":"Feature","geometry":{"type":"Point","coordinates":[20.594628,53.789828]},"properties":{"lines":"115","color":"#0059a9","mode":"bus","arr":["115"],"angle":0.1}},{"type":"Feature","geometry":{"type":"Point","coordinates":[20.595156,53.791212]},"properties":{"lines":"125","color":"#0059a9","mode":"bus","arr":["125"],"angle":-13.6}},{"type":"Feature","geometry":{"type":"Point","coordinates":[20.592576,53.790838]},"properties":{"lines":"115, 125","color":"#0059a9","mode":"bus","arr":["115","125"],"angle":-4.2,"mi":4}},{"type":"Feature","geometry":{"type":"Point","coordinates":[20.591801,53.791161]},"properties":{"lines":"115, 125","color":"#0059a9","mode":"bus","arr":["115","125"],"angle":78.2,"mi":3}},{"type":"Feature","geometry":{"type":"Point","coordinates":[20.587341,53.791542]},"properties":{"lines":"115, 125","color":"#0059a9","mode":"bus","arr":["115","125"],"angle":4.4,"mi":1}},{"type":"Feature","geometry":{"type":"Point","coordinates":[20.590083,53.7915]},"properties":{"lines":"115, 125","color":"#0059a9","mode":"bus","arr":["115","125"],"angle":0.1,"extra":1,"ei":0}},{"type":"Feature","geometry":{"type":"Point","coordinates":[20.584162,53.792302]},"properties":{"lines":"115, 125","color":"#0059a9","mode":"bus","arr":["115","125"],"angle":-30.5,"extra":1,"ei":1}},{"type":"Feature","geometry":{"type":"Point","coordinates":[20.581614,53.793143]},"properties":{"lines":"115, 125","color":"#0059a9","mode":"bus","arr":["115","125"],"angle":39.8}},{"type":"Feature","geometry":{"type":"Point","coordinates":[20.579394,53.794972]},"properties":{"lines":"115, 125","color":"#0059a9","mode":"bus","arr":["115","125"],"angle":71.2,"mi":2}},{"type":"Feature","geometry":{"type":"Point","coordinates":[20.577781,53.797317]},"properties":{"lines":"115, 125","color":"#0059a9","mode":"bus","arr":["115","125"],"angle":66.7,"mi":5}},{"type":"Feature","geometry":{"type":"Point","coordinates":[20.569792,53.800391]},"properties":{"lines":"115, 125","color":"#0059a9","mode":"bus","arr":["115","125"],"angle":21.2,"mi":7}},{"type":"Feature","geometry":{"type":"Point","coordinates":[20.574901,53.799272]},"properties":{"lines":"115, 125","color":"#0059a9","mode":"bus","arr":["115","125"],"angle":19.4,"extra":1,"ei":0}},{"type":"Feature","geometry":{"type":"Point","coordinates":[20.57191,53.799938]},"properties":{"lines":"115, 125","color":"#0059a9","mode":"bus","arr":["115","125"],"angle":20.7,"extra":1,"ei":1}},{"type":"Feature","geometry":{"type":"Point","coordinates":[20.566666,53.801943]},"properties":{"lines":"115, 125","color":"#0059a9","mode":"bus","arr":["115","125"],"angle":65.5,"extra":1,"ei":2}},{"type":"Feature","geometry":{"type":"Point","coordinates":[20.562108,53.803293]},"properties":{"lines":"115, 124, 125","color":"#0059a9","mode":"bus","arr":["115","124","125"],"angle":-22}},{"type":"Feature","geometry":{"type":"Point","coordinates":[20.560174,53.802792]},"properties":{"lines":"115, 124, 125","color":"#0059a9","mode":"bus","arr":["115","124","125"],"angle":-23.9,"extra":1,"ei":0}},{"type":"Feature","geometry":{"type":"Point","coordinates":[20.550588,53.799067]},"properties":{"lines":"115, 124, 125","color":"#0059a9","mode":"bus","arr":["115","124","125"],"angle":-44.3,"mi":1}},{"type":"Feature","geometry":{"type":"Point","coordinates":[20.557239,53.802044]},"properties":{"lines":"115, 124, 125","color":"#0059a9","mode":"bus","arr":["115","124","125"],"angle":-22.8,"extra":1,"ei":0}},{"type":"Feature","geometry":{"type":"Point","coordinates":[20.554306,53.801294]},"properties":{"lines":"115, 124, 125","color":"#0059a9","mode":"bus","arr":["115","124","125"],"angle":-30,"extra":1,"ei":1}},{"type":"Feature","geometry":{"type":"Point","coordinates":[20.551999,53.800011]},"properties":{"lines":"115, 124, 125","color":"#0059a9","mode":"bus","arr":["115","124","125"],"angle":-50.1,"extra":1,"ei":2}},{"type":"Feature","geometry":{"type":"Point","coordinates":[20.546971,53.797773]},"properties":{"lines":"115, 124, 125","color":"#0059a9","mode":"bus","arr":["115","124","125"],"angle":-23.2,"extra":1,"ei":3}},{"type":"Feature","geometry":{"type":"Point","coordinates":[20.543852,53.797688]},"properties":{"lines":"115, 124, 125","color":"#0059a9","mode":"bus","arr":["115","124","125"],"angle":15.9,"extra":1,"ei":4}},{"type":"Feature","geometry":{"type":"Point","coordinates":[20.500861,53.793181]},"properties":{"lines":"115, 124, 125, 131, 132","color":"#0059a9","mode":"bus","arr":["115","124","125","131","132"],"angle":28.1}},{"type":"Feature","geometry":{"type":"Point","coordinates":[20.503332,53.792486]},"properties":{"lines":"115, 124, 125, 131, 132","color":"#0059a9","mode":"bus","arr":["115","124","125","131","132"],"angle":24.5,"extra":1,"ei":0}},{"type":"Feature","geometry":{"type":"Point","coordinates":[20.497582,53.794134]},"properties":{"lines":"115, 124, 125, 131, 132","color":"#0059a9","mode":"bus","arr":["115","124","125","131","132"],"angle":25.5,"extra":1,"ei":1}},{"type":"Feature","geometry":{"type":"Point","coordinates":[20.479395,53.739471]},"properties":{"lines":"121","color":"#0059a9","mode":"bus","arr":["121"],"angle":-9.8,"mi":1}},{"type":"Feature","geometry":{"type":"Point","coordinates":[20.480781,53.73958]},"properties":{"lines":"117, 121, 131, 141, N01","color":"#0059a9","mode":"bus","arr":["117","121","131","141","N01"],"angle":-12,"side":-1}},{"type":"Feature","geometry":{"type":"Point","coordinates":[20.482453,53.739823]},"properties":{"lines":"117, 121, 131, 136, 141, N01","color":"#0059a9","mode":"bus","arr":["117","121","131","136","141","N01"],"angle":-88.1}},{"type":"Feature","geometry":{"type":"Point","coordinates":[20.484693,53.739992]},"properties":{"lines":"117, 121, 131, 136, 141, N01","color":"#0059a9","mode":"bus","arr":["117","121","131","136","141","N01"],"angle":-6.9,"extra":1,"ei":0}},{"type":"Feature","geometry":{"type":"Point","coordinates":[20.50149,53.741512]},"properties":{"lines":"117, 121, 126, 127, 130, 131, 141, 307","color":"#0059a9","mode":"bus","arr":["117","121","126","127","130","131","141","307"],"angle":6.8,"side":-1}},{"type":"Feature","geometry":{"type":"Point","coordinates":[20.488302,53.740048]},"properties":{"lines":"117, 121, 126, 127, 130, 131, 141, 307","color":"#0059a9","mode":"bus","arr":["117","121","126","127","130","131","141","307"],"angle":-4.2,"side":-1,"mi":2}},{"type":"Feature","geometry":{"type":"Point","coordinates":[20.508454,53.741842]},"properties":{"lines":"117, 121, 126, 127, 130, 131, 141, 307","color":"#0059a9","mode":"bus","arr":["117","121","126","127","130","131","141","307"],"angle":-12.3,"side":-1,"mi":1}},{"type":"Feature","geometry":{"type":"Point","coordinates":[20.497614,53.741706]},"properties":{"lines":"117, 121, 126, 127, 130, 131, 141, 307, N01","color":"#0059a9","mode":"bus","arr":["117","121","126","127","130","131","141","307","N01"],"angle":-5.3}},{"type":"Feature","geometry":{"type":"Point","coordinates":[20.507426,53.74177]},"properties":{"lines":"117, 121, 126, 127, 130, 131, 141, 307, N01","color":"#0059a9","mode":"bus","arr":["117","121","126","127","130","131","141","307","N01"],"angle":-14.9,"extra":1,"ei":0}},{"type":"Feature","geometry":{"type":"Point","coordinates":[20.504262,53.741501]},"properties":{"lines":"117, 121, 126, 127, 130, 131, 141, 307, N01","color":"#0059a9","mode":"bus","arr":["117","121","126","127","130","131","141","307","N01"],"angle":-5.1,"extra":1,"ei":1}},{"type":"Feature","geometry":{"type":"Point","coordinates":[20.501081,53.741623]},"properties":{"lines":"117, 121, 126, 127, 130, 131, 141, 307, N01","color":"#0059a9","mode":"bus","arr":["117","121","126","127","130","131","141","307","N01"],"angle":6.5,"extra":1,"ei":2}},{"type":"Feature","geometry":{"type":"Point","coordinates":[20.494779,53.741322]},"properties":{"lines":"117, 121, 126, 127, 130, 131, 141, 307, N01","color":"#0059a9","mode":"bus","arr":["117","121","126","127","130","131","141","307","N01"],"angle":-20,"extra":1,"ei":3}},{"type":"Feature","geometry":{"type":"Point","coordinates":[20.491789,53.740654]},"properties":{"lines":"117, 121, 126, 127, 130, 131, 141, 307, N01","color":"#0059a9","mode":"bus","arr":["117","121","126","127","130","131","141","307","N01"],"angle":-20.7,"extra":1,"ei":4}},{"type":"Feature","geometry":{"type":"Point","coordinates":[20.488718,53.740175]},"properties":{"lines":"117, 121, 126, 127, 130, 131, 141, 307, N01","color":"#0059a9","mode":"bus","arr":["117","121","126","127","130","131","141","307","N01"],"angle":-7.7,"extra":1,"ei":5}},{"type":"Feature","geometry":{"type":"Point","coordinates":[20.506567,53.749122]},"properties":{"lines":"117, 121, 126, 131, 132, 141, 205","color":"#0059a9","mode":"bus","arr":["117","121","126","131","132","141","205"],"angle":38.2}},{"type":"Feature","geometry":{"type":"Point","coordinates":[20.508298,53.744911]},"properties":{"lines":"117, 121, 126, 131, 132, 141, 205","color":"#0059a9","mode":"bus","arr":["117","121","126","131","132","141","205"],"angle":79.8,"extra":1,"ei":0}},{"type":"Feature","geometry":{"type":"Point","coordinates":[20.508148,53.746797]},"properties":{"lines":"117, 121, 126, 131, 132, 141, 205","color":"#0059a9","mode":"bus","arr":["117","121","126","131","132","141","205"],"angle":87.8,"extra":1,"ei":1}},{"type":"Feature","geometry":{"type":"Point","coordinates":[20.503005,53.751238]},"properties":{"lines":"117, 121, 126, 131, 132, 141, 205","color":"#0059a9","mode":"bus","arr":["117","121","126","131","132","141","205"],"angle":68.3,"extra":1,"ei":2}},{"type":"Feature","geometry":{"type":"Point","coordinates":[20.502762,53.753093]},"properties":{"lines":"117, 121, 126, 131, 132, 141, 205","color":"#0059a9","mode":"bus","arr":["117","121","126","131","132","141","205"],"angle":-77.9,"extra":1,"ei":3,"side":-1}},{"type":"Feature","geometry":{"type":"Point","coordinates":[20.503759,53.756579]},"properties":{"lines":"117, 126, 131, 132, 141","color":"#0059a9","mode":"bus","arr":["117","126","131","132","141"],"angle":44.3}},{"type":"Feature","geometry":{"type":"Point","coordinates":[20.503736,53.754425]},"properties":{"lines":"117, 126, 131, 132, 141","color":"#0059a9","mode":"bus","arr":["117","126","131","132","141"],"angle":-58.7,"extra":1,"ei":0,"side":-1}},{"type":"Feature","geometry":{"type":"Point","coordinates":[20.50173,53.757285]},"properties":{"lines":"117, 126, 131, 132, 141","color":"#0059a9","mode":"bus","arr":["117","126","131","132","141"],"angle":28.5,"extra":1,"ei":1}},{"type":"Feature","geometry":{"type":"Point","coordinates":[20.499294,53.758472]},"properties":{"lines":"117, 126, 131, 132, 141","color":"#0059a9","mode":"bus","arr":["117","126","131","132","141"],"angle":57.3,"extra":1,"ei":2}},{"type":"Feature","geometry":{"type":"Point","coordinates":[20.492539,53.772887]},"properties":{"lines":"117","color":"#0059a9","mode":"bus","arr":["117"],"angle":-37.8}},{"type":"Feature","geometry":{"type":"Point","coordinates":[20.509023,53.742411]},"properties":{"lines":"117, 121, 126, 131, 141","color":"#0059a9","mode":"bus","arr":["117","121","126","131","141"],"angle":-85.8}},{"type":"Feature","geometry":{"type":"Point","coordinates":[20.481165,53.739692]},"properties":{"lines":"117, 121, 131, 141","color":"#0059a9","mode":"bus","arr":["117","121","131","141"],"angle":-12.1}},{"type":"Feature","geometry":{"type":"Point","coordinates":[20.488231,53.788465]},"properties":{"lines":"119, 136","color":"#0059a9","mode":"bus","arr":["119","136"],"angle":-52.9}},{"type":"Feature","geometry":{"type":"Point","coordinates":[20.486788,53.787348]},"properties":{"lines":"119, 136","color":"#0059a9","mode":"bus","arr":["119","136"],"angle":-51.7,"extra":1,"ei":0}},{"type":"Feature","geometry":{"type":"Point","coordinates":[20.488614,53.785834]},"properties":{"lines":"119","color":"#0059a9","mode":"bus","arr":["119"],"angle":24.6}},{"type":"Feature","geometry":{"type":"Point","coordinates":[20.48395,53.781945]},"properties":{"lines":"119, N02","color":"#0059a9","mode":"bus","arr":["119","N02"],"angle":-17.7}},{"type":"Feature","geometry":{"type":"Point","coordinates":[20.468427,53.765784]},"properties":{"lines":"119, 128","color":"#0059a9","mode":"bus","arr":["119","128"],"angle":6.5,"side":-1}},{"type":"Feature","geometry":{"type":"Point","coordinates":[20.471123,53.760851]},"properties":{"lines":"119, 128","color":"#0059a9","mode":"bus","arr":["119","128"],"angle":85.9,"mi":1}},{"type":"Feature","geometry":{"type":"Point","coordinates":[20.468824,53.757062]},"properties":{"lines":"119, 128","color":"#0059a9","mode":"bus","arr":["119","128"],"angle":-56.9,"extra":1,"ei":0}},{"type":"Feature","geometry":{"type":"Point","coordinates":[20.47013,53.758709]},"properties":{"lines":"119, 128","color":"#0059a9","mode":"bus","arr":["119","128"],"angle":-40.4,"extra":1,"ei":1}},{"type":"Feature","geometry":{"type":"Point","coordinates":[20.472416,53.763783]},"properties":{"lines":"119, 128","color":"#0059a9","mode":"bus","arr":["119","128"],"angle":-87.5,"extra":1,"ei":2}},{"type":"Feature","geometry":{"type":"Point","coordinates":[20.47171,53.765605]},"properties":{"lines":"119, 128","color":"#0059a9","mode":"bus","arr":["119","128"],"angle":-89.8,"extra":1,"ei":3}},{"type":"Feature","geometry":{"type":"Point","coordinates":[20.472434,53.755521]},"properties":{"lines":"128, 130, 136, 307, N01","color":"#0059a9","mode":"bus","arr":["128","130","136","307","N01"],"angle":22.4,"side":-1}},{"type":"Feature","geometry":{"type":"Point","coordinates":[20.469724,53.755902]},"properties":{"lines":"128, 130, 136, 307, N01","color":"#0059a9","mode":"bus","arr":["128","130","136","307","N01"],"angle":10,"extra":1,"ei":0,"side":-1}},{"type":"Feature","geometry":{"type":"Point","coordinates":[20.475623,53.754533]},"properties":{"lines":"128, 130, 136, 307, N01","color":"#0059a9","mode":"bus","arr":["128","130","136","307","N01"],"angle":22.2,"extra":1,"ei":1,"side":-1}},{"type":"Feature","geometry":{"type":"Point","coordinates":[20.481451,53.754772]},"properties":{"lines":"130, 136, 307, N01","color":"#0059a9","mode":"bus","arr":["130","136","307","N01"],"angle":-24,"side":-1}},{"type":"Feature","geometry":{"type":"Point","coordinates":[20.477975,53.754396]},"properties":{"lines":"130, 136, 307, N01","color":"#0059a9","mode":"bus","arr":["130","136","307","N01"],"angle":-1.5,"extra":1,"ei":0,"side":-1}},{"type":"Feature","geometry":{"type":"Point","coordinates":[20.483935,53.755567]},"properties":{"lines":"130, 136, 307, N01","color":"#0059a9","mode":"bus","arr":["130","136","307","N01"],"angle":-16.8,"extra":1,"ei":1,"side":-1}},{"type":"Feature","geometry":{"type":"Point","coordinates":[20.46492,53.757093]},"properties":{"lines":"119, 130, 136, 307, N01","color":"#0059a9","mode":"bus","arr":["119","130","136","307","N01"],"angle":35.5,"side":-1}},{"type":"Feature","geometry":{"type":"Point","coordinates":[20.457287,53.748064]},"properties":{"lines":"119","color":"#0059a9","mode":"bus","arr":["119"],"angle":74,"mi":3}},{"type":"Feature","geometry":{"type":"Point","coordinates":[20.455699,53.74981]},"properties":{"lines":"119","color":"#0059a9","mode":"bus","arr":["119"],"angle":58.8,"extra":1,"ei":0}},{"type":"Feature","geometry":{"type":"Point","coordinates":[20.457424,53.746291]},"properties":{"lines":"119","color":"#0059a9","mode":"bus","arr":["119"],"angle":-87.8,"extra":1,"ei":1}},{"type":"Feature","geometry":{"type":"Point","coordinates":[20.456585,53.745113]},"properties":{"lines":"119","color":"#0059a9","mode":"bus","arr":["119"],"angle":-3.9}},{"type":"Feature","geometry":{"type":"Point","coordinates":[20.481399,53.781434]},"properties":{"lines":"119","color":"#0059a9","mode":"bus","arr":["119"],"angle":-17.4,"side":-1,"mi":2}},{"type":"Feature","geometry":{"type":"Point","coordinates":[20.489282,53.787003]},"properties":{"lines":"119","color":"#0059a9","mode":"bus","arr":["119"],"angle":26,"mi":1}},{"type":"Feature","geometry":{"type":"Point","coordinates":[20.479058,53.737202]},"properties":{"lines":"121","color":"#0059a9","mode":"bus","arr":["121"],"angle":-80.1}},{"type":"Feature","geometry":{"type":"Point","coordinates":[20.479023,53.73838]},"properties":{"lines":"121","color":"#0059a9","mode":"bus","arr":["121"],"angle":79.4,"extra":1,"ei":0}},{"type":"Feature","geometry":{"type":"Point","coordinates":[20.502299,53.753786]},"properties":{"lines":"121, 205","color":"#0059a9","mode":"bus","arr":["121","205"],"angle":16.6}},{"type":"Feature","geometry":{"type":"Point","coordinates":[20.501752,53.75382]},"properties":{"lines":"121, 205, N01","color":"#0059a9","mode":"bus","arr":["121","205","N01"],"angle":9.6,"mi":1}},{"type":"Feature","geometry":{"type":"Point","coordinates":[20.523698,53.787165]},"properties":{"lines":"121, 128, 141","color":"#0059a9","mode":"bus","arr":["121","128","141"],"angle":11.5}},{"type":"Feature","geometry":{"type":"Point","coordinates":[20.510966,53.785667]},"properties":{"lines":"121, 128, 141","color":"#0059a9","mode":"bus","arr":["121","128","141"],"angle":-10.8,"mi":1}},{"type":"Feature","geometry":{"type":"Point","coordinates":[20.508027,53.785334]},"properties":{"lines":"121, 128, 141","color":"#0059a9","mode":"bus","arr":["121","128","141"],"angle":-10.8,"extra":1,"ei":0}},{"type":"Feature","geometry":{"type":"Point","coordinates":[20.514307,53.786045]},"properties":{"lines":"121, 128, 141","color":"#0059a9","mode":"bus","arr":["121","128","141"],"angle":-10.9,"extra":1,"ei":1}},{"type":"Feature","geometry":{"type":"Point","coordinates":[20.529107,53.786492]},"properties":{"lines":"121, 128, 141","color":"#0059a9","mode":"bus","arr":["121","128","141"],"angle":11.7,"extra":1,"ei":0}},{"type":"Feature","geometry":{"type":"Point","coordinates":[20.525978,53.786878]},"properties":{"lines":"121, 128, 141","color":"#0059a9","mode":"bus","arr":["121","128","141"],"angle":12.1,"extra":1,"ei":1}},{"type":"Feature","geometry":{"type":"Point","coordinates":[20.519823,53.786952]},"properties":{"lines":"121, 128, 141","color":"#0059a9","mode":"bus","arr":["121","128","141"],"angle":-29.2,"extra":1,"ei":2}},{"type":"Feature","geometry":{"type":"Point","coordinates":[20.516983,53.786352]},"properties":{"lines":"121, 128, 141","color":"#0059a9","mode":"bus","arr":["121","128","141"],"angle":67,"extra":1,"ei":0}},{"type":"Feature","geometry":{"type":"Point","coordinates":[20.570358,53.807345]},"properties":{"lines":"124","color":"#0059a9","mode":"bus","arr":["124"],"angle":-31.7}},{"type":"Feature","geometry":{"type":"Point","coordinates":[20.566527,53.804385]},"properties":{"lines":"124","color":"#0059a9","mode":"bus","arr":["124"],"angle":-64.6,"extra":1,"ei":0}},{"type":"Feature","geometry":{"type":"Point","coordinates":[20.567816,53.806113]},"properties":{"lines":"124","color":"#0059a9","mode":"bus","arr":["124"],"angle":-66.9,"extra":1,"ei":1}},{"type":"Feature","geometry":{"type":"Point","coordinates":[20.572812,53.808354]},"properties":{"lines":"124","color":"#0059a9","mode":"bus","arr":["124"],"angle":-35,"extra":1,"ei":2}},{"type":"Feature","geometry":{"type":"Point","coordinates":[20.57543,53.809438]},"properties":{"lines":"124","color":"#0059a9","mode":"bus","arr":["124"],"angle":-34.9,"extra":1,"ei":3}},{"type":"Feature","geometry":{"type":"Point","coordinates":[20.584771,53.811995]},"properties":{"lines":"124","color":"#0059a9","mode":"bus","arr":["124"],"angle":-42}},{"type":"Feature","geometry":{"type":"Point","coordinates":[20.578389,53.810659]},"properties":{"lines":"124","color":"#0059a9","mode":"bus","arr":["124"],"angle":-31.5,"extra":1,"ei":0}},{"type":"Feature","geometry":{"type":"Point","coordinates":[20.581393,53.811275]},"properties":{"lines":"124","color":"#0059a9","mode":"bus","arr":["124"],"angle":-18.1,"extra":1,"ei":1}},{"type":"Feature","geometry":{"type":"Point","coordinates":[20.587322,53.812223]},"properties":{"lines":"124","color":"#0059a9","mode":"bus","arr":["124"],"angle":-0.4,"extra":1,"ei":2}},{"type":"Feature","geometry":{"type":"Point","coordinates":[20.590447,53.812577]},"properties":{"lines":"124","color":"#0059a9","mode":"bus","arr":["124"],"angle":-1,"extra":1,"ei":3}},{"type":"Feature","geometry":{"type":"Point","coordinates":[20.616116,53.819567]},"properties":{"lines":"124","color":"#0059a9","mode":"bus","arr":["124"],"angle":-33.8}},{"type":"Feature","geometry":{"type":"Point","coordinates":[20.594525,53.812224]},"properties":{"lines":"124","color":"#0059a9","mode":"bus","arr":["124"],"angle":10.5,"extra":1,"ei":0}},{"type":"Feature","geometry":{"type":"Point","coordinates":[20.597644,53.812241]},"properties":{"lines":"124","color":"#0059a9","mode":"bus","arr":["124"],"angle":-22.7,"extra":1,"ei":1}},{"type":"Feature","geometry":{"type":"Point","coordinates":[20.600057,53.81341]},"properties":{"lines":"124","color":"#0059a9","mode":"bus","arr":["124"],"angle":-48.5,"extra":1,"ei":2}},{"type":"Feature","geometry":{"type":"Point","coordinates":[20.602831,53.814312]},"properties":{"lines":"124","color":"#0059a9","mode":"bus","arr":["124"],"angle":-33.1,"extra":1,"ei":3}},{"type":"Feature","geometry":{"type":"Point","coordinates":[20.605107,53.815633]},"properties":{"lines":"124","color":"#0059a9","mode":"bus","arr":["124"],"angle":-47.8,"extra":1,"ei":4}},{"type":"Feature","geometry":{"type":"Point","coordinates":[20.607286,53.817015]},"properties":{"lines":"124","color":"#0059a9","mode":"bus","arr":["124"],"angle":-45.3,"extra":1,"ei":5}},{"type":"Feature","geometry":{"type":"Point","coordinates":[20.609843,53.818096]},"properties":{"lines":"124","color":"#0059a9","mode":"bus","arr":["124"],"angle":-11,"extra":1,"ei":6}},{"type":"Feature","geometry":{"type":"Point","coordinates":[20.612497,53.818363]},"properties":{"lines":"124","color":"#0059a9","mode":"bus","arr":["124"],"angle":-20.1,"extra":1,"ei":7}},{"type":"Feature","geometry":{"type":"Point","coordinates":[20.617961,53.820276]},"properties":{"lines":"124","color":"#0059a9","mode":"bus","arr":["124"],"angle":-30.6,"extra":1,"ei":8}},{"type":"Feature","geometry":{"type":"Point","coordinates":[20.621035,53.820414]},"properties":{"lines":"124","color":"#0059a9","mode":"bus","arr":["124"],"angle":5.7,"extra":1,"ei":9}},{"type":"Feature","geometry":{"type":"Point","coordinates":[20.62415,53.820749]},"properties":{"lines":"124","color":"#0059a9","mode":"bus","arr":["124"],"angle":-22.4,"extra":1,"ei":10}},{"type":"Feature","geometry":{"type":"Point","coordinates":[20.627239,53.821049]},"properties":{"lines":"124","color":"#0059a9","mode":"bus","arr":["124"],"angle":11.3,"extra":1,"ei":11}},{"type":"Feature","geometry":{"type":"Point","coordinates":[20.630414,53.820854]},"properties":{"lines":"124","color":"#0059a9","mode":"bus","arr":["124"],"angle":-2.7,"extra":1,"ei":12}},{"type":"Feature","geometry":{"type":"Point","coordinates":[20.633464,53.821221]},"properties":{"lines":"124","color":"#0059a9","mode":"bus","arr":["124"],"angle":18.9,"extra":1,"ei":13}},{"type":"Feature","geometry":{"type":"Point","coordinates":[20.636109,53.820183]},"properties":{"lines":"124","color":"#0059a9","mode":"bus","arr":["124"],"angle":40.3,"extra":1,"ei":14}},{"type":"Feature","geometry":{"type":"Point","coordinates":[20.638555,53.818967]},"properties":{"lines":"124","color":"#0059a9","mode":"bus","arr":["124"],"angle":40.2,"extra":1,"ei":15}},{"type":"Feature","geometry":{"type":"Point","coordinates":[20.641347,53.81851]},"properties":{"lines":"124","color":"#0059a9","mode":"bus","arr":["124"],"angle":-6,"extra":1,"ei":16}},{"type":"Feature","geometry":{"type":"Point","coordinates":[20.597368,53.790682]},"properties":{"lines":"125","color":"#0059a9","mode":"bus","arr":["125"],"angle":78.7,"mi":1}},{"type":"Feature","geometry":{"type":"Point","coordinates":[20.472104,53.72136]},"properties":{"lines":"126, 136","color":"#0059a9","mode":"bus","arr":["126","136"],"angle":-84.6,"mi":2}},{"type":"Feature","geometry":{"type":"Point","coordinates":[20.476526,53.727918]},"properties":{"lines":"126, 136","color":"#0059a9","mode":"bus","arr":["126","136"],"angle":-46.8}},{"type":"Feature","geometry":{"type":"Point","coordinates":[20.478408,53.729884]},"properties":{"lines":"126, 136","color":"#0059a9","mode":"bus","arr":["126","136"],"angle":-74.3,"extra":1,"ei":0}},{"type":"Feature","geometry":{"type":"Point","coordinates":[20.475231,53.726653]},"properties":{"lines":"126, 136","color":"#0059a9","mode":"bus","arr":["126","136"],"angle":-67.6,"extra":1,"ei":1}},{"type":"Feature","geometry":{"type":"Point","coordinates":[20.475011,53.723849]},"properties":{"lines":"126, 136","color":"#0059a9","mode":"bus","arr":["126","136"],"angle":-80,"extra":1,"ei":0}},{"type":"Feature","geometry":{"type":"Point","coordinates":[20.473129,53.722419]},"properties":{"lines":"126, 136","color":"#0059a9","mode":"bus","arr":["126","136"],"angle":-30.3,"extra":1,"ei":1}},{"type":"Feature","geometry":{"type":"Point","coordinates":[20.472462,53.718934]},"properties":{"lines":"126, 136","color":"#0059a9","mode":"bus","arr":["126","136"],"angle":-79,"extra":1,"ei":2}},{"type":"Feature","geometry":{"type":"Point","coordinates":[20.484692,53.731572]},"properties":{"lines":"126","color":"#0059a9","mode":"bus","arr":["126"],"angle":-24,"side":-1}},{"type":"Feature","geometry":{"type":"Point","coordinates":[20.480183,53.730813]},"properties":{"lines":"126","color":"#0059a9","mode":"bus","arr":["126"],"angle":-5,"extra":1,"ei":0,"side":-1}},{"type":"Feature","geometry":{"type":"Point","coordinates":[20.489134,53.732722]},"properties":{"lines":"126","color":"#0059a9","mode":"bus","arr":["126"],"angle":-26.6,"extra":1,"ei":1,"side":-1}},{"type":"Feature","geometry":{"type":"Point","coordinates":[20.485231,53.736109]},"properties":{"lines":"126","color":"#0059a9","mode":"bus","arr":["126"],"angle":71.7,"mi":1}},{"type":"Feature","geometry":{"type":"Point","coordinates":[20.489063,53.733952]},"properties":{"lines":"126","color":"#0059a9","mode":"bus","arr":["126"],"angle":36,"extra":1,"ei":0}},{"type":"Feature","geometry":{"type":"Point","coordinates":[20.486488,53.735071]},"properties":{"lines":"126","color":"#0059a9","mode":"bus","arr":["126"],"angle":40.2,"extra":1,"ei":1}},{"type":"Feature","geometry":{"type":"Point","coordinates":[20.486146,53.73843]},"properties":{"lines":"126","color":"#0059a9","mode":"bus","arr":["126"],"angle":-64.1,"extra":1,"ei":2,"side":-1}},{"type":"Feature","geometry":{"type":"Point","coordinates":[20.477654,53.729025]},"properties":{"lines":"126, 136","color":"#0059a9","mode":"bus","arr":["126","136"],"angle":-83,"mi":1}},{"type":"Feature","geometry":{"type":"Point","coordinates":[20.493012,53.735221]},"properties":{"lines":"205","color":"#0059a9","mode":"bus","arr":["205"],"angle":-32,"side":-1,"mi":3}},{"type":"Feature","geometry":{"type":"Point","coordinates":[20.501411,53.736273]},"properties":{"lines":"127, 205","color":"#0059a9","mode":"bus","arr":["127","205"],"angle":-9.3,"side":-1,"mi":1}},{"type":"Feature","geometry":{"type":"Point","coordinates":[20.497421,53.735873]},"properties":{"lines":"127, 205","color":"#0059a9","mode":"bus","arr":["127","205"],"angle":-10.1,"extra":1,"ei":0,"side":-1}},{"type":"Feature","geometry":{"type":"Point","coordinates":[20.503729,53.736489]},"properties":{"lines":"127, 205","color":"#0059a9","mode":"bus","arr":["127","205"],"angle":-8.3,"extra":1,"ei":1,"side":-1}},{"type":"Feature","geometry":{"type":"Point","coordinates":[20.506871,53.73683]},"properties":{"lines":"127, 205","color":"#0059a9","mode":"bus","arr":["127","205"],"angle":-13.8,"extra":1,"ei":2,"side":-1}},{"type":"Feature","geometry":{"type":"Point","coordinates":[20.507857,53.737263]},"properties":{"lines":"127, 205","color":"#0059a9","mode":"bus","arr":["127","205"],"angle":-35.3}},{"type":"Feature","geometry":{"type":"Point","coordinates":[20.509981,53.739649]},"properties":{"lines":"127, 205, N01","color":"#0059a9","mode":"bus","arr":["127","205","N01"],"angle":-81.6,"side":-1}},{"type":"Feature","geometry":{"type":"Point","coordinates":[20.509457,53.73826]},"properties":{"lines":"127, 205, N01","color":"#0059a9","mode":"bus","arr":["127","205","N01"],"angle":-67.2,"extra":1,"ei":0,"side":-1}},{"type":"Feature","geometry":{"type":"Point","coordinates":[20.509642,53.741957]},"properties":{"lines":"127, 205, N01","color":"#0059a9","mode":"bus","arr":["127","205","N01"],"angle":72.4,"extra":1,"ei":1,"side":-1}},{"type":"Feature","geometry":{"type":"Point","coordinates":[20.487069,53.746514]},"properties":{"lines":"127, 130, 136, 307, N01","color":"#0059a9","mode":"bus","arr":["127","130","136","307","N01"],"angle":-82.5,"side":-1}},{"type":"Feature","geometry":{"type":"Point","coordinates":[20.486522,53.74109]},"properties":{"lines":"127, 130, 136, 307, N01","color":"#0059a9","mode":"bus","arr":["127","130","136","307","N01"],"angle":87.7,"extra":1,"ei":0}},{"type":"Feature","geometry":{"type":"Point","coordinates":[20.486433,53.742978]},"properties":{"lines":"127, 130, 136, 307, N01","color":"#0059a9","mode":"bus","arr":["127","130","136","307","N01"],"angle":-88.8,"extra":1,"ei":1,"side":-1}},{"type":"Feature","geometry":{"type":"Point","coordinates":[20.4867,53.744858]},"properties":{"lines":"127, 130, 136, 307, N01","color":"#0059a9","mode":"bus","arr":["127","130","136","307","N01"],"angle":-82.7,"extra":1,"ei":2,"side":-1}},{"type":"Feature","geometry":{"type":"Point","coordinates":[20.487087,53.748603]},"properties":{"lines":"127, 130, 136, 307, N01","color":"#0059a9","mode":"bus","arr":["127","130","136","307","N01"],"angle":75.2,"extra":1,"ei":3}},{"type":"Feature","geometry":{"type":"Point","coordinates":[20.486396,53.750439]},"properties":{"lines":"127, 130, 136, 307, N01","color":"#0059a9","mode":"bus","arr":["127","130","136","307","N01"],"angle":87.1,"extra":1,"ei":4}},{"type":"Feature","geometry":{"type":"Point","coordinates":[20.486323,53.752326]},"properties":{"lines":"127, 130, 136, 307, N01","color":"#0059a9","mode":"bus","arr":["127","130","136","307","N01"],"angle":-89.8,"extra":1,"ei":5,"side":-1}},{"type":"Feature","geometry":{"type":"Point","coordinates":[20.486999,53.761207]},"properties":{"lines":"127","color":"#0059a9","mode":"bus","arr":["127"],"angle":-85.5,"side":-1}},{"type":"Feature","geometry":{"type":"Point","coordinates":[20.48664,53.756726]},"properties":{"lines":"127","color":"#0059a9","mode":"bus","arr":["127"],"angle":-85.1,"extra":1,"ei":0,"side":-1}},{"type":"Feature","geometry":{"type":"Point","coordinates":[20.486862,53.75861]},"properties":{"lines":"127","color":"#0059a9","mode":"bus","arr":["127"],"angle":-88.6,"extra":1,"ei":1,"side":-1}},{"type":"Feature","geometry":{"type":"Point","coordinates":[20.486847,53.762375]},"properties":{"lines":"127","color":"#0059a9","mode":"bus","arr":["127"],"angle":77.4,"extra":1,"ei":2}},{"type":"Feature","geometry":{"type":"Point","coordinates":[20.486106,53.764211]},"properties":{"lines":"127","color":"#0059a9","mode":"bus","arr":["127"],"angle":86.3,"extra":1,"ei":3}},{"type":"Feature","geometry":{"type":"Point","coordinates":[20.487329,53.765895]},"properties":{"lines":"127","color":"#0059a9","mode":"bus","arr":["127"],"angle":-48.2,"extra":1,"ei":4,"side":-1}},{"type":"Feature","geometry":{"type":"Point","coordinates":[20.486538,53.7664]},"properties":{"lines":"127","color":"#0059a9","mode":"bus","arr":["127"],"angle":75,"side":-1,"mi":1}},{"type":"Feature","geometry":{"type":"Point","coordinates":[20.549505,53.778514]},"properties":{"lines":"128","color":"#0059a9","mode":"bus","arr":["128"],"angle":-77.8,"mi":2}},{"type":"Feature","geometry":{"type":"Point","coordinates":[20.549688,53.777338]},"properties":{"lines":"128","color":"#0059a9","mode":"bus","arr":["128"],"angle":-7.9,"mi":1}},{"type":"Feature","geometry":{"type":"Point","coordinates":[20.474757,53.750156]},"properties":{"lines":"128","color":"#0059a9","mode":"bus","arr":["128"],"angle":-70.5,"mi":1}},{"type":"Feature","geometry":{"type":"Point","coordinates":[20.476331,53.754005]},"properties":{"lines":"128","color":"#0059a9","mode":"bus","arr":["128"],"angle":-48.6}},{"type":"Feature","geometry":{"type":"Point","coordinates":[20.472714,53.747427]},"properties":{"lines":"128","color":"#0059a9","mode":"bus","arr":["128"],"angle":-62.9,"extra":1,"ei":0}},{"type":"Feature","geometry":{"type":"Point","coordinates":[20.476129,53.752708]},"properties":{"lines":"128","color":"#0059a9","mode":"bus","arr":["128"],"angle":-76.1,"extra":1,"ei":1}},{"type":"Feature","geometry":{"type":"Point","coordinates":[20.543781,53.782633]},"properties":{"lines":"128, 304","color":"#0059a9","mode":"bus","arr":["128","304"],"angle":31.4,"mi":3}},{"type":"Feature","geometry":{"type":"Point","coordinates":[20.548202,53.781054]},"properties":{"lines":"128, 304","color":"#0059a9","mode":"bus","arr":["128","304"],"angle":34.9}},{"type":"Feature","geometry":{"type":"Point","coordinates":[20.541355,53.783653]},"properties":{"lines":"128, 304","color":"#0059a9","mode":"bus","arr":["128","304"],"angle":36.7,"extra":1,"ei":0}},{"type":"Feature","geometry":{"type":"Point","coordinates":[20.549732,53.779613]},"properties":{"lines":"128, 304","color":"#0059a9","mode":"bus","arr":["128","304"],"angle":71.6,"side":-1,"mi":1}},{"type":"Feature","geometry":{"type":"Point","coordinates":[20.549799,53.77933]},"properties":{"lines":"128, 304","color":"#0059a9","mode":"bus","arr":["128","304"],"angle":-81.1,"mi":2}},{"type":"Feature","geometry":{"type":"Point","coordinates":[20.549251,53.77776]},"properties":{"lines":"128","color":"#0059a9","mode":"bus","arr":["128"],"angle":-80.2}},{"type":"Feature","geometry":{"type":"Point","coordinates":[20.509924,53.742311]},"properties":{"lines":"132","color":"#0059a9","mode":"bus","arr":["132"],"angle":17}},{"type":"Feature","geometry":{"type":"Point","coordinates":[20.511301,53.766351]},"properties":{"lines":"135","color":"#0059a9","mode":"bus","arr":["135"],"angle":7.3,"mi":2}},{"type":"Feature","geometry":{"type":"Point","coordinates":[20.504798,53.765772]},"properties":{"lines":"135","color":"#0059a9","mode":"bus","arr":["135"],"angle":-57.9,"mi":5}},{"type":"Feature","geometry":{"type":"Point","coordinates":[20.513905,53.769024]},"properties":{"lines":"135","color":"#0059a9","mode":"bus","arr":["135"],"angle":79.3,"extra":1,"ei":0}},{"type":"Feature","geometry":{"type":"Point","coordinates":[20.512872,53.767271]},"properties":{"lines":"135","color":"#0059a9","mode":"bus","arr":["135"],"angle":-65.2,"extra":1,"ei":1}},{"type":"Feature","geometry":{"type":"Point","coordinates":[20.507528,53.766405]},"properties":{"lines":"135","color":"#0059a9","mode":"bus","arr":["135"],"angle":-24,"extra":1,"ei":2}},{"type":"Feature","geometry":{"type":"Point","coordinates":[20.483668,53.770947]},"properties":{"lines":"135","color":"#0059a9","mode":"bus","arr":["135"],"angle":-65.6,"mi":1}},{"type":"Feature","geometry":{"type":"Point","coordinates":[20.485448,53.773988]},"properties":{"lines":"135","color":"#0059a9","mode":"bus","arr":["135"],"angle":-64.1,"mi":3}},{"type":"Feature","geometry":{"type":"Point","coordinates":[20.519333,53.76444]},"properties":{"lines":"135","color":"#0059a9","mode":"bus","arr":["135"],"angle":25.8,"mi":1}},{"type":"Feature","geometry":{"type":"Point","coordinates":[20.476878,53.773171]},"properties":{"lines":"135","color":"#0059a9","mode":"bus","arr":["135"],"angle":82.1,"mi":2}},{"type":"Feature","geometry":{"type":"Point","coordinates":[20.468298,53.782406]},"properties":{"lines":"135","color":"#0059a9","mode":"bus","arr":["135"],"angle":84.8}},{"type":"Feature","geometry":{"type":"Point","coordinates":[20.468518,53.780017]},"properties":{"lines":"135","color":"#0059a9","mode":"bus","arr":["135"],"angle":59.3,"extra":1,"ei":0}},{"type":"Feature","geometry":{"type":"Point","coordinates":[20.468293,53.783675]},"properties":{"lines":"135","color":"#0059a9","mode":"bus","arr":["135"],"angle":43.1,"extra":1,"ei":1}},{"type":"Feature","geometry":{"type":"Point","coordinates":[20.465179,53.784067]},"properties":{"lines":"135","color":"#0059a9","mode":"bus","arr":["135"],"angle":9.4,"extra":1,"ei":2}},{"type":"Feature","geometry":{"type":"Point","coordinates":[20.464814,53.781118]},"properties":{"lines":"135","color":"#0059a9","mode":"bus","arr":["135"],"angle":82.8,"mi":1}},{"type":"Feature","geometry":{"type":"Point","coordinates":[20.46453,53.783175]},"properties":{"lines":"135","color":"#0059a9","mode":"bus","arr":["135"],"angle":-77.7,"extra":1,"ei":0}},{"type":"Feature","geometry":{"type":"Point","coordinates":[20.46497,53.779422]},"properties":{"lines":"135","color":"#0059a9","mode":"bus","arr":["135"],"angle":88.3,"extra":1,"ei":1}},{"type":"Feature","geometry":{"type":"Point","coordinates":[20.478307,53.773445]},"properties":{"lines":"135","color":"#0059a9","mode":"bus","arr":["135"],"angle":-79.8}},{"type":"Feature","geometry":{"type":"Point","coordinates":[20.523972,53.766364]},"properties":{"lines":"135","color":"#0059a9","mode":"bus","arr":["135"],"angle":-8.3,"mi":4}},{"type":"Feature","geometry":{"type":"Point","coordinates":[20.519472,53.768826]},"properties":{"lines":"135","color":"#0059a9","mode":"bus","arr":["135"],"angle":76.4,"extra":1,"ei":0}},{"type":"Feature","geometry":{"type":"Point","coordinates":[20.520943,53.767247]},"properties":{"lines":"135","color":"#0059a9","mode":"bus","arr":["135"],"angle":25.3,"extra":1,"ei":1}},{"type":"Feature","geometry":{"type":"Point","coordinates":[20.523554,53.763688]},"properties":{"lines":"135","color":"#0059a9","mode":"bus","arr":["135"],"angle":-48.9,"mi":3}},{"type":"Feature","geometry":{"type":"Point","coordinates":[20.518485,53.764312]},"properties":{"lines":"135","color":"#0059a9","mode":"bus","arr":["135"],"angle":-58.2}},{"type":"Feature","geometry":{"type":"Point","coordinates":[20.523832,53.765444]},"properties":{"lines":"135","color":"#0059a9","mode":"bus","arr":["135"],"angle":80.5,"extra":1,"ei":0}},{"type":"Feature","geometry":{"type":"Point","coordinates":[20.520388,53.763556]},"properties":{"lines":"135","color":"#0059a9","mode":"bus","arr":["135"],"angle":34.1,"extra":1,"ei":1}},{"type":"Feature","geometry":{"type":"Point","coordinates":[20.480445,53.735536]},"properties":{"lines":"136","color":"#0059a9","mode":"bus","arr":["136"],"angle":-66.3}},{"type":"Feature","geometry":{"type":"Point","coordinates":[20.479033,53.731866]},"properties":{"lines":"136","color":"#0059a9","mode":"bus","arr":["136"],"angle":-79.5,"extra":1,"ei":0}},{"type":"Feature","geometry":{"type":"Point","coordinates":[20.479886,53.733683]},"properties":{"lines":"136","color":"#0059a9","mode":"bus","arr":["136"],"angle":-73.8,"extra":1,"ei":1}},{"type":"Feature","geometry":{"type":"Point","coordinates":[20.482031,53.737142]},"properties":{"lines":"136","color":"#0059a9","mode":"bus","arr":["136"],"angle":-46.8,"extra":1,"ei":2}},{"type":"Feature","geometry":{"type":"Point","coordinates":[20.482771,53.738869]},"properties":{"lines":"136","color":"#0059a9","mode":"bus","arr":["136"],"angle":77.9,"extra":1,"ei":3}},{"type":"Feature","geometry":{"type":"Point","coordinates":[20.484376,53.785918]},"properties":{"lines":"136","color":"#0059a9","mode":"bus","arr":["136"],"angle":-34}},{"type":"Feature","geometry":{"type":"Point","coordinates":[20.512416,53.780463]},"properties":{"lines":"141","color":"#0059a9","mode":"bus","arr":["141"],"angle":-89.3}},{"type":"Feature","geometry":{"type":"Point","coordinates":[20.506909,53.784961]},"properties":{"lines":"141","color":"#0059a9","mode":"bus","arr":["141"],"angle":-59.6,"side":-1,"mi":1}},{"type":"Feature","geometry":{"type":"Point","coordinates":[20.531118,53.785865]},"properties":{"lines":"141","color":"#0059a9","mode":"bus","arr":["141"],"angle":-87.5,"mi":1}},{"type":"Feature","geometry":{"type":"Point","coordinates":[20.537983,53.782523]},"properties":{"lines":"141","color":"#0059a9","mode":"bus","arr":["141"],"angle":-55.4}},{"type":"Feature","geometry":{"type":"Point","coordinates":[20.539275,53.783544]},"properties":{"lines":"141","color":"#0059a9","mode":"bus","arr":["141"],"angle":-54.5,"extra":1,"ei":0}},{"type":"Feature","geometry":{"type":"Point","coordinates":[20.401545,53.802939]},"properties":{"lines":"145","color":"#0059a9","mode":"bus","arr":["145"],"angle":-48.7,"mi":2}},{"type":"Feature","geometry":{"type":"Point","coordinates":[20.399057,53.80154]},"properties":{"lines":"145","color":"#0059a9","mode":"bus","arr":["145"],"angle":19.2,"mi":1}},{"type":"Feature","geometry":{"type":"Point","coordinates":[20.39304,53.800899]},"properties":{"lines":"145","color":"#0059a9","mode":"bus","arr":["145"],"angle":3.3}},{"type":"Feature","geometry":{"type":"Point","coordinates":[20.396682,53.801207]},"properties":{"lines":"145","color":"#0059a9","mode":"bus","arr":["145"],"angle":-17.4,"extra":1,"ei":0}},{"type":"Feature","geometry":{"type":"Point","coordinates":[20.39038,53.800787]},"properties":{"lines":"145","color":"#0059a9","mode":"bus","arr":["145"],"angle":-23,"extra":1,"ei":1}},{"type":"Feature","geometry":{"type":"Point","coordinates":[20.380898,53.798391]},"properties":{"lines":"145","color":"#0059a9","mode":"bus","arr":["145"],"angle":20.3,"mi":3}},{"type":"Feature","geometry":{"type":"Point","coordinates":[20.374553,53.799544]},"properties":{"lines":"145","color":"#0059a9","mode":"bus","arr":["145"],"angle":23.3,"extra":1,"ei":0}},{"type":"Feature","geometry":{"type":"Point","coordinates":[20.377481,53.798791]},"properties":{"lines":"145","color":"#0059a9","mode":"bus","arr":["145"],"angle":14.3,"extra":1,"ei":1}},{"type":"Feature","geometry":{"type":"Point","coordinates":[20.383666,53.798374]},"properties":{"lines":"145","color":"#0059a9","mode":"bus","arr":["145"],"angle":-28.9,"extra":1,"ei":2}},{"type":"Feature","geometry":{"type":"Point","coordinates":[20.386036,53.799613]},"properties":{"lines":"145","color":"#0059a9","mode":"bus","arr":["145"],"angle":-33.9,"extra":1,"ei":3}},{"type":"Feature","geometry":{"type":"Point","coordinates":[20.365454,53.802773]},"properties":{"lines":"145","color":"#0059a9","mode":"bus","arr":["145"],"angle":81.9,"mi":1}},{"type":"Feature","geometry":{"type":"Point","coordinates":[20.371534,53.799329]},"properties":{"lines":"145","color":"#0059a9","mode":"bus","arr":["145"],"angle":-29.4,"extra":1,"ei":0}},{"type":"Feature","geometry":{"type":"Point","coordinates":[20.368576,53.798722]},"properties":{"lines":"145","color":"#0059a9","mode":"bus","arr":["145"],"angle":5.9,"extra":1,"ei":1}},{"type":"Feature","geometry":{"type":"Point","coordinates":[20.365744,53.799527]},"properties":{"lines":"145","color":"#0059a9","mode":"bus","arr":["145"],"angle":61.6,"extra":1,"ei":2}},{"type":"Feature","geometry":{"type":"Point","coordinates":[20.365544,53.801366]},"properties":{"lines":"145","color":"#0059a9","mode":"bus","arr":["145"],"angle":88.3,"extra":1,"ei":3}},{"type":"Feature","geometry":{"type":"Point","coordinates":[20.365897,53.805047]},"properties":{"lines":"145","color":"#0059a9","mode":"bus","arr":["145"],"angle":-65.4,"extra":1,"ei":4}},{"type":"Feature","geometry":{"type":"Point","coordinates":[20.367582,53.806646]},"properties":{"lines":"145","color":"#0059a9","mode":"bus","arr":["145"],"angle":-51,"extra":1,"ei":5}},{"type":"Feature","geometry":{"type":"Point","coordinates":[20.369931,53.807913]},"properties":{"lines":"145","color":"#0059a9","mode":"bus","arr":["145"],"angle":-54,"extra":1,"ei":6}},{"type":"Feature","geometry":{"type":"Point","coordinates":[20.37171,53.80944]},"properties":{"lines":"145","color":"#0059a9","mode":"bus","arr":["145"],"angle":-18}},{"type":"Feature","geometry":{"type":"Point","coordinates":[20.30112,53.800687]},"properties":{"lines":"145","color":"#0059a9","mode":"bus","arr":["145"],"angle":70,"mi":2}},{"type":"Feature","geometry":{"type":"Point","coordinates":[20.30002,53.807782]},"properties":{"lines":"145","color":"#0059a9","mode":"bus","arr":["145"],"angle":-74.7,"mi":3}},{"type":"Feature","geometry":{"type":"Point","coordinates":[20.301083,53.809994]},"properties":{"lines":"145","color":"#0059a9","mode":"bus","arr":["145"],"angle":-74.4,"extra":1,"ei":0}},{"type":"Feature","geometry":{"type":"Point","coordinates":[20.299341,53.806359]},"properties":{"lines":"145","color":"#0059a9","mode":"bus","arr":["145"],"angle":-74,"extra":1,"ei":1}},{"type":"Feature","geometry":{"type":"Point","coordinates":[20.334299,53.803822]},"properties":{"lines":"145","color":"#0059a9","mode":"bus","arr":["145"],"angle":-20.1}},{"type":"Feature","geometry":{"type":"Point","coordinates":[20.299338,53.799632]},"properties":{"lines":"145","color":"#0059a9","mode":"bus","arr":["145"],"angle":-21.2,"extra":1,"ei":0}},{"type":"Feature","geometry":{"type":"Point","coordinates":[20.302268,53.800379]},"properties":{"lines":"145","color":"#0059a9","mode":"bus","arr":["145"],"angle":-29.4,"extra":1,"ei":1}},{"type":"Feature","geometry":{"type":"Point","coordinates":[20.305074,53.80128]},"properties":{"lines":"145","color":"#0059a9","mode":"bus","arr":["145"],"angle":-19.3,"extra":1,"ei":2}},{"type":"Feature","geometry":{"type":"Point","coordinates":[20.308167,53.801362]},"properties":{"lines":"145","color":"#0059a9","mode":"bus","arr":["145"],"angle":30.9,"extra":1,"ei":3}},{"type":"Feature","geometry":{"type":"Point","coordinates":[20.310972,53.800859]},"properties":{"lines":"145","color":"#0059a9","mode":"bus","arr":["145"],"angle":-25.8,"extra":1,"ei":4}},{"type":"Feature","geometry":{"type":"Point","coordinates":[20.314062,53.801195]},"properties":{"lines":"145","color":"#0059a9","mode":"bus","arr":["145"],"angle":-1.7,"extra":1,"ei":5}},{"type":"Feature","geometry":{"type":"Point","coordinates":[20.317182,53.801507]},"properties":{"lines":"145","color":"#0059a9","mode":"bus","arr":["145"],"angle":-1.8,"extra":1,"ei":6}},{"type":"Feature","geometry":{"type":"Point","coordinates":[20.320331,53.801449]},"properties":{"lines":"145","color":"#0059a9","mode":"bus","arr":["145"],"angle":-6.5,"extra":1,"ei":7}},{"type":"Feature","geometry":{"type":"Point","coordinates":[20.323489,53.801685]},"properties":{"lines":"145","color":"#0059a9","mode":"bus","arr":["145"],"angle":-19.6,"extra":1,"ei":8}},{"type":"Feature","geometry":{"type":"Point","coordinates":[20.326573,53.802165]},"properties":{"lines":"145","color":"#0059a9","mode":"bus","arr":["145"],"angle":-11,"extra":1,"ei":9}},{"type":"Feature","geometry":{"type":"Point","coordinates":[20.32969,53.80256]},"properties":{"lines":"145","color":"#0059a9","mode":"bus","arr":["145"],"angle":-24.1,"extra":1,"ei":10}},{"type":"Feature","geometry":{"type":"Point","coordinates":[20.338627,53.804545]},"properties":{"lines":"145","color":"#0059a9","mode":"bus","arr":["145"],"angle":-13.1,"extra":1,"ei":11}},{"type":"Feature","geometry":{"type":"Point","coordinates":[20.341719,53.805024]},"properties":{"lines":"145","color":"#0059a9","mode":"bus","arr":["145"],"angle":-15.6,"extra":1,"ei":12}},{"type":"Feature","geometry":{"type":"Point","coordinates":[20.344849,53.80538]},"properties":{"lines":"145","color":"#0059a9","mode":"bus","arr":["145"],"angle":-5.5,"extra":1,"ei":13}},{"type":"Feature","geometry":{"type":"Point","coordinates":[20.348041,53.805477]},"properties":{"lines":"145","color":"#0059a9","mode":"bus","arr":["145"],"angle":-1.6,"extra":1,"ei":14}},{"type":"Feature","geometry":{"type":"Point","coordinates":[20.351175,53.805787]},"properties":{"lines":"145","color":"#0059a9","mode":"bus","arr":["145"],"angle":-16.5,"extra":1,"ei":15}},{"type":"Feature","geometry":{"type":"Point","coordinates":[20.354196,53.806404]},"properties":{"lines":"145","color":"#0059a9","mode":"bus","arr":["145"],"angle":-20.1,"extra":1,"ei":16}},{"type":"Feature","geometry":{"type":"Point","coordinates":[20.357199,53.807052]},"properties":{"lines":"145","color":"#0059a9","mode":"bus","arr":["145"],"angle":-20.1,"extra":1,"ei":17}},{"type":"Feature","geometry":{"type":"Point","coordinates":[20.360199,53.807702]},"properties":{"lines":"145","color":"#0059a9","mode":"bus","arr":["145"],"angle":-16.5,"extra":1,"ei":18}},{"type":"Feature","geometry":{"type":"Point","coordinates":[20.363293,53.80817]},"properties":{"lines":"145","color":"#0059a9","mode":"bus","arr":["145"],"angle":-18.6,"extra":1,"ei":19}},{"type":"Feature","geometry":{"type":"Point","coordinates":[20.36632,53.808778]},"properties":{"lines":"145","color":"#0059a9","mode":"bus","arr":["145"],"angle":-19,"extra":1,"ei":20}},{"type":"Feature","geometry":{"type":"Point","coordinates":[20.369339,53.809399]},"properties":{"lines":"145","color":"#0059a9","mode":"bus","arr":["145"],"angle":-19.5,"extra":1,"ei":21}},{"type":"Feature","geometry":{"type":"Point","coordinates":[20.299756,53.803033]},"properties":{"lines":"145","color":"#0059a9","mode":"bus","arr":["145"],"angle":71}},{"type":"Feature","geometry":{"type":"Point","coordinates":[20.297211,53.801941]},"properties":{"lines":"145","color":"#0059a9","mode":"bus","arr":["145"],"angle":-74.4,"mi":1}},{"type":"Feature","geometry":{"type":"Point","coordinates":[20.298077,53.803755]},"properties":{"lines":"145","color":"#0059a9","mode":"bus","arr":["145"],"angle":-74,"extra":1,"ei":0}},{"type":"Feature","geometry":{"type":"Point","coordinates":[20.297429,53.8001]},"properties":{"lines":"145","color":"#0059a9","mode":"bus","arr":["145"],"angle":74.1,"extra":1,"ei":1}},{"type":"Feature","geometry":{"type":"Point","coordinates":[20.302949,53.817973]},"properties":{"lines":"145","color":"#0059a9","mode":"bus","arr":["145"],"angle":-85.6}},{"type":"Feature","geometry":{"type":"Point","coordinates":[20.305504,53.823865]},"properties":{"lines":"145","color":"#0059a9","mode":"bus","arr":["145"],"angle":79.8,"extra":1,"ei":0}},{"type":"Feature","geometry":{"type":"Point","coordinates":[20.305173,53.822002]},"properties":{"lines":"145","color":"#0059a9","mode":"bus","arr":["145"],"angle":-75.3,"extra":1,"ei":1}},{"type":"Feature","geometry":{"type":"Point","coordinates":[20.303519,53.820397]},"properties":{"lines":"145","color":"#0059a9","mode":"bus","arr":["145"],"angle":-62,"extra":1,"ei":2}},{"type":"Feature","geometry":{"type":"Point","coordinates":[20.30231,53.81673]},"properties":{"lines":"145","color":"#0059a9","mode":"bus","arr":["145"],"angle":-69.5,"extra":1,"ei":3}},{"type":"Feature","geometry":{"type":"Point","coordinates":[20.30161,53.814902]},"properties":{"lines":"145","color":"#0059a9","mode":"bus","arr":["145"],"angle":-86.7,"extra":1,"ei":4}},{"type":"Feature","geometry":{"type":"Point","coordinates":[20.301503,53.813015]},"properties":{"lines":"145","color":"#0059a9","mode":"bus","arr":["145"],"angle":-88.5,"extra":1,"ei":5}},{"type":"Feature","geometry":{"type":"Point","coordinates":[20.301409,53.811127]},"properties":{"lines":"145","color":"#0059a9","mode":"bus","arr":["145"],"angle":-88.1,"extra":1,"ei":6}},{"type":"Feature","geometry":{"type":"Point","coordinates":[20.308155,53.826428]},"properties":{"lines":"145","color":"#0059a9","mode":"bus","arr":["145"],"angle":-35.8}},{"type":"Feature","geometry":{"type":"Point","coordinates":[20.309942,53.827374]},"properties":{"lines":"145","color":"#0059a9","mode":"bus","arr":["145"],"angle":-56.7,"extra":1,"ei":0}},{"type":"Feature","geometry":{"type":"Point","coordinates":[20.305291,53.824837]},"properties":{"lines":"145","color":"#0059a9","mode":"bus","arr":["145"],"angle":-56.2,"extra":1,"ei":1}},{"type":"Feature","geometry":{"type":"Point","coordinates":[20.49309,53.732565]},"properties":{"lines":"205","color":"#0059a9","mode":"bus","arr":["205"],"angle":-43.5,"mi":2}},{"type":"Feature","geometry":{"type":"Point","coordinates":[20.492232,53.733377]},"properties":{"lines":"205","color":"#0059a9","mode":"bus","arr":["205"],"angle":39.5}},{"type":"Feature","geometry":{"type":"Point","coordinates":[20.492905,53.755049]},"properties":{"lines":"205","color":"#0059a9","mode":"bus","arr":["205"],"angle":64.6}},{"type":"Feature","geometry":{"type":"Point","coordinates":[20.491322,53.732831]},"properties":{"lines":"205","color":"#0059a9","mode":"bus","arr":["205"],"angle":35.1,"mi":1}},{"type":"Feature","geometry":{"type":"Point","coordinates":[20.569463,53.780971]},"properties":{"lines":"304","color":"#0059a9","mode":"bus","arr":["304"],"angle":-39.8}},{"type":"Feature","geometry":{"type":"Point","coordinates":[20.551193,53.778639]},"properties":{"lines":"304","color":"#0059a9","mode":"bus","arr":["304"],"angle":11.1,"extra":1,"ei":0}},{"type":"Feature","geometry":{"type":"Point","coordinates":[20.554232,53.778111]},"properties":{"lines":"304","color":"#0059a9","mode":"bus","arr":["304"],"angle":35.3,"extra":1,"ei":1}},{"type":"Feature","geometry":{"type":"Point","coordinates":[20.556689,53.776903]},"properties":{"lines":"304","color":"#0059a9","mode":"bus","arr":["304"],"angle":38.9,"extra":1,"ei":2}},{"type":"Feature","geometry":{"type":"Point","coordinates":[20.559544,53.776076]},"properties":{"lines":"304","color":"#0059a9","mode":"bus","arr":["304"],"angle":22.1,"extra":1,"ei":3}},{"type":"Feature","geometry":{"type":"Point","coordinates":[20.561887,53.776299]},"properties":{"lines":"304","color":"#0059a9","mode":"bus","arr":["304"],"angle":-52.8,"extra":1,"ei":4}},{"type":"Feature","geometry":{"type":"Point","coordinates":[20.564726,53.777088]},"properties":{"lines":"304","color":"#0059a9","mode":"bus","arr":["304"],"angle":-41.5,"extra":1,"ei":5}},{"type":"Feature","geometry":{"type":"Point","coordinates":[20.5655,53.778843]},"properties":{"lines":"304","color":"#0059a9","mode":"bus","arr":["304"],"angle":-74.8,"extra":1,"ei":6}},{"type":"Feature","geometry":{"type":"Point","coordinates":[20.567761,53.780136]},"properties":{"lines":"304","color":"#0059a9","mode":"bus","arr":["304"],"angle":-39.7,"extra":1,"ei":7}},{"type":"Feature","geometry":{"type":"Point","coordinates":[20.572676,53.782552]},"properties":{"lines":"304","color":"#0059a9","mode":"bus","arr":["304"],"angle":-39.7,"extra":1,"ei":8}},{"type":"Feature","geometry":{"type":"Point","coordinates":[20.575132,53.783761]},"properties":{"lines":"304","color":"#0059a9","mode":"bus","arr":["304"],"angle":-38.9,"extra":1,"ei":9}},{"type":"Feature","geometry":{"type":"Point","coordinates":[20.577786,53.784809]},"properties":{"lines":"304","color":"#0059a9","mode":"bus","arr":["304"],"angle":-28.6,"extra":1,"ei":10}},{"type":"Feature","geometry":{"type":"Point","coordinates":[20.58071,53.785564]},"properties":{"lines":"304","color":"#0059a9","mode":"bus","arr":["304"],"angle":-17.6,"extra":1,"ei":11}},{"type":"Feature","geometry":{"type":"Point","coordinates":[20.5838,53.786045]},"properties":{"lines":"304","color":"#0059a9","mode":"bus","arr":["304"],"angle":-11,"extra":1,"ei":12}},{"type":"Feature","geometry":{"type":"Point","coordinates":[20.586986,53.786185]},"properties":{"lines":"304","color":"#0059a9","mode":"bus","arr":["304"],"angle":-1.7,"extra":1,"ei":13}},{"type":"Feature","geometry":{"type":"Point","coordinates":[20.590182,53.786187]},"properties":{"lines":"304","color":"#0059a9","mode":"bus","arr":["304"],"angle":0.1,"extra":1,"ei":14}},{"type":"Feature","geometry":{"type":"Point","coordinates":[20.59255,53.787238]},"properties":{"lines":"304","color":"#0059a9","mode":"bus","arr":["304"],"angle":-88.7}},{"type":"Feature","geometry":{"type":"Point","coordinates":[20.450695,53.775856]},"properties":{"lines":"307","color":"#0059a9","mode":"bus","arr":["307"],"angle":75.3}},{"type":"Feature","geometry":{"type":"Point","coordinates":[20.450506,53.777079]},"properties":{"lines":"307","color":"#0059a9","mode":"bus","arr":["307"],"angle":6,"mi":1}},{"type":"Feature","geometry":{"type":"Point","coordinates":[20.442556,53.772475]},"properties":{"lines":"307","color":"#0059a9","mode":"bus","arr":["307"],"angle":45.3,"mi":2}},{"type":"Feature","geometry":{"type":"Point","coordinates":[20.509423,53.742074]},"properties":{"lines":"N01","color":"#0059a9","mode":"bus","arr":["N01"],"angle":-11.7,"side":-1}},{"type":"Feature","geometry":{"type":"Point","coordinates":[20.475625,53.773158]},"properties":{"lines":"N02","color":"#0059a9","mode":"bus","arr":["N02"],"angle":83.3,"side":-1}},{"type":"Feature","geometry":{"type":"Point","coordinates":[20.422723,53.767462]},"properties":{"lines":"N02","color":"#0059a9","mode":"bus","arr":["N02"],"angle":16.9}},{"type":"Feature","geometry":{"type":"Point","coordinates":[20.419695,53.768267]},"properties":{"lines":"N02","color":"#0059a9","mode":"bus","arr":["N02"],"angle":14.1,"extra":1,"ei":0}},{"type":"Feature","geometry":{"type":"Point","coordinates":[20.42572,53.767693]},"properties":{"lines":"N02","color":"#0059a9","mode":"bus","arr":["N02"],"angle":-18.2,"extra":1,"ei":1}},{"type":"Feature","geometry":{"type":"Point","coordinates":[20.478196,53.778037]},"properties":{"lines":"1, 5","color":"#E31E1E","mode":"tram","arr":["1","5","101","105","107","109","111","113","119","128","135","136","N01","N02"],"busLines":"101, 105, 107, 109, 111, 113, 119, 128, 135, 136, N01, N02","angle":-42.2,"side":-1}},{"type":"Feature","geometry":{"type":"Point","coordinates":[20.48024,53.778369]},"properties":{"lines":"1, 5","color":"#E31E1E","mode":"tram","arr":["1","5","101","105","106","107","109","110","111","113","117","119","128","135","136","N01","N02"],"busLines":"101, 105, 106, 107, 109, 110, 111, 113, 117, 119, 128, 135, 136, N01, N02","angle":5.7,"side":-1}},{"type":"Feature","geometry":{"type":"Point","coordinates":[20.486411,53.776788]},"properties":{"lines":"1, 5","color":"#E31E1E","mode":"tram","arr":["1","5","105","106","107","111","113","117","128","N01"],"busLines":"105, 106, 107, 111, 113, 117, 128, N01","angle":24.1}},{"type":"Feature","geometry":{"type":"Point","coordinates":[20.480767,53.778281]},"properties":{"lines":"1, 5","color":"#E31E1E","mode":"tram","arr":["1","5","101","105","106","107","109","110","111","113","117","128","N01"],"busLines":"101, 105, 106, 107, 109, 110, 111, 113, 117, 128, N01","angle":65.5}},{"type":"Feature","geometry":{"type":"Point","coordinates":[20.484171,53.77738]},"properties":{"lines":"1, 5","color":"#E31E1E","mode":"tram","arr":["1","5","101","105","106","107","109","110","111","113","117","128","N01"],"busLines":"101, 105, 106, 107, 109, 110, 111, 113, 117, 128, N01","angle":24,"extra":1,"ei":0}},{"type":"Feature","geometry":{"type":"Point","coordinates":[20.486441,53.77681]},"properties":{"lines":"1, 5","color":"#E31E1E","mode":"tram","arr":["1","5","105","106","107","111","113","117","128","N01"],"busLines":"105, 106, 107, 111, 113, 117, 128, N01","angle":24.2,"mi":1}},{"type":"Feature","geometry":{"type":"Point","coordinates":[20.487503,53.776441]},"properties":{"lines":"1","color":"#E31E1E","mode":"tram","arr":["1"],"angle":62.6,"side":-1}},{"type":"Feature","geometry":{"type":"Point","coordinates":[20.502049,53.736654]},"properties":{"lines":"1","color":"#E31E1E","mode":"tram","arr":["1"],"angle":-6}},{"type":"Feature","geometry":{"type":"Point","coordinates":[20.487595,53.776443]},"properties":{"lines":"1","color":"#E31E1E","mode":"tram","arr":["1"],"angle":65.7,"side":-1,"mi":1}},{"type":"Feature","geometry":{"type":"Point","coordinates":[20.486838,53.775471]},"properties":{"lines":"1, 2, 3","color":"#E31E1E","mode":"tram","arr":["1","2","3","105","107","111","N01"],"busLines":"105, 107, 111, N01","angle":-62.3,"mi":1}},{"type":"Feature","geometry":{"type":"Point","coordinates":[20.487581,53.773021]},"properties":{"lines":"1, 2, 3","color":"#E31E1E","mode":"tram","arr":["1","2","3","105","107","111","135","N01"],"busLines":"105, 107, 111, 135, N01","angle":50.2}},{"type":"Feature","geometry":{"type":"Point","coordinates":[20.489189,53.768541]},"properties":{"lines":"1, 2, 3","color":"#E31E1E","mode":"tram","arr":["1","2","3"],"angle":77.3,"side":-1}},{"type":"Feature","geometry":{"type":"Point","coordinates":[20.488786,53.770597]},"properties":{"lines":"1, 2, 3","color":"#E31E1E","mode":"tram","arr":["1","2","3"],"angle":-79.3,"extra":1,"ei":0}},{"type":"Feature","geometry":{"type":"Point","coordinates":[20.48843,53.767012]},"properties":{"lines":"1, 2, 3","color":"#E31E1E","mode":"tram","arr":["1","2","3"],"angle":-47.7,"extra":1,"ei":1}},{"type":"Feature","geometry":{"type":"Point","coordinates":[20.486546,53.761128]},"properties":{"lines":"1, 2, 3","color":"#E31E1E","mode":"tram","arr":["1","2","3","127"],"busLines":"127","angle":-87.2,"mi":1}},{"type":"Feature","geometry":{"type":"Point","coordinates":[20.486058,53.765213]},"properties":{"lines":"1, 2, 3","color":"#E31E1E","mode":"tram","arr":["1","2","3","127"],"busLines":"127","angle":-67.1,"extra":1,"ei":0}},{"type":"Feature","geometry":{"type":"Point","coordinates":[20.486116,53.76337]},"properties":{"lines":"1, 2, 3","color":"#E31E1E","mode":"tram","arr":["1","2","3","127"],"busLines":"127","angle":76.9,"extra":1,"ei":1,"side":-1}},{"type":"Feature","geometry":{"type":"Point","coordinates":[20.486399,53.759627]},"properties":{"lines":"1, 2, 3","color":"#E31E1E","mode":"tram","arr":["1","2","3","127"],"busLines":"127","angle":-88.6,"extra":1,"ei":2}},{"type":"Feature","geometry":{"type":"Point","coordinates":[20.486296,53.75774]},"properties":{"lines":"1, 2, 3","color":"#E31E1E","mode":"tram","arr":["1","2","3","127"],"busLines":"127","angle":-85.5,"extra":1,"ei":3}},{"type":"Feature","geometry":{"type":"Point","coordinates":[20.486605,53.761121]},"properties":{"lines":"1, 2, 3","color":"#E31E1E","mode":"tram","arr":["1","2","3","127"],"busLines":"127","angle":-87.4}},{"type":"Feature","geometry":{"type":"Point","coordinates":[20.48625,53.757071]},"properties":{"lines":"1, 2, 3","color":"#E31E1E","mode":"tram","arr":["1","2","3","127"],"busLines":"127","angle":-84.2,"extra":1,"ei":0}},{"type":"Feature","geometry":{"type":"Point","coordinates":[20.48645,53.758955]},"properties":{"lines":"1, 2, 3","color":"#E31E1E","mode":"tram","arr":["1","2","3","127"],"busLines":"127","angle":-89.4,"extra":1,"ei":1}},{"type":"Feature","geometry":{"type":"Point","coordinates":[20.486421,53.762714]},"properties":{"lines":"1, 2, 3","color":"#E31E1E","mode":"tram","arr":["1","2","3","127"],"busLines":"127","angle":76.8,"extra":1,"ei":2,"side":-1}},{"type":"Feature","geometry":{"type":"Point","coordinates":[20.485836,53.764564]},"properties":{"lines":"1, 2, 3","color":"#E31E1E","mode":"tram","arr":["1","2","3","127"],"busLines":"127","angle":-85.6,"extra":1,"ei":3}},{"type":"Feature","geometry":{"type":"Point","coordinates":[20.489193,53.768684]},"properties":{"lines":"1, 2, 3","color":"#E31E1E","mode":"tram","arr":["1","2","3"],"angle":75.9,"mi":1}},{"type":"Feature","geometry":{"type":"Point","coordinates":[20.487916,53.766626]},"properties":{"lines":"1, 2, 3","color":"#E31E1E","mode":"tram","arr":["1","2","3"],"angle":-47.6,"extra":1,"ei":0}},{"type":"Feature","geometry":{"type":"Point","coordinates":[20.488768,53.770081]},"properties":{"lines":"1, 2, 3","color":"#E31E1E","mode":"tram","arr":["1","2","3"],"angle":-89.3,"extra":1,"ei":1,"side":-1}},{"type":"Feature","geometry":{"type":"Point","coordinates":[20.486576,53.7741]},"properties":{"lines":"1, 2, 3","color":"#E31E1E","mode":"tram","arr":["1","2","3","105","107","111","135","N01"],"busLines":"105, 107, 111, 135, N01","angle":67.1,"mi":2}},{"type":"Feature","geometry":{"type":"Point","coordinates":[20.486893,53.775457]},"properties":{"lines":"1, 2, 3","color":"#E31E1E","mode":"tram","arr":["1","2","3","105","107","111","N01"],"busLines":"105, 107, 111, N01","angle":-62.3}},{"type":"Feature","geometry":{"type":"Point","coordinates":[20.485842,53.754407]},"properties":{"lines":"1, 2","color":"#E31E1E","mode":"tram","arr":["1","2","111","121","127","130","136","205","307","N01"],"busLines":"111, 121, 127, 130, 136, 205, 307, N01","angle":-88.4,"mi":1}},{"type":"Feature","geometry":{"type":"Point","coordinates":[20.48584,53.753204]},"properties":{"lines":"1, 2","color":"#E31E1E","mode":"tram","arr":["1","2","111","121","127","130","136","205","307","N01"],"busLines":"111, 121, 127, 130, 136, 205, 307, N01","angle":89.6,"extra":1,"ei":0,"side":-1}},{"type":"Feature","geometry":{"type":"Point","coordinates":[20.486596,53.746438]},"properties":{"lines":"1, 2","color":"#E31E1E","mode":"tram","arr":["1","2","127","130","136","307"],"busLines":"127, 130, 136, 307","angle":-83.1}},{"type":"Feature","geometry":{"type":"Point","coordinates":[20.48591,53.751834]},"properties":{"lines":"1, 2","color":"#E31E1E","mode":"tram","arr":["1","2","127","130","136","307"],"busLines":"127, 130, 136, 307","angle":88.5,"extra":1,"ei":0,"side":-1}},{"type":"Feature","geometry":{"type":"Point","coordinates":[20.486033,53.749948]},"properties":{"lines":"1, 2","color":"#E31E1E","mode":"tram","arr":["1","2","127","130","136","307"],"busLines":"127, 130, 136, 307","angle":81.5,"extra":1,"ei":1,"side":-1}},{"type":"Feature","geometry":{"type":"Point","coordinates":[20.48678,53.748115]},"properties":{"lines":"1, 2","color":"#E31E1E","mode":"tram","arr":["1","2","127","130","136","307"],"busLines":"127, 130, 136, 307","angle":83.7,"extra":1,"ei":2,"side":-1}},{"type":"Feature","geometry":{"type":"Point","coordinates":[20.486269,53.744356]},"properties":{"lines":"1, 2","color":"#E31E1E","mode":"tram","arr":["1","2","127","130","136","307"],"busLines":"127, 130, 136, 307","angle":-82,"extra":1,"ei":3}},{"type":"Feature","geometry":{"type":"Point","coordinates":[20.486034,53.742476]},"properties":{"lines":"1, 2","color":"#E31E1E","mode":"tram","arr":["1","2","127","130","136","307"],"busLines":"127, 130, 136, 307","angle":-88.4,"extra":1,"ei":4}},{"type":"Feature","geometry":{"type":"Point","coordinates":[20.486037,53.740587]},"properties":{"lines":"1, 2","color":"#E31E1E","mode":"tram","arr":["1","2","127","130","136","307"],"busLines":"127, 130, 136, 307","angle":89.1,"extra":1,"ei":5,"side":-1}},{"type":"Feature","geometry":{"type":"Point","coordinates":[20.484702,53.736511]},"properties":{"lines":"1, 2","color":"#E31E1E","mode":"tram","arr":["1","2","126"],"busLines":"126","angle":83.5,"side":-1,"mi":1}},{"type":"Feature","geometry":{"type":"Point","coordinates":[20.486068,53.739104]},"properties":{"lines":"1, 2","color":"#E31E1E","mode":"tram","arr":["1","2","126"],"busLines":"126","angle":-84.2,"extra":1,"ei":0}},{"type":"Feature","geometry":{"type":"Point","coordinates":[20.487599,53.734309]},"properties":{"lines":"1, 2","color":"#E31E1E","mode":"tram","arr":["1","2","126"],"busLines":"126","angle":36.1,"extra":1,"ei":1,"side":-1}},{"type":"Feature","geometry":{"type":"Point","coordinates":[20.489046,53.733548]},"properties":{"lines":"1, 2","color":"#E31E1E","mode":"tram","arr":["1","2"],"angle":34,"side":-1,"mi":2}},{"type":"Feature","geometry":{"type":"Point","coordinates":[20.492305,53.735109]},"properties":{"lines":"1, 2","color":"#E31E1E","mode":"tram","arr":["1","2","205"],"busLines":"205","angle":-41.7}},{"type":"Feature","geometry":{"type":"Point","coordinates":[20.491006,53.7342]},"properties":{"lines":"1, 2","color":"#E31E1E","mode":"tram","arr":["1","2","205"],"busLines":"205","angle":-52.7,"extra":1,"ei":0}},{"type":"Feature","geometry":{"type":"Point","coordinates":[20.498593,53.736261]},"properties":{"lines":"1, 2","color":"#E31E1E","mode":"tram","arr":["1","2","127","205"],"busLines":"127, 205","angle":-10.1}},{"type":"Feature","geometry":{"type":"Point","coordinates":[20.502142,53.736628]},"properties":{"lines":"1, 2","color":"#E31E1E","mode":"tram","arr":["1","2"],"angle":-9.9,"mi":1}},{"type":"Feature","geometry":{"type":"Point","coordinates":[20.498905,53.73633]},"properties":{"lines":"1, 2","color":"#E31E1E","mode":"tram","arr":["1","2"],"angle":-9.9}},{"type":"Feature","geometry":{"type":"Point","coordinates":[20.49691,53.736093]},"properties":{"lines":"1, 2","color":"#E31E1E","mode":"tram","arr":["1","2"],"angle":-13.8,"extra":1,"ei":0}},{"type":"Feature","geometry":{"type":"Point","coordinates":[20.492624,53.735297]},"properties":{"lines":"1, 2","color":"#E31E1E","mode":"tram","arr":["1","2","205"],"busLines":"205","angle":-35.6,"mi":1}},{"type":"Feature","geometry":{"type":"Point","coordinates":[20.494638,53.735815]},"properties":{"lines":"1, 2","color":"#E31E1E","mode":"tram","arr":["1","2","205"],"busLines":"205","angle":-15.8,"extra":1,"ei":0}},{"type":"Feature","geometry":{"type":"Point","coordinates":[20.484961,53.736015]},"properties":{"lines":"1, 2","color":"#E31E1E","mode":"tram","arr":["1","2","126"],"busLines":"126","angle":70.5,"side":-1}},{"type":"Feature","geometry":{"type":"Point","coordinates":[20.488741,53.733782]},"properties":{"lines":"1, 2","color":"#E31E1E","mode":"tram","arr":["1","2","126"],"busLines":"126","angle":44.6,"extra":1,"ei":0,"side":-1}},{"type":"Feature","geometry":{"type":"Point","coordinates":[20.486212,53.734932]},"properties":{"lines":"1, 2","color":"#E31E1E","mode":"tram","arr":["1","2","126"],"busLines":"126","angle":40.5,"extra":1,"ei":1,"side":-1}},{"type":"Feature","geometry":{"type":"Point","coordinates":[20.485654,53.738337]},"properties":{"lines":"1, 2","color":"#E31E1E","mode":"tram","arr":["1","2","126"],"busLines":"126","angle":-61.5,"extra":1,"ei":2}},{"type":"Feature","geometry":{"type":"Point","coordinates":[20.486666,53.746488]},"properties":{"lines":"1, 2","color":"#E31E1E","mode":"tram","arr":["1","2","127","130","136","307"],"busLines":"127, 130, 136, 307","angle":-83.2,"mi":1}},{"type":"Feature","geometry":{"type":"Point","coordinates":[20.48608,53.741155]},"properties":{"lines":"1, 2","color":"#E31E1E","mode":"tram","arr":["1","2","127","130","136","307"],"busLines":"127, 130, 136, 307","angle":89.2,"extra":1,"ei":0,"side":-1}},{"type":"Feature","geometry":{"type":"Point","coordinates":[20.486124,53.743043]},"properties":{"lines":"1, 2","color":"#E31E1E","mode":"tram","arr":["1","2","127","130","136","307"],"busLines":"127, 130, 136, 307","angle":-87.9,"extra":1,"ei":1}},{"type":"Feature","geometry":{"type":"Point","coordinates":[20.486426,53.744921]},"properties":{"lines":"1, 2","color":"#E31E1E","mode":"tram","arr":["1","2","127","130","136","307"],"busLines":"127, 130, 136, 307","angle":-85.2,"extra":1,"ei":2}},{"type":"Feature","geometry":{"type":"Point","coordinates":[20.48666,53.748673]},"properties":{"lines":"1, 2","color":"#E31E1E","mode":"tram","arr":["1","2","127","130","136","307"],"busLines":"127, 130, 136, 307","angle":74.8,"extra":1,"ei":3,"side":-1}},{"type":"Feature","geometry":{"type":"Point","coordinates":[20.486002,53.750513]},"properties":{"lines":"1, 2","color":"#E31E1E","mode":"tram","arr":["1","2","127","130","136","307"],"busLines":"127, 130, 136, 307","angle":87.4,"extra":1,"ei":4,"side":-1}},{"type":"Feature","geometry":{"type":"Point","coordinates":[20.485925,53.752401]},"properties":{"lines":"1, 2","color":"#E31E1E","mode":"tram","arr":["1","2","127","130","136","307"],"busLines":"127, 130, 136, 307","angle":87.2,"extra":1,"ei":5,"side":-1}},{"type":"Feature","geometry":{"type":"Point","coordinates":[20.485905,53.754425]},"properties":{"lines":"1, 2","color":"#E31E1E","mode":"tram","arr":["1","2","111","121","127","130","136","205","307","N01"],"busLines":"111, 121, 127, 130, 136, 205, 307, N01","angle":-88.3}},{"type":"Feature","geometry":{"type":"Point","coordinates":[20.488109,53.772692]},"properties":{"lines":"1, 2, 3","color":"#E31E1E","mode":"tram","arr":["1","2","3","105","107","111","135","N01"],"busLines":"105, 107, 111, 135, N01","angle":49.9,"mi":1}},{"type":"Feature","geometry":{"type":"Point","coordinates":[20.49618,53.783673]},"properties":{"lines":"2, 3, 4","color":"#E31E1E","mode":"tram","arr":["2","3","4","101","103","106","107","114","115","121","126","128","131","132","304","N01"],"busLines":"101, 103, 106, 107, 114, 115, 121, 126, 128, 131, 132, 304, N01","angle":-39.5}},{"type":"Feature","geometry":{"type":"Point","coordinates":[20.493254,53.782]},"properties":{"lines":"2, 3, 4","color":"#E31E1E","mode":"tram","arr":["2","3","4"],"angle":-52.2,"mi":2}},{"type":"Feature","geometry":{"type":"Point","coordinates":[20.491264,53.780494]},"properties":{"lines":"2, 3, 4","color":"#E31E1E","mode":"tram","arr":["2","3","4","109"],"busLines":"109","angle":-53.6,"mi":1}},{"type":"Feature","geometry":{"type":"Point","coordinates":[20.48969,53.778957]},"properties":{"lines":"2, 3, 4","color":"#E31E1E","mode":"tram","arr":["2","3","4","110"],"busLines":"110","angle":-65}},{"type":"Feature","geometry":{"type":"Point","coordinates":[20.488573,53.777516]},"properties":{"lines":"2, 3, 4","color":"#E31E1E","mode":"tram","arr":["2","3","4"],"angle":-65.6}},{"type":"Feature","geometry":{"type":"Point","coordinates":[20.488549,53.777418]},"properties":{"lines":"2, 3, 4","color":"#E31E1E","mode":"tram","arr":["2","3","4"],"angle":-65.5,"mi":3}},{"type":"Feature","geometry":{"type":"Point","coordinates":[20.489696,53.778901]},"properties":{"lines":"2, 3, 4","color":"#E31E1E","mode":"tram","arr":["2","3","4","110"],"busLines":"110","angle":-64.9,"side":-1,"mi":1}},{"type":"Feature","geometry":{"type":"Point","coordinates":[20.491264,53.78044]},"properties":{"lines":"2, 3, 4","color":"#E31E1E","mode":"tram","arr":["2","3","4","109"],"busLines":"109","angle":-54.8,"side":-1}},{"type":"Feature","geometry":{"type":"Point","coordinates":[20.493248,53.781949]},"properties":{"lines":"2, 3, 4","color":"#E31E1E","mode":"tram","arr":["2","3","4"],"angle":-52.2,"mi":1}},{"type":"Feature","geometry":{"type":"Point","coordinates":[20.496147,53.78362]},"properties":{"lines":"2, 3, 4","color":"#E31E1E","mode":"tram","arr":["2","3","4","101","103","106","107","114","115","121","126","128","131","132","304","N01"],"busLines":"101, 103, 106, 107, 114, 115, 121, 126, 128, 131, 132, 304, N01","angle":-39.4,"side":-1,"mi":1}},{"type":"Feature","geometry":{"type":"Point","coordinates":[20.498043,53.784267]},"properties":{"lines":"2, 3, 4","color":"#E31E1E","mode":"tram","arr":["2","3","4","101","103","106","107","114","115","121","126","128","131","132","304","N01"],"busLines":"101, 103, 106, 107, 114, 115, 121, 126, 128, 131, 132, 304, N01","angle":-8.2,"extra":1,"ei":0,"side":-1}},{"type":"Feature","geometry":{"type":"Point","coordinates":[20.487714,53.776454]},"properties":{"lines":"2, 3","color":"#E31E1E","mode":"tram","arr":["2","3"],"angle":-62.3}},{"type":"Feature","geometry":{"type":"Point","coordinates":[20.487777,53.776432]},"properties":{"lines":"2, 3","color":"#E31E1E","mode":"tram","arr":["2","3"],"angle":-62.2,"side":-1,"mi":1}},{"type":"Feature","geometry":{"type":"Point","coordinates":[20.502225,53.736731]},"properties":{"lines":"2","color":"#E31E1E","mode":"tram","arr":["2"],"angle":-17.8}},{"type":"Feature","geometry":{"type":"Point","coordinates":[20.481653,53.75502]},"properties":{"lines":"3","color":"#E31E1E","mode":"tram","arr":["3","130","136","307","N01"],"busLines":"130, 136, 307, N01","angle":-29.4}},{"type":"Feature","geometry":{"type":"Point","coordinates":[20.484673,53.755924]},"properties":{"lines":"3","color":"#E31E1E","mode":"tram","arr":["3","130","136","307","N01"],"busLines":"130, 136, 307, N01","angle":-3.2,"extra":1,"ei":0}},{"type":"Feature","geometry":{"type":"Point","coordinates":[20.478809,53.754598]},"properties":{"lines":"3","color":"#E31E1E","mode":"tram","arr":["3","130","136","307","N01"],"busLines":"130, 136, 307, N01","angle":-5.5,"extra":1,"ei":1}},{"type":"Feature","geometry":{"type":"Point","coordinates":[20.47337,53.755443]},"properties":{"lines":"3","color":"#E31E1E","mode":"tram","arr":["3","128","130","136","307","N01"],"busLines":"128, 130, 136, 307, N01","angle":27.1}},{"type":"Feature","geometry":{"type":"Point","coordinates":[20.475225,53.754879]},"properties":{"lines":"3","color":"#E31E1E","mode":"tram","arr":["3","128","130","136","307","N01"],"busLines":"128, 130, 136, 307, N01","angle":27.3,"extra":1,"ei":0}},{"type":"Feature","geometry":{"type":"Point","coordinates":[20.465384,53.75711]},"properties":{"lines":"3","color":"#E31E1E","mode":"tram","arr":["3","119","130","136","307","N01"],"busLines":"119, 130, 136, 307, N01","angle":36}},{"type":"Feature","geometry":{"type":"Point","coordinates":[20.468903,53.756247]},"properties":{"lines":"3","color":"#E31E1E","mode":"tram","arr":["3","128","130","136","307","N01"],"busLines":"128, 130, 136, 307, N01","angle":8.5,"mi":1}},{"type":"Feature","geometry":{"type":"Point","coordinates":[20.487829,53.776475]},"properties":{"lines":"4","color":"#E31E1E","mode":"tram","arr":["4"],"angle":78.4}},{"type":"Feature","geometry":{"type":"Point","coordinates":[20.487921,53.776458]},"properties":{"lines":"4","color":"#E31E1E","mode":"tram","arr":["4"],"angle":72.1,"mi":1}},{"type":"Feature","geometry":{"type":"Point","coordinates":[20.491449,53.775417]},"properties":{"lines":"4, 5","color":"#E31E1E","mode":"tram","arr":["4","5","106","113","117","128"],"busLines":"106, 113, 117, 128","angle":21.5,"mi":1}},{"type":"Feature","geometry":{"type":"Point","coordinates":[20.489503,53.775898]},"properties":{"lines":"4, 5","color":"#E31E1E","mode":"tram","arr":["4","5","106","113","117","128"],"busLines":"106, 113, 117, 128","angle":25.5,"extra":1,"ei":0}},{"type":"Feature","geometry":{"type":"Point","coordinates":[20.497583,53.773747]},"properties":{"lines":"4, 5","color":"#E31E1E","mode":"tram","arr":["4","5","106","113","128"],"busLines":"106, 113, 128","angle":26.1}},{"type":"Feature","geometry":{"type":"Point","coordinates":[20.500687,53.772892]},"properties":{"lines":"4, 5","color":"#E31E1E","mode":"tram","arr":["4","5","106","113","126","128","132"],"busLines":"106, 113, 126, 128, 132","angle":25.1}},{"type":"Feature","geometry":{"type":"Point","coordinates":[20.504979,53.771681]},"properties":{"lines":"4, 5","color":"#E31E1E","mode":"tram","arr":["4","5","113","126","132"],"busLines":"113, 126, 132","angle":24.6,"side":-1}},{"type":"Feature","geometry":{"type":"Point","coordinates":[20.502464,53.772377]},"properties":{"lines":"4, 5","color":"#E31E1E","mode":"tram","arr":["4","5","113","126","132"],"busLines":"113, 126, 132","angle":27.5,"extra":1,"ei":0,"side":-1}},{"type":"Feature","geometry":{"type":"Point","coordinates":[20.508308,53.770849]},"properties":{"lines":"4, 5","color":"#E31E1E","mode":"tram","arr":["4","5","113","126","132"],"busLines":"113, 126, 132","angle":30.1,"extra":1,"ei":1}},{"type":"Feature","geometry":{"type":"Point","coordinates":[20.506631,53.768256]},"properties":{"lines":"4, 5","color":"#E31E1E","mode":"tram","arr":["4","5","113","121","126","132","141"],"busLines":"113, 121, 126, 132, 141","angle":-54.3}},{"type":"Feature","geometry":{"type":"Point","coordinates":[20.508009,53.769679]},"properties":{"lines":"4, 5","color":"#E31E1E","mode":"tram","arr":["4","5","113","121","126","132","141"],"busLines":"113, 121, 126, 132, 141","angle":-63.4,"extra":1,"ei":0}},{"type":"Feature","geometry":{"type":"Point","coordinates":[20.504417,53.766568]},"properties":{"lines":"4, 5","color":"#E31E1E","mode":"tram","arr":["4","5","113","121","126","132","141"],"busLines":"113, 121, 126, 132, 141","angle":-51.1,"extra":1,"ei":1}},{"type":"Feature","geometry":{"type":"Point","coordinates":[20.502171,53.764628]},"properties":{"lines":"4, 5","color":"#E31E1E","mode":"tram","arr":["4","5","111","113","117","121","126","131","132","141"],"busLines":"111, 113, 117, 121, 126, 131, 132, 141","angle":-59.8}},{"type":"Feature","geometry":{"type":"Point","coordinates":[20.499736,53.760826]},"properties":{"lines":"4, 5","color":"#E31E1E","mode":"tram","arr":["4","5","111","117","121","126","131","132","141"],"busLines":"111, 117, 121, 126, 131, 132, 141","angle":82.6,"side":-1,"mi":1}},{"type":"Feature","geometry":{"type":"Point","coordinates":[20.499897,53.762113]},"properties":{"lines":"4, 5","color":"#E31E1E","mode":"tram","arr":["4","5","111","117","121","126","131","132","141"],"busLines":"111, 117, 121, 126, 131, 132, 141","angle":-71.9,"extra":1,"ei":0}},{"type":"Feature","geometry":{"type":"Point","coordinates":[20.499738,53.758393]},"properties":{"lines":"4, 5","color":"#E31E1E","mode":"tram","arr":["4","5"],"angle":77.7}},{"type":"Feature","geometry":{"type":"Point","coordinates":[20.503391,53.75648]},"properties":{"lines":"4, 5","color":"#E31E1E","mode":"tram","arr":["4","5","117","126","131","132","141"],"busLines":"117, 126, 131, 132, 141","angle":39.7,"side":-1,"mi":1}},{"type":"Feature","geometry":{"type":"Point","coordinates":[20.500662,53.757413]},"properties":{"lines":"4, 5","color":"#E31E1E","mode":"tram","arr":["4","5","117","126","131","132","141"],"busLines":"117, 126, 131, 132, 141","angle":35,"extra":1,"ei":0,"side":-1}},{"type":"Feature","geometry":{"type":"Point","coordinates":[20.503651,53.754764]},"properties":{"lines":"4, 5","color":"#E31E1E","mode":"tram","arr":["4","5","117","126","131","132","141"],"busLines":"117, 126, 131, 132, 141","angle":-57.7,"extra":1,"ei":1}},{"type":"Feature","geometry":{"type":"Point","coordinates":[20.502454,53.753618]},"properties":{"lines":"4, 5","color":"#E31E1E","mode":"tram","arr":["4","5"],"angle":-72.8,"mi":2}},{"type":"Feature","geometry":{"type":"Point","coordinates":[20.507265,53.748324]},"properties":{"lines":"4, 5","color":"#E31E1E","mode":"tram","arr":["4","5","117","121","126","131","132","141","205","N01"],"busLines":"117, 121, 126, 131, 132, 141, 205, N01","angle":61.8,"side":-1,"mi":1}},{"type":"Feature","geometry":{"type":"Point","coordinates":[20.502269,53.752232]},"properties":{"lines":"4, 5","color":"#E31E1E","mode":"tram","arr":["4","5","117","121","126","131","132","141","205","N01"],"busLines":"117, 121, 126, 131, 132, 141, 205, N01","angle":86.2,"extra":1,"ei":0,"side":-1}},{"type":"Feature","geometry":{"type":"Point","coordinates":[20.503283,53.750463]},"properties":{"lines":"4, 5","color":"#E31E1E","mode":"tram","arr":["4","5","117","121","126","131","132","141","205","N01"],"busLines":"117, 121, 126, 131, 132, 141, 205, N01","angle":57.8,"extra":1,"ei":1,"side":-1}},{"type":"Feature","geometry":{"type":"Point","coordinates":[20.505613,53.749226]},"properties":{"lines":"4, 5","color":"#E31E1E","mode":"tram","arr":["4","5","117","121","126","131","132","141","205","N01"],"busLines":"117, 121, 126, 131, 132, 141, 205, N01","angle":32,"extra":1,"ei":2,"side":-1}},{"type":"Feature","geometry":{"type":"Point","coordinates":[20.507733,53.745934]},"properties":{"lines":"4, 5","color":"#E31E1E","mode":"tram","arr":["4","5","117","121","126","131","132","141","205","N01"],"busLines":"117, 121, 126, 131, 132, 141, 205, N01","angle":88.1,"extra":1,"ei":3,"side":-1}},{"type":"Feature","geometry":{"type":"Point","coordinates":[20.508456,53.744138]},"properties":{"lines":"4, 5","color":"#E31E1E","mode":"tram","arr":["4","5","117","121","126","131","132","141","205","N01"],"busLines":"117, 121, 126, 131, 132, 141, 205, N01","angle":75.9,"extra":1,"ei":4,"side":-1}},{"type":"Feature","geometry":{"type":"Point","coordinates":[20.509674,53.742104]},"properties":{"lines":"4, 5","color":"#E31E1E","mode":"tram","arr":["4","5","127","130","132","307","N01"],"busLines":"127, 130, 132, 307, N01","angle":14.6}},{"type":"Feature","geometry":{"type":"Point","coordinates":[20.514153,53.741336]},"properties":{"lines":"4, 5","color":"#E31E1E","mode":"tram","arr":["4","5","130","132","307","N01"],"busLines":"130, 132, 307, N01","angle":41.9,"side":-1}},{"type":"Feature","geometry":{"type":"Point","coordinates":[20.511623,53.742284]},"properties":{"lines":"4, 5","color":"#E31E1E","mode":"tram","arr":["4","5","130","132","307","N01"],"busLines":"130, 132, 307, N01","angle":3.2,"extra":1,"ei":0}},{"type":"Feature","geometry":{"type":"Point","coordinates":[20.516788,53.740168]},"properties":{"lines":"4, 5","color":"#E31E1E","mode":"tram","arr":["4","5","130","132","307","N01"],"busLines":"130, 132, 307, N01","angle":15.1,"extra":1,"ei":1,"side":-1}},{"type":"Feature","geometry":{"type":"Point","coordinates":[20.518514,53.740226]},"properties":{"lines":"4, 5","color":"#E31E1E","mode":"tram","arr":["4","5"],"angle":-9.1}},{"type":"Feature","geometry":{"type":"Point","coordinates":[20.513894,53.74151]},"properties":{"lines":"4, 5","color":"#E31E1E","mode":"tram","arr":["4","5","130","132","307","N01"],"busLines":"130, 132, 307, N01","angle":41.9,"side":-1,"mi":1}},{"type":"Feature","geometry":{"type":"Point","coordinates":[20.51648,53.740267]},"properties":{"lines":"4, 5","color":"#E31E1E","mode":"tram","arr":["4","5","130","132","307","N01"],"busLines":"130, 132, 307, N01","angle":22.2,"extra":1,"ei":0}},{"type":"Feature","geometry":{"type":"Point","coordinates":[20.511295,53.742313]},"properties":{"lines":"4, 5","color":"#E31E1E","mode":"tram","arr":["4","5","130","132","307","N01"],"busLines":"130, 132, 307, N01","angle":-4.6,"extra":1,"ei":1}},{"type":"Feature","geometry":{"type":"Point","coordinates":[20.507251,53.748415]},"properties":{"lines":"4, 5","color":"#E31E1E","mode":"tram","arr":["4","5","117","121","126","131","132","141","205","N01"],"busLines":"117, 121, 126, 131, 132, 141, 205, N01","angle":59.2,"side":-1}},{"type":"Feature","geometry":{"type":"Point","coordinates":[20.508987,53.743131]},"properties":{"lines":"4, 5","color":"#E31E1E","mode":"tram","arr":["4","5","117","121","126","131","132","141","205","N01"],"busLines":"117, 121, 126, 131, 132, 141, 205, N01","angle":73.3,"extra":1,"ei":0}},{"type":"Feature","geometry":{"type":"Point","coordinates":[20.507949,53.7449]},"properties":{"lines":"4, 5","color":"#E31E1E","mode":"tram","arr":["4","5","117","121","126","131","132","141","205","N01"],"busLines":"117, 121, 126, 131, 132, 141, 205, N01","angle":66,"extra":1,"ei":1,"side":-1}},{"type":"Feature","geometry":{"type":"Point","coordinates":[20.507746,53.746777]},"properties":{"lines":"4, 5","color":"#E31E1E","mode":"tram","arr":["4","5","117","121","126","131","132","141","205","N01"],"busLines":"117, 121, 126, 131, 132, 141, 205, N01","angle":88,"extra":1,"ei":2,"side":-1}},{"type":"Feature","geometry":{"type":"Point","coordinates":[20.504487,53.749684]},"properties":{"lines":"4, 5","color":"#E31E1E","mode":"tram","arr":["4","5","117","121","126","131","132","141","205","N01"],"busLines":"117, 121, 126, 131, 132, 141, 205, N01","angle":33,"extra":1,"ei":3,"side":-1}},{"type":"Feature","geometry":{"type":"Point","coordinates":[20.502702,53.751215]},"properties":{"lines":"4, 5","color":"#E31E1E","mode":"tram","arr":["4","5","117","121","126","131","132","141","205","N01"],"busLines":"117, 121, 126, 131, 132, 141, 205, N01","angle":69.5,"extra":1,"ei":4,"side":-1}},{"type":"Feature","geometry":{"type":"Point","coordinates":[20.502393,53.753074]},"properties":{"lines":"4, 5","color":"#E31E1E","mode":"tram","arr":["4","5","117","121","126","131","132","141","205","N01"],"busLines":"117, 121, 126, 131, 132, 141, 205, N01","angle":-83.5,"extra":1,"ei":5}},{"type":"Feature","geometry":{"type":"Point","coordinates":[20.50376,53.756317]},"properties":{"lines":"4, 5","color":"#E31E1E","mode":"tram","arr":["4","5","117","126","131","132","141"],"busLines":"117, 126, 131, 132, 141","angle":51.7,"side":-1}},{"type":"Feature","geometry":{"type":"Point","coordinates":[20.503339,53.754416]},"properties":{"lines":"4, 5","color":"#E31E1E","mode":"tram","arr":["4","5","117","126","131","132","141"],"busLines":"117, 126, 131, 132, 141","angle":-56.8,"extra":1,"ei":0}},{"type":"Feature","geometry":{"type":"Point","coordinates":[20.50134,53.757187]},"properties":{"lines":"4, 5","color":"#E31E1E","mode":"tram","arr":["4","5","117","126","131","132","141"],"busLines":"117, 126, 131, 132, 141","angle":32.8,"extra":1,"ei":1,"side":-1}},{"type":"Feature","geometry":{"type":"Point","coordinates":[20.499757,53.758479]},"properties":{"lines":"4, 5","color":"#E31E1E","mode":"tram","arr":["4","5"],"angle":77.7,"mi":1}},{"type":"Feature","geometry":{"type":"Point","coordinates":[20.499776,53.760913]},"properties":{"lines":"4, 5","color":"#E31E1E","mode":"tram","arr":["4","5","111","117","121","126","131","132","141"],"busLines":"111, 117, 121, 126, 131, 132, 141","angle":83.9,"side":-1}},{"type":"Feature","geometry":{"type":"Point","coordinates":[20.499857,53.75973]},"properties":{"lines":"4, 5","color":"#E31E1E","mode":"tram","arr":["4","5","111","117","121","126","131","132","141"],"busLines":"111, 117, 121, 126, 131, 132, 141","angle":-79.1,"extra":1,"ei":0}},{"type":"Feature","geometry":{"type":"Point","coordinates":[20.50222,53.764606]},"properties":{"lines":"4, 5","color":"#E31E1E","mode":"tram","arr":["4","5","111","113","117","121","126","131","132","141"],"busLines":"111, 113, 117, 121, 126, 131, 132, 141","angle":-59.9,"mi":1}},{"type":"Feature","geometry":{"type":"Point","coordinates":[20.50679,53.768325]},"properties":{"lines":"4, 5","color":"#E31E1E","mode":"tram","arr":["4","5","113","121","126","132","141"],"busLines":"113, 121, 126, 132, 141","angle":-55.1,"mi":1}},{"type":"Feature","geometry":{"type":"Point","coordinates":[20.504991,53.76693]},"properties":{"lines":"4, 5","color":"#E31E1E","mode":"tram","arr":["4","5","113","121","126","132","141"],"busLines":"113, 121, 126, 132, 141","angle":-51.6,"extra":1,"ei":0}},{"type":"Feature","geometry":{"type":"Point","coordinates":[20.508431,53.770099]},"properties":{"lines":"4, 5","color":"#E31E1E","mode":"tram","arr":["4","5","113","121","126","132","141"],"busLines":"113, 121, 126, 132, 141","angle":-63.6,"extra":1,"ei":1}},{"type":"Feature","geometry":{"type":"Point","coordinates":[20.504773,53.771771]},"properties":{"lines":"4, 5","color":"#E31E1E","mode":"tram","arr":["4","5","113","126","132"],"busLines":"113, 126, 132","angle":24.6,"side":-1,"mi":1}},{"type":"Feature","geometry":{"type":"Point","coordinates":[20.507337,53.77114]},"properties":{"lines":"4, 5","color":"#E31E1E","mode":"tram","arr":["4","5","113","126","132"],"busLines":"113, 126, 132","angle":21.6,"extra":1,"ei":0}},{"type":"Feature","geometry":{"type":"Point","coordinates":[20.501516,53.772697]},"properties":{"lines":"4, 5","color":"#E31E1E","mode":"tram","arr":["4","5","113","126","132"],"busLines":"113, 126, 132","angle":25.7,"extra":1,"ei":1,"side":-1}},{"type":"Feature","geometry":{"type":"Point","coordinates":[20.49772,53.773741]},"properties":{"lines":"4, 5","color":"#E31E1E","mode":"tram","arr":["4","5","106","113","128"],"busLines":"106, 113, 128","angle":25.8,"mi":1}},{"type":"Feature","geometry":{"type":"Point","coordinates":[20.491561,53.775424]},"properties":{"lines":"4, 5","color":"#E31E1E","mode":"tram","arr":["4","5","106","113","117","128"],"busLines":"106, 113, 117, 128","angle":22.2}},{"type":"Feature","geometry":{"type":"Point","coordinates":[20.493501,53.774885]},"properties":{"lines":"4, 5","color":"#E31E1E","mode":"tram","arr":["4","5","106","113","117","128"],"busLines":"106, 113, 117, 128","angle":25.6,"extra":1,"ei":0}},{"type":"Feature","geometry":{"type":"Point","coordinates":[20.487634,53.776451]},"properties":{"lines":"5","color":"#E31E1E","mode":"tram","arr":["5","105","106","107","111","113","117","128","N01"],"busLines":"105, 106, 107, 111, 113, 117, 128, N01","angle":28.2}},{"type":"Feature","geometry":{"type":"Point","coordinates":[20.487723,53.776455]},"properties":{"lines":"5","color":"#E31E1E","mode":"tram","arr":["5"],"angle":28.5}}]}