{"type":"FeatureCollection","features":[{"type":"Feature","properties":{"lines":"101","arr":["101"],"mode":"bus","angle":16.2,"l0":"101","c0":"#1cab97"},"geometry":{"type":"Point","coordinates":[20.532546,53.795814]}},{"type":"Feature","properties":{"lines":"101","arr":["101"],"mode":"bus","angle":29.8,"extra":1,"ei":0,"l0":"101","c0":"#1cab97"},"geometry":{"type":"Point","coordinates":[20.527944,53.79719]}},{"type":"Feature","properties":{"lines":"101","arr":["101"],"mode":"bus","angle":-4.4,"extra":1,"ei":1,"l0":"101","c0":"#1cab97"},"geometry":{"type":"Point","coordinates":[20.536922,53.795718]}},{"type":"Feature","properties":{"lines":"101, 115, 124, 125, 131, 132","arr":["101","115","124","125","131","132"],"mode":"bus","angle":-9.2,"l0":"101, ","c0":"#1cab97","l1":"115, ","c1":"#79a620","l2":"124, ","c2":"#ff5e9b","l3":"125, ","c3":"#e47e2b","l4":"131, ","c4":"#a72d06","l5":"132","c5":"#ab0377"},"geometry":{"type":"Point","coordinates":[20.523609,53.797436]}},{"type":"Feature","properties":{"lines":"101, 115, 124, 125, 131, 132","arr":["101","115","124","125","131","132"],"mode":"bus","angle":13.1,"extra":1,"ei":0,"l0":"101, ","c0":"#1cab97","l1":"115, ","c1":"#79a620","l2":"124, ","c2":"#ff5e9b","l3":"125, ","c3":"#e47e2b","l4":"131, ","c4":"#a72d06","l5":"132","c5":"#ab0377"},"geometry":{"type":"Point","coordinates":[20.539815,53.7985]}},{"type":"Feature","properties":{"lines":"101, 115, 124, 125, 131, 132","arr":["101","115","124","125","131","132"],"mode":"bus","angle":-2.6,"extra":1,"ei":1,"l0":"101, ","c0":"#1cab97","l1":"115, ","c1":"#79a620","l2":"124, ","c2":"#ff5e9b","l3":"125, ","c3":"#e47e2b","l4":"131, ","c4":"#a72d06","l5":"132","c5":"#ab0377"},"geometry":{"type":"Point","coordinates":[20.536629,53.798561]}},{"type":"Feature","properties":{"lines":"101, 115, 124, 125, 131, 132","arr":["101","115","124","125","131","132"],"mode":"bus","angle":-8.6,"extra":1,"ei":2,"l0":"101, ","c0":"#1cab97","l1":"115, ","c1":"#79a620","l2":"124, ","c2":"#ff5e9b","l3":"125, ","c3":"#e47e2b","l4":"131, ","c4":"#a72d06","l5":"132","c5":"#ab0377"},"geometry":{"type":"Point","coordinates":[20.533456,53.798348]}},{"type":"Feature","properties":{"lines":"101, 115, 124, 125, 131, 132","arr":["101","115","124","125","131","132"],"mode":"bus","angle":-9.2,"extra":1,"ei":3,"l0":"101, ","c0":"#1cab97","l1":"115, ","c1":"#79a620","l2":"124, ","c2":"#ff5e9b","l3":"125, ","c3":"#e47e2b","l4":"131, ","c4":"#a72d06","l5":"132","c5":"#ab0377"},"geometry":{"type":"Point","coordinates":[20.530297,53.798057]}},{"type":"Feature","properties":{"lines":"101, 115, 124, 125, 131, 132","arr":["101","115","124","125","131","132"],"mode":"bus","angle":-9.2,"extra":1,"ei":4,"l0":"101, ","c0":"#1cab97","l1":"115, ","c1":"#79a620","l2":"124, ","c2":"#ff5e9b","l3":"125, ","c3":"#e47e2b","l4":"131, ","c4":"#a72d06","l5":"132","c5":"#ab0377"},"geometry":{"type":"Point","coordinates":[20.527141,53.797756]}},{"type":"Feature","properties":{"lines":"101, 115, 124, 125, 131, 132","arr":["101","115","124","125","131","132"],"mode":"bus","angle":-10.7,"extra":1,"ei":5,"l0":"101, ","c0":"#1cab97","l1":"115, ","c1":"#79a620","l2":"124, ","c2":"#ff5e9b","l3":"125, ","c3":"#e47e2b","l4":"131, ","c4":"#a72d06","l5":"132","c5":"#ab0377"},"geometry":{"type":"Point","coordinates":[20.520826,53.797166]}},{"type":"Feature","properties":{"lines":"101, 115, 124, 125, 131, 132","arr":["101","115","124","125","131","132"],"mode":"bus","angle":-65.3,"extra":1,"ei":6,"l0":"101, ","c0":"#1cab97","l1":"115, ","c1":"#79a620","l2":"124, ","c2":"#ff5e9b","l3":"125, ","c3":"#e47e2b","l4":"131, ","c4":"#a72d06","l5":"132","c5":"#ab0377"},"geometry":{"type":"Point","coordinates":[20.518265,53.796274]}},{"type":"Feature","properties":{"lines":"101, 115, 124, 125, 131, 132","arr":["101","115","124","125","131","132"],"mode":"bus","angle":-63.4,"extra":1,"ei":7,"l0":"101, ","c0":"#1cab97","l1":"115, ","c1":"#79a620","l2":"124, ","c2":"#ff5e9b","l3":"125, ","c3":"#e47e2b","l4":"131, ","c4":"#a72d06","l5":"132","c5":"#ab0377"},"geometry":{"type":"Point","coordinates":[20.516966,53.794549]}},{"type":"Feature","properties":{"lines":"101, 115, 124, 125, 131, 132","arr":["101","115","124","125","131","132"],"mode":"bus","angle":-54,"extra":1,"ei":8,"l0":"101, ","c0":"#1cab97","l1":"115, ","c1":"#79a620","l2":"124, ","c2":"#ff5e9b","l3":"125, ","c3":"#e47e2b","l4":"131, ","c4":"#a72d06","l5":"132","c5":"#ab0377"},"geometry":{"type":"Point","coordinates":[20.515047,53.793062]}},{"type":"Feature","properties":{"lines":"101, 115, 124, 125, 131, 132","arr":["101","115","124","125","131","132"],"mode":"bus","angle":-61.6,"extra":1,"ei":9,"l0":"101, ","c0":"#1cab97","l1":"115, ","c1":"#79a620","l2":"124, ","c2":"#ff5e9b","l3":"125, ","c3":"#e47e2b","l4":"131, ","c4":"#a72d06","l5":"132","c5":"#ab0377"},"geometry":{"type":"Point","coordinates":[20.513258,53.791498]}},{"type":"Feature","properties":{"lines":"101, 131, 132","arr":["101","131","132"],"mode":"bus","angle":-77.7,"l0":"101, ","c0":"#1cab97","l1":"131, ","c1":"#a72d06","l2":"132","c2":"#ab0377"},"geometry":{"type":"Point","coordinates":[20.54175,53.802335]}},{"type":"Feature","properties":{"lines":"101, 131, 132","arr":["101","131","132"],"mode":"bus","angle":-87.8,"extra":1,"ei":0,"l0":"101, ","c0":"#1cab97","l1":"131, ","c1":"#a72d06","l2":"132","c2":"#ab0377"},"geometry":{"type":"Point","coordinates":[20.541724,53.799118]}},{"type":"Feature","properties":{"lines":"101, 131, 132","arr":["101","131","132"],"mode":"bus","angle":-86.5,"extra":1,"ei":1,"l0":"101, ","c0":"#1cab97","l1":"131, ","c1":"#a72d06","l2":"132","c2":"#ab0377"},"geometry":{"type":"Point","coordinates":[20.54134,53.800982]}},{"type":"Feature","properties":{"lines":"101, 131, 132","arr":["101","131","132"],"mode":"bus","angle":12,"extra":1,"ei":2,"l0":"101, ","c0":"#1cab97","l1":"131, ","c1":"#a72d06","l2":"132","c2":"#ab0377"},"geometry":{"type":"Point","coordinates":[20.543018,53.804305]}},{"type":"Feature","properties":{"lines":"101, 115, 124, 125, 131, 132","arr":["101","115","124","125","131","132"],"mode":"bus","angle":24.4,"l0":"101, ","c0":"#1cab97","l1":"115, ","c1":"#79a620","l2":"124, ","c2":"#ff5e9b","l3":"125, ","c3":"#e47e2b","l4":"131, ","c4":"#a72d06","l5":"132","c5":"#ab0377"},"geometry":{"type":"Point","coordinates":[20.510939,53.790439]}},{"type":"Feature","properties":{"lines":"101, 115, 119, 124, 125, 131, 132","arr":["101","115","119","124","125","131","132"],"mode":"bus","angle":24.3,"l0":"101, ","c0":"#1cab97","l1":"115, ","c1":"#79a620","l2":"119, ","c2":"#119efc","l3":"124, ","c3":"#ff5e9b","l4":"125, ","c4":"#e47e2b","l5":"131, ","c5":"#a72d06","l6":"132","c6":"#ab0377"},"geometry":{"type":"Point","coordinates":[20.507623,53.791333]}},{"type":"Feature","properties":{"lines":"101, 119","arr":["101","119"],"mode":"bus","angle":-43.9,"mi":3,"l0":"101, ","c0":"#1cab97","l1":"119","c1":"#119efc"},"geometry":{"type":"Point","coordinates":[20.502902,53.790551]}},{"type":"Feature","properties":{"lines":"101, 119","arr":["101","119"],"mode":"bus","angle":-56.5,"side":-1,"l0":"101, ","c0":"#1cab97","l1":"119","c1":"#119efc"},"geometry":{"type":"Point","coordinates":[20.498103,53.788425]}},{"type":"Feature","properties":{"lines":"101, 119","arr":["101","119"],"mode":"bus","angle":-61.6,"extra":1,"ei":0,"l0":"101, ","c0":"#1cab97","l1":"119","c1":"#119efc"},"geometry":{"type":"Point","coordinates":[20.497142,53.787379]}},{"type":"Feature","properties":{"lines":"101, 119","arr":["101","119"],"mode":"bus","angle":25.5,"mi":2,"l0":"101, ","c0":"#1cab97","l1":"119","c1":"#119efc"},"geometry":{"type":"Point","coordinates":[20.494152,53.787749]}},{"type":"Feature","properties":{"lines":"101, 107, 108, 109, 112, 115, 124, 125, 126, 131, 132, N02","arr":["101","107","108","109","112","115","124","125","126","131","132","N02"],"mode":"bus","angle":86.8,"l0":"101, ","c0":"#1cab97","l1":"107, ","c1":"#c17aef","l2":"108, ","c2":"#4d4aba","l3":"109, ","c3":"#126804","l4":"112, ","c4":"#03636c","l5":"115, ","c5":"#79a620","l6":"124, ","c6":"#ff5e9b","l7":"125, ","c7":"#e47e2b","l8":"126, ","c8":"#2d8c1b","l9":"131, ","c9":"#a72d06","l10":"132, ","c10":"#ab0377","l11":"N02","c11":"#b20b42"},"geometry":{"type":"Point","coordinates":[20.491679,53.787486]}},{"type":"Feature","properties":{"lines":"101, 107, 108, 109, 112, 115, 124, 126, 131, 132, N02","arr":["101","107","108","109","112","115","124","126","131","132","N02"],"mode":"bus","angle":88.9,"side":-1,"l0":"101, ","c0":"#1cab97","l1":"107, ","c1":"#c17aef","l2":"108, ","c2":"#4d4aba","l3":"109, ","c3":"#126804","l4":"112, ","c4":"#03636c","l5":"115, ","c5":"#79a620","l6":"124, ","c6":"#ff5e9b","l7":"126, ","c7":"#2d8c1b","l8":"131, ","c8":"#a72d06","l9":"132, ","c9":"#ab0377","l10":"N02","c10":"#b20b42"},"geometry":{"type":"Point","coordinates":[20.491212,53.785864]}},{"type":"Feature","properties":{"lines":"101, 107, 108, 109, 112, 115, 119, 124, 126, 131, 132, N02","arr":["101","107","108","109","112","115","119","124","126","131","132","N02"],"mode":"bus","angle":88.4,"side":-1,"l0":"101, ","c0":"#1cab97","l1":"107, ","c1":"#c17aef","l2":"108, ","c2":"#4d4aba","l3":"109, ","c3":"#126804","l4":"112, ","c4":"#03636c","l5":"115, ","c5":"#79a620","l6":"119, ","c6":"#119efc","l7":"124, ","c7":"#ff5e9b","l8":"126, ","c8":"#2d8c1b","l9":"131, ","c9":"#a72d06","l10":"132, ","c10":"#ab0377","l11":"N02","c11":"#b20b42"},"geometry":{"type":"Point","coordinates":[20.492223,53.784068]}},{"type":"Feature","properties":{"lines":"101, 107, 108, 109, 112, 115, 119, 124, 125, 126, 131, 132, N02","arr":["101","107","108","109","112","115","119","124","125","126","131","132","N02"],"mode":"bus","angle":80.1,"mi":1,"l0":"101, ","c0":"#1cab97","l1":"107, ","c1":"#c17aef","l2":"108, ","c2":"#4d4aba","l3":"109, ","c3":"#126804","l4":"112, ","c4":"#03636c","l5":"115, ","c5":"#79a620","l6":"119, ","c6":"#119efc","l7":"124, ","c7":"#ff5e9b","l8":"125, ","c8":"#e47e2b","l9":"126, ","c9":"#2d8c1b","l10":"131, ","c10":"#a72d06","l11":"132, ","c11":"#ab0377","l12":"N02","c12":"#b20b42"},"geometry":{"type":"Point","coordinates":[20.491247,53.789054]}},{"type":"Feature","properties":{"lines":"101, 107, 108, 109, 112, 115, 119, 124, 125, 126, 131, 132, N02","arr":["101","107","108","109","112","115","119","124","125","126","131","132","N02"],"mode":"bus","angle":63.7,"l0":"101, ","c0":"#1cab97","l1":"107, ","c1":"#c17aef","l2":"108, ","c2":"#4d4aba","l3":"109, ","c3":"#126804","l4":"112, ","c4":"#03636c","l5":"115, ","c5":"#79a620","l6":"119, ","c6":"#119efc","l7":"124, ","c7":"#ff5e9b","l8":"125, ","c8":"#e47e2b","l9":"126, ","c9":"#2d8c1b","l10":"131, ","c10":"#a72d06","l11":"132, ","c11":"#ab0377","l12":"N02","c12":"#b20b42"},"geometry":{"type":"Point","coordinates":[20.492016,53.784532]}},{"type":"Feature","properties":{"lines":"101, 107, 108, 112, 115, 124, 126, 131, 132, N02","arr":["101","107","108","112","115","124","126","131","132","N02"],"mode":"bus","angle":-17.8,"side":-1,"l0":"101, ","c0":"#1cab97","l1":"107, ","c1":"#c17aef","l2":"108, ","c2":"#4d4aba","l3":"112, ","c3":"#03636c","l4":"115, ","c4":"#79a620","l5":"124, ","c5":"#ff5e9b","l6":"126, ","c6":"#2d8c1b","l7":"131, ","c7":"#a72d06","l8":"132, ","c8":"#ab0377","l9":"N02","c9":"#b20b42"},"geometry":{"type":"Point","coordinates":[20.495537,53.784562]}},{"type":"Feature","properties":{"lines":"101, 107, 108, 112, 115, 124, 126, 131, 132, N02","arr":["101","107","108","112","115","124","126","131","132","N02"],"mode":"bus","angle":-48.9,"side":-1,"mi":1,"l0":"101, ","c0":"#1cab97","l1":"107, ","c1":"#c17aef","l2":"108, ","c2":"#4d4aba","l3":"112, ","c3":"#03636c","l4":"115, ","c4":"#79a620","l5":"124, ","c5":"#ff5e9b","l6":"126, ","c6":"#2d8c1b","l7":"131, ","c7":"#a72d06","l8":"132, ","c8":"#ab0377","l9":"N02","c9":"#b20b42"},"geometry":{"type":"Point","coordinates":[20.493365,53.784049]}},{"type":"Feature","properties":{"lines":"101, 107, 108, 112, 115, 124, 125, 126, 131, 132, N02","arr":["101","107","108","112","115","124","125","126","131","132","N02"],"mode":"bus","angle":-19.7,"l0":"101, ","c0":"#1cab97","l1":"107, ","c1":"#c17aef","l2":"108, ","c2":"#4d4aba","l3":"112, ","c3":"#03636c","l4":"115, ","c4":"#79a620","l5":"124, ","c5":"#ff5e9b","l6":"125, ","c6":"#e47e2b","l7":"126, ","c7":"#2d8c1b","l8":"131, ","c8":"#a72d06","l9":"132, ","c9":"#ab0377","l10":"N02","c10":"#b20b42"},"geometry":{"type":"Point","coordinates":[20.494315,53.784344]}},{"type":"Feature","properties":{"lines":"101, 107, 115, 126, 131, 132","arr":["101","107","115","126","131","132"],"mode":"bus","angle":1.9,"side":-1,"mi":1,"l0":"101, ","c0":"#1cab97","l1":"107, ","c1":"#c17aef","l2":"115, ","c2":"#79a620","l3":"126, ","c3":"#2d8c1b","l4":"131, ","c4":"#a72d06","l5":"132","c5":"#ab0377"},"geometry":{"type":"Point","coordinates":[20.496551,53.784718]}},{"type":"Feature","properties":{"lines":"101, 107, 115, 126, 131, 132","arr":["101","107","115","126","131","132"],"mode":"bus","angle":28.9,"side":-1,"l0":"101, ","c0":"#1cab97","l1":"107, ","c1":"#c17aef","l2":"115, ","c2":"#79a620","l3":"126, ","c3":"#2d8c1b","l4":"131, ","c4":"#a72d06","l5":"132","c5":"#ab0377"},"geometry":{"type":"Point","coordinates":[20.497325,53.78456]}},{"type":"Feature","properties":{"lines":"101","arr":["101"],"mode":"bus","angle":44.1,"mi":2,"l0":"101","c0":"#1cab97"},"geometry":{"type":"Point","coordinates":[20.493675,53.78324]}},{"type":"Feature","properties":{"lines":"101, 109, 119, N02","arr":["101","109","119","N02"],"mode":"bus","angle":-24.5,"l0":"101, ","c0":"#1cab97","l1":"109, ","c1":"#126804","l2":"119, ","c2":"#119efc","l3":"N02","c3":"#b20b42"},"geometry":{"type":"Point","coordinates":[20.489726,53.783054]}},{"type":"Feature","properties":{"lines":"101, 109","arr":["101","109"],"mode":"bus","angle":34,"mi":1,"l0":"101, ","c0":"#1cab97","l1":"109","c1":"#126804"},"geometry":{"type":"Point","coordinates":[20.488278,53.781746]}},{"type":"Feature","properties":{"lines":"101","arr":["101"],"mode":"bus","angle":-56,"l0":"101","c0":"#1cab97"},"geometry":{"type":"Point","coordinates":[20.487088,53.781537]}},{"type":"Feature","properties":{"lines":"101","arr":["101"],"mode":"bus","angle":34.1,"mi":1,"l0":"101","c0":"#1cab97"},"geometry":{"type":"Point","coordinates":[20.487851,53.780677]}},{"type":"Feature","properties":{"lines":"101, 109","arr":["101","109"],"mode":"bus","angle":-36.5,"l0":"101, ","c0":"#1cab97","l1":"109","c1":"#126804"},"geometry":{"type":"Point","coordinates":[20.488083,53.779854]}},{"type":"Feature","properties":{"lines":"101, 109, 110","arr":["101","109","110"],"mode":"bus","angle":-66.1,"l0":"101, ","c0":"#1cab97","l1":"109, ","c1":"#126804","l2":"110","c2":"#cf8a11"},"geometry":{"type":"Point","coordinates":[20.485909,53.777749]}},{"type":"Feature","properties":{"lines":"101, 105, 107, 109, 111, 113, 119, 128, 135, 136, N01, N02","arr":["101","105","107","109","111","113","119","128","135","136","N01","N02"],"mode":"bus","angle":56.7,"mi":1,"l0":"101, ","c0":"#1cab97","l1":"105, ","c1":"#8e4604","l2":"107, ","c2":"#c17aef","l3":"109, ","c3":"#126804","l4":"111, ","c4":"#79a620","l5":"113, ","c5":"#03636c","l6":"119, ","c6":"#119efc","l7":"128, ","c7":"#7b3aa8","l8":"135, ","c8":"#4d4aba","l9":"136, ","c9":"#e16cd6","l10":"N01, ","c10":"#fe6761","l11":"N02","c11":"#b20b42"},"geometry":{"type":"Point","coordinates":[20.478623,53.777297]}},{"type":"Feature","properties":{"lines":"101, 105, 107, 109, 111, 113, 119, 128, 135, 136, N01, N02","arr":["101","105","107","109","111","113","119","128","135","136","N01","N02"],"mode":"bus","angle":-74.4,"l0":"101, ","c0":"#1cab97","l1":"105, ","c1":"#8e4604","l2":"107, ","c2":"#c17aef","l3":"109, ","c3":"#126804","l4":"111, ","c4":"#79a620","l5":"113, ","c5":"#03636c","l6":"119, ","c6":"#119efc","l7":"128, ","c7":"#7b3aa8","l8":"135, ","c8":"#4d4aba","l9":"136, ","c9":"#e16cd6","l10":"N01, ","c10":"#fe6761","l11":"N02","c11":"#b20b42"},"geometry":{"type":"Point","coordinates":[20.479316,53.776517]}},{"type":"Feature","properties":{"lines":"101, 105, 107, 109, 111, 113, 119, 128, 135, 136, N01, N02","arr":["101","105","107","109","111","113","119","128","135","136","N01","N02"],"mode":"bus","angle":-56.8,"side":-1,"mi":2,"l0":"101, ","c0":"#1cab97","l1":"105, ","c1":"#8e4604","l2":"107, ","c2":"#c17aef","l3":"109, ","c3":"#126804","l4":"111, ","c4":"#79a620","l5":"113, ","c5":"#03636c","l6":"119, ","c6":"#119efc","l7":"128, ","c7":"#7b3aa8","l8":"135, ","c8":"#4d4aba","l9":"136, ","c9":"#e16cd6","l10":"N01, ","c10":"#fe6761","l11":"N02","c11":"#b20b42"},"geometry":{"type":"Point","coordinates":[20.477859,53.774044]}},{"type":"Feature","properties":{"lines":"101, 105, 107, 109, 111, 113, 119, 128, 136, N01, N02","arr":["101","105","107","109","111","113","119","128","136","N01","N02"],"mode":"bus","angle":-43.2,"l0":"101, ","c0":"#1cab97","l1":"105, ","c1":"#8e4604","l2":"107, ","c2":"#c17aef","l3":"109, ","c3":"#126804","l4":"111, ","c4":"#79a620","l5":"113, ","c5":"#03636c","l6":"119, ","c6":"#119efc","l7":"128, ","c7":"#7b3aa8","l8":"136, ","c8":"#e16cd6","l9":"N01, ","c9":"#fe6761","l10":"N02","c10":"#b20b42"},"geometry":{"type":"Point","coordinates":[20.477127,53.77367]}},{"type":"Feature","properties":{"lines":"101, 107, 111, 127, N02","arr":["101","107","111","127","N02"],"mode":"bus","angle":22.6,"l0":"101, ","c0":"#1cab97","l1":"107, ","c1":"#c17aef","l2":"111, ","c2":"#79a620","l3":"127, ","c3":"#05617d","l4":"N02","c4":"#b20b42"},"geometry":{"type":"Point","coordinates":[20.475895,53.773312]}},{"type":"Feature","properties":{"lines":"101, 107, 111, 127, 145, N02","arr":["101","107","111","127","145","N02"],"mode":"bus","angle":32.4,"mi":6,"l0":"101, ","c0":"#1cab97","l1":"107, ","c1":"#c17aef","l2":"111, ","c2":"#79a620","l3":"127, ","c3":"#05617d","l4":"145, ","c4":"#e47e2b","l5":"N02","c5":"#b20b42"},"geometry":{"type":"Point","coordinates":[20.474803,53.77365]}},{"type":"Feature","properties":{"lines":"101, 107, 111, 127, 145, N02","arr":["101","107","111","127","145","N02"],"mode":"bus","angle":-67.2,"mi":3,"l0":"101, ","c0":"#1cab97","l1":"107, ","c1":"#c17aef","l2":"111, ","c2":"#79a620","l3":"127, ","c3":"#05617d","l4":"145, ","c4":"#e47e2b","l5":"N02","c5":"#b20b42"},"geometry":{"type":"Point","coordinates":[20.473701,53.774364]}},{"type":"Feature","properties":{"lines":"101, 107, 111, 127, 145, N02","arr":["101","107","111","127","145","N02"],"mode":"bus","angle":34.5,"mi":1,"l0":"101, ","c0":"#1cab97","l1":"107, ","c1":"#c17aef","l2":"111, ","c2":"#79a620","l3":"127, ","c3":"#05617d","l4":"145, ","c4":"#e47e2b","l5":"N02","c5":"#b20b42"},"geometry":{"type":"Point","coordinates":[20.467775,53.776626]}},{"type":"Feature","properties":{"lines":"101, 107, 111, 127, 145, N02","arr":["101","107","111","127","145","N02"],"mode":"bus","angle":29.5,"mi":2,"l0":"101, ","c0":"#1cab97","l1":"107, ","c1":"#c17aef","l2":"111, ","c2":"#79a620","l3":"127, ","c3":"#05617d","l4":"145, ","c4":"#e47e2b","l5":"N02","c5":"#b20b42"},"geometry":{"type":"Point","coordinates":[20.472557,53.774989]}},{"type":"Feature","properties":{"lines":"101, 107, 111, 127, 145, N02","arr":["101","107","111","127","145","N02"],"mode":"bus","angle":29.5,"l0":"101, ","c0":"#1cab97","l1":"107, ","c1":"#c17aef","l2":"111, ","c2":"#79a620","l3":"127, ","c3":"#05617d","l4":"145, ","c4":"#e47e2b","l5":"N02","c5":"#b20b42"},"geometry":{"type":"Point","coordinates":[20.470541,53.775664]}},{"type":"Feature","properties":{"lines":"101, 107, 111, 127, 145, N02","arr":["101","107","111","127","145","N02"],"mode":"bus","angle":-26.9,"mi":4,"l0":"101, ","c0":"#1cab97","l1":"107, ","c1":"#c17aef","l2":"111, ","c2":"#79a620","l3":"127, ","c3":"#05617d","l4":"145, ","c4":"#e47e2b","l5":"N02","c5":"#b20b42"},"geometry":{"type":"Point","coordinates":[20.465279,53.777125]}},{"type":"Feature","properties":{"lines":"101, 107, 111, 127, 145, N02","arr":["101","107","111","127","145","N02"],"mode":"bus","angle":-17.1,"mi":5,"l0":"101, ","c0":"#1cab97","l1":"107, ","c1":"#c17aef","l2":"111, ","c2":"#79a620","l3":"127, ","c3":"#05617d","l4":"145, ","c4":"#e47e2b","l5":"N02","c5":"#b20b42"},"geometry":{"type":"Point","coordinates":[20.464455,53.776958]}},{"type":"Feature","properties":{"lines":"101, 106, 111, 127, 145, N02","arr":["101","106","111","127","145","N02"],"mode":"bus","angle":39.3,"l0":"101, ","c0":"#1cab97","l1":"106, ","c1":"#6b5806","l2":"111, ","c2":"#79a620","l3":"127, ","c3":"#05617d","l4":"145, ","c4":"#e47e2b","l5":"N02","c5":"#b20b42"},"geometry":{"type":"Point","coordinates":[20.446638,53.786736]}},{"type":"Feature","properties":{"lines":"101, 106, 111, 127, 145, N02","arr":["101","106","111","127","145","N02"],"mode":"bus","angle":46.4,"extra":1,"ei":0,"l0":"101, ","c0":"#1cab97","l1":"106, ","c1":"#6b5806","l2":"111, ","c2":"#79a620","l3":"127, ","c3":"#05617d","l4":"145, ","c4":"#e47e2b","l5":"N02","c5":"#b20b42"},"geometry":{"type":"Point","coordinates":[20.462574,53.778936]}},{"type":"Feature","properties":{"lines":"101, 106, 111, 127, 145, N02","arr":["101","106","111","127","145","N02"],"mode":"bus","angle":45.2,"extra":1,"ei":1,"l0":"101, ","c0":"#1cab97","l1":"106, ","c1":"#6b5806","l2":"111, ","c2":"#79a620","l3":"127, ","c3":"#05617d","l4":"145, ","c4":"#e47e2b","l5":"N02","c5":"#b20b42"},"geometry":{"type":"Point","coordinates":[20.460311,53.780271]}},{"type":"Feature","properties":{"lines":"101, 106, 111, 127, 145, N02","arr":["101","106","111","127","145","N02"],"mode":"bus","angle":44.6,"extra":1,"ei":2,"l0":"101, ","c0":"#1cab97","l1":"106, ","c1":"#6b5806","l2":"111, ","c2":"#79a620","l3":"127, ","c3":"#05617d","l4":"145, ","c4":"#e47e2b","l5":"N02","c5":"#b20b42"},"geometry":{"type":"Point","coordinates":[20.458052,53.781606]}},{"type":"Feature","properties":{"lines":"101, 106, 111, 127, 145, N02","arr":["101","106","111","127","145","N02"],"mode":"bus","angle":45.7,"extra":1,"ei":3,"l0":"101, ","c0":"#1cab97","l1":"106, ","c1":"#6b5806","l2":"111, ","c2":"#79a620","l3":"127, ","c3":"#05617d","l4":"145, ","c4":"#e47e2b","l5":"N02","c5":"#b20b42"},"geometry":{"type":"Point","coordinates":[20.455802,53.782948]}},{"type":"Feature","properties":{"lines":"101, 106, 111, 127, 145, N02","arr":["101","106","111","127","145","N02"],"mode":"bus","angle":44.1,"extra":1,"ei":4,"l0":"101, ","c0":"#1cab97","l1":"106, ","c1":"#6b5806","l2":"111, ","c2":"#79a620","l3":"127, ","c3":"#05617d","l4":"145, ","c4":"#e47e2b","l5":"N02","c5":"#b20b42"},"geometry":{"type":"Point","coordinates":[20.453554,53.784291]}},{"type":"Feature","properties":{"lines":"101, 106, 111, 127, 145, N02","arr":["101","106","111","127","145","N02"],"mode":"bus","angle":43.7,"extra":1,"ei":5,"l0":"101, ","c0":"#1cab97","l1":"106, ","c1":"#6b5806","l2":"111, ","c2":"#79a620","l3":"127, ","c3":"#05617d","l4":"145, ","c4":"#e47e2b","l5":"N02","c5":"#b20b42"},"geometry":{"type":"Point","coordinates":[20.451253,53.785601]}},{"type":"Feature","properties":{"lines":"101, 106, 111, 127, 145, N02","arr":["101","106","111","127","145","N02"],"mode":"bus","angle":26.8,"extra":1,"ei":6,"l0":"101, ","c0":"#1cab97","l1":"106, ","c1":"#6b5806","l2":"111, ","c2":"#79a620","l3":"127, ","c3":"#05617d","l4":"145, ","c4":"#e47e2b","l5":"N02","c5":"#b20b42"},"geometry":{"type":"Point","coordinates":[20.448885,53.786869]}},{"type":"Feature","properties":{"lines":"101, 106, 111, 127, 145, N02","arr":["101","106","111","127","145","N02"],"mode":"bus","angle":59.9,"extra":1,"ei":0,"l0":"101, ","c0":"#1cab97","l1":"106, ","c1":"#6b5806","l2":"111, ","c2":"#79a620","l3":"127, ","c3":"#05617d","l4":"145, ","c4":"#e47e2b","l5":"N02","c5":"#b20b42"},"geometry":{"type":"Point","coordinates":[20.431688,53.795331]}},{"type":"Feature","properties":{"lines":"101, 106, 111, 127, 145, N02","arr":["101","106","111","127","145","N02"],"mode":"bus","angle":48,"extra":1,"ei":1,"l0":"101, ","c0":"#1cab97","l1":"106, ","c1":"#6b5806","l2":"111, ","c2":"#79a620","l3":"127, ","c3":"#05617d","l4":"145, ","c4":"#e47e2b","l5":"N02","c5":"#b20b42"},"geometry":{"type":"Point","coordinates":[20.433551,53.793801]}},{"type":"Feature","properties":{"lines":"101, 106, 111, 127, 145, N02","arr":["101","106","111","127","145","N02"],"mode":"bus","angle":34,"extra":1,"ei":2,"l0":"101, ","c0":"#1cab97","l1":"106, ","c1":"#6b5806","l2":"111, ","c2":"#79a620","l3":"127, ","c3":"#05617d","l4":"145, ","c4":"#e47e2b","l5":"N02","c5":"#b20b42"},"geometry":{"type":"Point","coordinates":[20.435939,53.792553]}},{"type":"Feature","properties":{"lines":"101, 106, 111, 127, 145, N02","arr":["101","106","111","127","145","N02"],"mode":"bus","angle":33.8,"extra":1,"ei":3,"l0":"101, ","c0":"#1cab97","l1":"106, ","c1":"#6b5806","l2":"111, ","c2":"#79a620","l3":"127, ","c3":"#05617d","l4":"145, ","c4":"#e47e2b","l5":"N02","c5":"#b20b42"},"geometry":{"type":"Point","coordinates":[20.438602,53.791508]}},{"type":"Feature","properties":{"lines":"101, 106, 111, 127, 145, N02","arr":["101","106","111","127","145","N02"],"mode":"bus","angle":33.1,"extra":1,"ei":4,"l0":"101, ","c0":"#1cab97","l1":"106, ","c1":"#6b5806","l2":"111, ","c2":"#79a620","l3":"127, ","c3":"#05617d","l4":"145, ","c4":"#e47e2b","l5":"N02","c5":"#b20b42"},"geometry":{"type":"Point","coordinates":[20.441275,53.790471]}},{"type":"Feature","properties":{"lines":"101, 106, 111, 127, 145, N02","arr":["101","106","111","127","145","N02"],"mode":"bus","angle":40.3,"extra":1,"ei":5,"l0":"101, ","c0":"#1cab97","l1":"106, ","c1":"#6b5806","l2":"111, ","c2":"#79a620","l3":"127, ","c3":"#05617d","l4":"145, ","c4":"#e47e2b","l5":"N02","c5":"#b20b42"},"geometry":{"type":"Point","coordinates":[20.443856,53.789362]}},{"type":"Feature","properties":{"lines":"101, 106, 111, 127, 145, N02","arr":["101","106","111","127","145","N02"],"mode":"bus","angle":68.9,"extra":1,"ei":6,"l0":"101, ","c0":"#1cab97","l1":"106, ","c1":"#6b5806","l2":"111, ","c2":"#79a620","l3":"127, ","c3":"#05617d","l4":"145, ","c4":"#e47e2b","l5":"N02","c5":"#b20b42"},"geometry":{"type":"Point","coordinates":[20.445669,53.787854]}},{"type":"Feature","properties":{"lines":"101, 127","arr":["101","127"],"mode":"bus","angle":82.9,"mi":2,"l0":"101, ","c0":"#1cab97","l1":"127","c1":"#05617d"},"geometry":{"type":"Point","coordinates":[20.431451,53.796089]}},{"type":"Feature","properties":{"lines":"101, 127","arr":["101","127"],"mode":"bus","angle":-84.2,"mi":3,"l0":"101, ","c0":"#1cab97","l1":"127","c1":"#05617d"},"geometry":{"type":"Point","coordinates":[20.439518,53.809701]}},{"type":"Feature","properties":{"lines":"101, 127","arr":["101","127"],"mode":"bus","angle":-37.2,"mi":1,"l0":"101, ","c0":"#1cab97","l1":"127","c1":"#05617d"},"geometry":{"type":"Point","coordinates":[20.431993,53.797185]}},{"type":"Feature","properties":{"lines":"101, 127","arr":["101","127"],"mode":"bus","angle":89.6,"l0":"101, ","c0":"#1cab97","l1":"127","c1":"#05617d"},"geometry":{"type":"Point","coordinates":[20.441999,53.802212]}},{"type":"Feature","properties":{"lines":"101, 127","arr":["101","127"],"mode":"bus","angle":-61.3,"extra":1,"ei":0,"l0":"101, ","c0":"#1cab97","l1":"127","c1":"#05617d"},"geometry":{"type":"Point","coordinates":[20.434682,53.797465]}},{"type":"Feature","properties":{"lines":"101, 127","arr":["101","127"],"mode":"bus","angle":-36.7,"extra":1,"ei":1,"l0":"101, ","c0":"#1cab97","l1":"127","c1":"#05617d"},"geometry":{"type":"Point","coordinates":[20.436609,53.798944]}},{"type":"Feature","properties":{"lines":"101, 127","arr":["101","127"],"mode":"bus","angle":-30.4,"extra":1,"ei":2,"l0":"101, ","c0":"#1cab97","l1":"127","c1":"#05617d"},"geometry":{"type":"Point","coordinates":[20.439344,53.799918]}},{"type":"Feature","properties":{"lines":"101, 127","arr":["101","127"],"mode":"bus","angle":-78.3,"extra":1,"ei":3,"l0":"101, ","c0":"#1cab97","l1":"127","c1":"#05617d"},"geometry":{"type":"Point","coordinates":[20.441763,53.804906]}},{"type":"Feature","properties":{"lines":"101, 127","arr":["101","127"],"mode":"bus","angle":70.3,"extra":1,"ei":4,"l0":"101, ","c0":"#1cab97","l1":"127","c1":"#05617d"},"geometry":{"type":"Point","coordinates":[20.442071,53.806753]}},{"type":"Feature","properties":{"lines":"101, 127","arr":["101","127"],"mode":"bus","angle":58.5,"extra":1,"ei":5,"l0":"101, ","c0":"#1cab97","l1":"127","c1":"#05617d"},"geometry":{"type":"Point","coordinates":[20.440501,53.808395]}},{"type":"Feature","properties":{"lines":"101, 107, 111, 127, 145","arr":["101","107","111","127","145"],"mode":"bus","angle":37.9,"l0":"101, ","c0":"#1cab97","l1":"107, ","c1":"#c17aef","l2":"111, ","c2":"#79a620","l3":"127, ","c3":"#05617d","l4":"145","c4":"#e47e2b"},"geometry":{"type":"Point","coordinates":[20.475793,53.77325]}},{"type":"Feature","properties":{"lines":"101, 107, 108, 109, 112, 119, 124, 125, 126, 131, 132","arr":["101","107","108","109","112","119","124","125","126","131","132"],"mode":"bus","angle":80.8,"l0":"101, ","c0":"#1cab97","l1":"107, ","c1":"#c17aef","l2":"108, ","c2":"#4d4aba","l3":"109, ","c3":"#126804","l4":"112, ","c4":"#03636c","l5":"119, ","c5":"#119efc","l6":"124, ","c6":"#ff5e9b","l7":"125, ","c7":"#e47e2b","l8":"126, ","c8":"#2d8c1b","l9":"131, ","c9":"#a72d06","l10":"132","c10":"#ab0377"},"geometry":{"type":"Point","coordinates":[20.491417,53.785547]}},{"type":"Feature","properties":{"lines":"101, 107, 108, 109, 112, 119, 124, 125, 126, 131, 132","arr":["101","107","108","109","112","119","124","125","126","131","132"],"mode":"bus","angle":44,"mi":1,"l0":"101, ","c0":"#1cab97","l1":"107, ","c1":"#c17aef","l2":"108, ","c2":"#4d4aba","l3":"109, ","c3":"#126804","l4":"112, ","c4":"#03636c","l5":"119, ","c5":"#119efc","l6":"124, ","c6":"#ff5e9b","l7":"125, ","c7":"#e47e2b","l8":"126, ","c8":"#2d8c1b","l9":"131, ","c9":"#a72d06","l10":"132","c10":"#ab0377"},"geometry":{"type":"Point","coordinates":[20.492434,53.784118]}},{"type":"Feature","properties":{"lines":"101, 108, 109, 112, 119, 124, 125, 126, 131, 132, 136","arr":["101","108","109","112","119","124","125","126","131","132","136"],"mode":"bus","angle":-43.9,"side":-1,"l0":"101, ","c0":"#1cab97","l1":"108, ","c1":"#4d4aba","l2":"109, ","c2":"#126804","l3":"112, ","c3":"#03636c","l4":"119, ","c4":"#119efc","l5":"124, ","c5":"#ff5e9b","l6":"125, ","c6":"#e47e2b","l7":"126, ","c7":"#2d8c1b","l8":"131, ","c8":"#a72d06","l9":"132, ","c9":"#ab0377","l10":"136","c10":"#e16cd6"},"geometry":{"type":"Point","coordinates":[20.491294,53.790207]}},{"type":"Feature","properties":{"lines":"101, 119","arr":["101","119"],"mode":"bus","angle":23.1,"mi":1,"l0":"101, ","c0":"#1cab97","l1":"119","c1":"#119efc"},"geometry":{"type":"Point","coordinates":[20.494883,53.789462]}},{"type":"Feature","properties":{"lines":"101, 119","arr":["101","119"],"mode":"bus","angle":25.2,"extra":1,"ei":0,"l0":"101, ","c0":"#1cab97","l1":"119","c1":"#119efc"},"geometry":{"type":"Point","coordinates":[20.492998,53.789983]}},{"type":"Feature","properties":{"lines":"103, 106, 114, 115, 121, 128, 304, N01","arr":["103","106","114","115","121","128","304","N01"],"mode":"bus","angle":-11,"l0":"103, ","c0":"#b59607","l1":"106, ","c1":"#6b5806","l2":"114, ","c2":"#119efc","l3":"115, ","c3":"#79a620","l4":"121, ","c4":"#1cab97","l5":"128, ","c5":"#7b3aa8","l6":"304, ","c6":"#05617d","l7":"N01","c7":"#fe6761"},"geometry":{"type":"Point","coordinates":[20.498014,53.78448]}},{"type":"Feature","properties":{"lines":"103, 106, 107, 114, 115, 121, 126, 128, 131, 132, 304, N01","arr":["103","106","107","114","115","121","126","128","131","132","304","N01"],"mode":"bus","angle":29.2,"l0":"103, ","c0":"#b59607","l1":"106, ","c1":"#6b5806","l2":"107, ","c2":"#c17aef","l3":"114, ","c3":"#119efc","l4":"115, ","c4":"#79a620","l5":"121, ","c5":"#1cab97","l6":"126, ","c6":"#2d8c1b","l7":"128, ","c7":"#7b3aa8","l8":"131, ","c8":"#a72d06","l9":"132, ","c9":"#ab0377","l10":"304, ","c10":"#05617d","l11":"N01","c11":"#fe6761"},"geometry":{"type":"Point","coordinates":[20.496597,53.781386]}},{"type":"Feature","properties":{"lines":"103, 106, 107, 121, 126, 128, 131, 132, N01","arr":["103","106","107","121","126","128","131","132","N01"],"mode":"bus","angle":72,"side":-1,"l0":"103, ","c0":"#b59607","l1":"106, ","c1":"#6b5806","l2":"107, ","c2":"#c17aef","l3":"121, ","c3":"#1cab97","l4":"126, ","c4":"#2d8c1b","l5":"128, ","c5":"#7b3aa8","l6":"131, ","c6":"#a72d06","l7":"132, ","c7":"#ab0377","l8":"N01","c8":"#fe6761"},"geometry":{"type":"Point","coordinates":[20.500576,53.780155]}},{"type":"Feature","properties":{"lines":"103, 106, 107, 126, 128, 131, 132, N01","arr":["103","106","107","126","128","131","132","N01"],"mode":"bus","angle":83.8,"side":-1,"l0":"103, ","c0":"#b59607","l1":"106, ","c1":"#6b5806","l2":"107, ","c2":"#c17aef","l3":"126, ","c3":"#2d8c1b","l4":"128, ","c4":"#7b3aa8","l5":"131, ","c5":"#a72d06","l6":"132, ","c6":"#ab0377","l7":"N01","c7":"#fe6761"},"geometry":{"type":"Point","coordinates":[20.502394,53.775937]}},{"type":"Feature","properties":{"lines":"103, 106, 107, 126, 128, 131, 132, N01","arr":["103","106","107","126","128","131","132","N01"],"mode":"bus","angle":76.3,"side":-1,"extra":1,"ei":0,"l0":"103, ","c0":"#b59607","l1":"106, ","c1":"#6b5806","l2":"107, ","c2":"#c17aef","l3":"126, ","c3":"#2d8c1b","l4":"128, ","c4":"#7b3aa8","l5":"131, ","c5":"#a72d06","l6":"132, ","c6":"#ab0377","l7":"N01","c7":"#fe6761"},"geometry":{"type":"Point","coordinates":[20.501566,53.778095]}},{"type":"Feature","properties":{"lines":"103, 106, 107, 126, 128, 131, 132, N01","arr":["103","106","107","126","128","131","132","N01"],"mode":"bus","angle":-66.7,"extra":1,"ei":1,"l0":"103, ","c0":"#b59607","l1":"106, ","c1":"#6b5806","l2":"107, ","c2":"#c17aef","l3":"126, ","c3":"#2d8c1b","l4":"128, ","c4":"#7b3aa8","l5":"131, ","c5":"#a72d06","l6":"132, ","c6":"#ab0377","l7":"N01","c7":"#fe6761"},"geometry":{"type":"Point","coordinates":[20.50192,53.77442]}},{"type":"Feature","properties":{"lines":"103, 107, 131, N01","arr":["103","107","131","N01"],"mode":"bus","angle":-69.7,"l0":"103, ","c0":"#b59607","l1":"107, ","c1":"#c17aef","l2":"131, ","c2":"#a72d06","l3":"N01","c3":"#fe6761"},"geometry":{"type":"Point","coordinates":[20.499205,53.77072]}},{"type":"Feature","properties":{"lines":"103, 107, 131, N01","arr":["103","107","131","N01"],"mode":"bus","angle":-68.5,"extra":1,"ei":0,"l0":"103, ","c0":"#b59607","l1":"107, ","c1":"#c17aef","l2":"131, ","c2":"#a72d06","l3":"N01","c3":"#fe6761"},"geometry":{"type":"Point","coordinates":[20.500083,53.771947]}},{"type":"Feature","properties":{"lines":"103, 107, 131, N01","arr":["103","107","131","N01"],"mode":"bus","angle":-67.1,"side":-1,"extra":1,"ei":0,"l0":"103, ","c0":"#b59607","l1":"107, ","c1":"#c17aef","l2":"131, ","c2":"#a72d06","l3":"N01","c3":"#fe6761"},"geometry":{"type":"Point","coordinates":[20.498657,53.769402]}},{"type":"Feature","properties":{"lines":"103, 105","arr":["103","105"],"mode":"bus","angle":-62.2,"l0":"103, ","c0":"#b59607","l1":"105","c1":"#8e4604"},"geometry":{"type":"Point","coordinates":[20.495952,53.766626]}},{"type":"Feature","properties":{"lines":"103, 105","arr":["103","105"],"mode":"bus","angle":-62.4,"extra":1,"ei":0,"l0":"103, ","c0":"#b59607","l1":"105","c1":"#8e4604"},"geometry":{"type":"Point","coordinates":[20.496887,53.767681]}},{"type":"Feature","properties":{"lines":"103","arr":["103"],"mode":"bus","angle":25,"side":-1,"l0":"103","c0":"#b59607"},"geometry":{"type":"Point","coordinates":[20.491005,53.765397]}},{"type":"Feature","properties":{"lines":"103","arr":["103"],"mode":"bus","angle":24.4,"mi":3,"l0":"103","c0":"#b59607"},"geometry":{"type":"Point","coordinates":[20.486706,53.766574]}},{"type":"Feature","properties":{"lines":"103, 127","arr":["103","127"],"mode":"bus","angle":25.2,"mi":1,"l0":"103, ","c0":"#b59607","l1":"127","c1":"#05617d"},"geometry":{"type":"Point","coordinates":[20.485888,53.766958]}},{"type":"Feature","properties":{"lines":"103, 127","arr":["103","127"],"mode":"bus","angle":63.3,"l0":"103, ","c0":"#b59607","l1":"127","c1":"#05617d"},"geometry":{"type":"Point","coordinates":[20.482639,53.768507]}},{"type":"Feature","properties":{"lines":"103, 127","arr":["103","127"],"mode":"bus","angle":27.4,"side":-1,"mi":2,"l0":"103, ","c0":"#b59607","l1":"127","c1":"#05617d"},"geometry":{"type":"Point","coordinates":[20.477073,53.772792]}},{"type":"Feature","properties":{"lines":"103, 127, 135","arr":["103","127","135"],"mode":"bus","angle":40,"mi":2,"l0":"103, ","c0":"#b59607","l1":"127, ","c1":"#05617d","l2":"135","c2":"#4d4aba"},"geometry":{"type":"Point","coordinates":[20.479816,53.771975]}},{"type":"Feature","properties":{"lines":"103, 127, 135","arr":["103","127","135"],"mode":"bus","angle":69.9,"side":-1,"mi":1,"l0":"103, ","c0":"#b59607","l1":"127, ","c1":"#05617d","l2":"135","c2":"#4d4aba"},"geometry":{"type":"Point","coordinates":[20.481682,53.769568]}},{"type":"Feature","properties":{"lines":"103, 127, 135","arr":["103","127","135"],"mode":"bus","angle":70,"side":-1,"l0":"103, ","c0":"#b59607","l1":"127, ","c1":"#05617d","l2":"135","c2":"#4d4aba"},"geometry":{"type":"Point","coordinates":[20.481373,53.770069]}},{"type":"Feature","properties":{"lines":"103, 105, 109, 113, 119, 128, 136, N01, N02","arr":["103","105","109","113","119","128","136","N01","N02"],"mode":"bus","angle":-38.9,"side":-1,"l0":"103, ","c0":"#b59607","l1":"105, ","c1":"#8e4604","l2":"109, ","c2":"#126804","l3":"113, ","c3":"#03636c","l4":"119, ","c4":"#119efc","l5":"128, ","c5":"#7b3aa8","l6":"136, ","c6":"#e16cd6","l7":"N01, ","c7":"#fe6761","l8":"N02","c8":"#b20b42"},"geometry":{"type":"Point","coordinates":[20.473316,53.77168]}},{"type":"Feature","properties":{"lines":"103, 105, 109, 113, 119, 128, 136, N01, N02","arr":["103","105","109","113","119","128","136","N01","N02"],"mode":"bus","angle":-38.9,"side":-1,"extra":1,"ei":0,"l0":"103, ","c0":"#b59607","l1":"105, ","c1":"#8e4604","l2":"109, ","c2":"#126804","l3":"113, ","c3":"#03636c","l4":"119, ","c4":"#119efc","l5":"128, ","c5":"#7b3aa8","l6":"136, ","c6":"#e16cd6","l7":"N01, ","c7":"#fe6761","l8":"N02","c8":"#b20b42"},"geometry":{"type":"Point","coordinates":[20.471634,53.770877]}},{"type":"Feature","properties":{"lines":"103, 109, 113, 119, 128, 136, N01, N02","arr":["103","109","113","119","128","136","N01","N02"],"mode":"bus","angle":-53.9,"side":-1,"l0":"103, ","c0":"#b59607","l1":"109, ","c1":"#126804","l2":"113, ","c2":"#03636c","l3":"119, ","c3":"#119efc","l4":"128, ","c4":"#7b3aa8","l5":"136, ","c5":"#e16cd6","l6":"N01, ","c6":"#fe6761","l7":"N02","c7":"#b20b42"},"geometry":{"type":"Point","coordinates":[20.467816,53.768424]}},{"type":"Feature","properties":{"lines":"103, 109, 113, 119, 128, 136, N01, N02","arr":["103","109","113","119","128","136","N01","N02"],"mode":"bus","angle":-54.1,"side":-1,"extra":1,"ei":0,"l0":"103, ","c0":"#b59607","l1":"109, ","c1":"#126804","l2":"113, ","c2":"#03636c","l3":"119, ","c3":"#119efc","l4":"128, ","c4":"#7b3aa8","l5":"136, ","c5":"#e16cd6","l6":"N01, ","c6":"#fe6761","l7":"N02","c7":"#b20b42"},"geometry":{"type":"Point","coordinates":[20.466544,53.767406]}},{"type":"Feature","properties":{"lines":"103, 109, 136, 307, N01, N02","arr":["103","109","136","307","N01","N02"],"mode":"bus","angle":-73.8,"l0":"103, ","c0":"#b59607","l1":"109, ","c1":"#126804","l2":"136, ","c2":"#e16cd6","l3":"307, ","c3":"#6b5806","l4":"N01, ","c4":"#fe6761","l5":"N02","c5":"#b20b42"},"geometry":{"type":"Point","coordinates":[20.463372,53.76237]}},{"type":"Feature","properties":{"lines":"103, 109, 136, 307, N01, N02","arr":["103","109","136","307","N01","N02"],"mode":"bus","angle":-75.6,"extra":1,"ei":0,"l0":"103, ","c0":"#b59607","l1":"109, ","c1":"#126804","l2":"136, ","c2":"#e16cd6","l3":"307, ","c3":"#6b5806","l4":"N01, ","c4":"#fe6761","l5":"N02","c5":"#b20b42"},"geometry":{"type":"Point","coordinates":[20.464937,53.765663]}},{"type":"Feature","properties":{"lines":"103, 109, 136, 307, N01, N02","arr":["103","109","136","307","N01","N02"],"mode":"bus","angle":-73.8,"extra":1,"ei":1,"l0":"103, ","c0":"#b59607","l1":"109, ","c1":"#126804","l2":"136, ","c2":"#e16cd6","l3":"307, ","c3":"#6b5806","l4":"N01, ","c4":"#fe6761","l5":"N02","c5":"#b20b42"},"geometry":{"type":"Point","coordinates":[20.464096,53.763841]}},{"type":"Feature","properties":{"lines":"103, 109, 136, 307, N01, N02","arr":["103","109","136","307","N01","N02"],"mode":"bus","angle":-74.7,"extra":1,"ei":2,"l0":"103, ","c0":"#b59607","l1":"109, ","c1":"#126804","l2":"136, ","c2":"#e16cd6","l3":"307, ","c3":"#6b5806","l4":"N01, ","c4":"#fe6761","l5":"N02","c5":"#b20b42"},"geometry":{"type":"Point","coordinates":[20.462331,53.760211]}},{"type":"Feature","properties":{"lines":"103, 109, 136, 307, N01, N02","arr":["103","109","136","307","N01","N02"],"mode":"bus","angle":-75.8,"extra":1,"ei":3,"l0":"103, ","c0":"#b59607","l1":"109, ","c1":"#126804","l2":"136, ","c2":"#e16cd6","l3":"307, ","c3":"#6b5806","l4":"N01, ","c4":"#fe6761","l5":"N02","c5":"#b20b42"},"geometry":{"type":"Point","coordinates":[20.461491,53.758389]}},{"type":"Feature","properties":{"lines":"103, 109, 119, 130, N02","arr":["103","109","119","130","N02"],"mode":"bus","angle":-87.7,"mi":1,"l0":"103, ","c0":"#b59607","l1":"109, ","c1":"#126804","l2":"119, ","c2":"#119efc","l3":"130, ","c3":"#4d4aba","l4":"N02","c4":"#b20b42"},"geometry":{"type":"Point","coordinates":[20.461128,53.755027]}},{"type":"Feature","properties":{"lines":"103, 109, 119, 130, N02","arr":["103","109","119","130","N02"],"mode":"bus","angle":-87.6,"extra":1,"ei":0,"l0":"103, ","c0":"#b59607","l1":"109, ","c1":"#126804","l2":"119, ","c2":"#119efc","l3":"130, ","c3":"#4d4aba","l4":"N02","c4":"#b20b42"},"geometry":{"type":"Point","coordinates":[20.461274,53.757143]}},{"type":"Feature","properties":{"lines":"103, 109, 119, 130, N02","arr":["103","109","119","130","N02"],"mode":"bus","angle":-87.8,"extra":1,"ei":1,"l0":"103, ","c0":"#b59607","l1":"109, ","c1":"#126804","l2":"119, ","c2":"#119efc","l3":"130, ","c3":"#4d4aba","l4":"N02","c4":"#b20b42"},"geometry":{"type":"Point","coordinates":[20.461014,53.753369]}},{"type":"Feature","properties":{"lines":"103, 109, 119, 130, N02","arr":["103","109","119","130","N02"],"mode":"bus","angle":-30.6,"l0":"103, ","c0":"#b59607","l1":"109, ","c1":"#126804","l2":"119, ","c2":"#119efc","l3":"130, ","c3":"#4d4aba","l4":"N02","c4":"#b20b42"},"geometry":{"type":"Point","coordinates":[20.457399,53.751516]}},{"type":"Feature","properties":{"lines":"103, 109, 130, N02","arr":["103","109","130","N02"],"mode":"bus","angle":-43.2,"l0":"103, ","c0":"#b59607","l1":"109, ","c1":"#126804","l2":"130, ","c2":"#4d4aba","l3":"N02","c3":"#b20b42"},"geometry":{"type":"Point","coordinates":[20.451539,53.749411]}},{"type":"Feature","properties":{"lines":"103, 109, 130, N02","arr":["103","109","130","N02"],"mode":"bus","angle":-31.1,"extra":1,"ei":0,"l0":"103, ","c0":"#b59607","l1":"109, ","c1":"#126804","l2":"130, ","c2":"#4d4aba","l3":"N02","c3":"#b20b42"},"geometry":{"type":"Point","coordinates":[20.453498,53.750131]}},{"type":"Feature","properties":{"lines":"103, 130","arr":["103","130"],"mode":"bus","angle":32.6,"mi":1,"l0":"103, ","c0":"#b59607","l1":"130","c1":"#4d4aba"},"geometry":{"type":"Point","coordinates":[20.450701,53.745371]}},{"type":"Feature","properties":{"lines":"103, 130","arr":["103","130"],"mode":"bus","angle":76.5,"extra":1,"ei":0,"l0":"103, ","c0":"#b59607","l1":"130","c1":"#4d4aba"},"geometry":{"type":"Point","coordinates":[20.449538,53.746541]}},{"type":"Feature","properties":{"lines":"103, 130","arr":["103","130"],"mode":"bus","angle":-1.6,"extra":1,"ei":1,"l0":"103, ","c0":"#b59607","l1":"130","c1":"#4d4aba"},"geometry":{"type":"Point","coordinates":[20.454532,53.745072]}},{"type":"Feature","properties":{"lines":"103, 130","arr":["103","130"],"mode":"bus","angle":40,"l0":"103, ","c0":"#b59607","l1":"130","c1":"#4d4aba"},"geometry":{"type":"Point","coordinates":[20.454843,53.744798]}},{"type":"Feature","properties":{"lines":"119","arr":["119"],"mode":"bus","angle":-2.1,"mi":2,"l0":"119","c0":"#119efc"},"geometry":{"type":"Point","coordinates":[20.455287,53.74483]}},{"type":"Feature","properties":{"lines":"119","arr":["119"],"mode":"bus","angle":-67,"mi":1,"l0":"119","c0":"#119efc"},"geometry":{"type":"Point","coordinates":[20.455781,53.744836]}},{"type":"Feature","properties":{"lines":"103","arr":["103"],"mode":"bus","angle":-62,"side":-1,"mi":2,"l0":"103","c0":"#b59607"},"geometry":{"type":"Point","coordinates":[20.497011,53.767521]}},{"type":"Feature","properties":{"lines":"103","arr":["103"],"mode":"bus","angle":-62.6,"side":-1,"mi":1,"l0":"103","c0":"#b59607"},"geometry":{"type":"Point","coordinates":[20.494602,53.764815]}},{"type":"Feature","properties":{"lines":"103, 107, 126, 131, 132, N01","arr":["103","107","126","131","132","N01"],"mode":"bus","angle":-72.6,"side":-1,"l0":"103, ","c0":"#b59607","l1":"107, ","c1":"#c17aef","l2":"126, ","c2":"#2d8c1b","l3":"131, ","c3":"#a72d06","l4":"132, ","c4":"#ab0377","l5":"N01","c5":"#fe6761"},"geometry":{"type":"Point","coordinates":[20.501405,53.773244]}},{"type":"Feature","properties":{"lines":"103, 106, 107, 114, 121, 125, 126, 128, 131, 132, 304, N01","arr":["103","106","107","114","121","125","126","128","131","132","304","N01"],"mode":"bus","angle":71.3,"l0":"103, ","c0":"#b59607","l1":"106, ","c1":"#6b5806","l2":"107, ","c2":"#c17aef","l3":"114, ","c3":"#119efc","l4":"121, ","c4":"#1cab97","l5":"125, ","c5":"#e47e2b","l6":"126, ","c6":"#2d8c1b","l7":"128, ","c7":"#7b3aa8","l8":"131, ","c8":"#a72d06","l9":"132, ","c9":"#ab0377","l10":"304, ","c10":"#05617d","l11":"N01","c11":"#fe6761"},"geometry":{"type":"Point","coordinates":[20.499539,53.782576]}},{"type":"Feature","properties":{"lines":"105","arr":["105"],"mode":"bus","angle":-61,"side":-1,"mi":2,"l0":"105","c0":"#8e4604"},"geometry":{"type":"Point","coordinates":[20.475474,53.767972]}},{"type":"Feature","properties":{"lines":"105","arr":["105"],"mode":"bus","angle":16.2,"mi":1,"l0":"105","c0":"#8e4604"},"geometry":{"type":"Point","coordinates":[20.474177,53.769535]}},{"type":"Feature","properties":{"lines":"105","arr":["105"],"mode":"bus","angle":-23.3,"mi":3,"l0":"105","c0":"#8e4604"},"geometry":{"type":"Point","coordinates":[20.471861,53.769812]}},{"type":"Feature","properties":{"lines":"105, 107, 111, 117, 135, N01","arr":["105","107","111","117","135","N01"],"mode":"bus","angle":32.5,"l0":"105, ","c0":"#8e4604","l1":"107, ","c1":"#c17aef","l2":"111, ","c2":"#79a620","l3":"117, ","c3":"#11a2e3","l4":"135, ","c4":"#4d4aba","l5":"N01","c5":"#fe6761"},"geometry":{"type":"Point","coordinates":[20.493599,53.770004]}},{"type":"Feature","properties":{"lines":"105, 107, 111, 117, 135, N01","arr":["105","107","111","117","135","N01"],"mode":"bus","angle":35.3,"extra":1,"ei":0,"l0":"105, ","c0":"#8e4604","l1":"107, ","c1":"#c17aef","l2":"111, ","c2":"#79a620","l3":"117, ","c3":"#11a2e3","l4":"135, ","c4":"#4d4aba","l5":"N01","c5":"#fe6761"},"geometry":{"type":"Point","coordinates":[20.490952,53.771013]}},{"type":"Feature","properties":{"lines":"105, 107, 111, 117, 135, N01","arr":["105","107","111","117","135","N01"],"mode":"bus","angle":29.4,"extra":1,"ei":1,"l0":"105, ","c0":"#8e4604","l1":"107, ","c1":"#c17aef","l2":"111, ","c2":"#79a620","l3":"117, ","c3":"#11a2e3","l4":"135, ","c4":"#4d4aba","l5":"N01","c5":"#fe6761"},"geometry":{"type":"Point","coordinates":[20.496341,53.768982]}},{"type":"Feature","properties":{"lines":"105","arr":["105"],"mode":"bus","angle":24.7,"l0":"105","c0":"#8e4604"},"geometry":{"type":"Point","coordinates":[20.525695,53.751914]}},{"type":"Feature","properties":{"lines":"105","arr":["105"],"mode":"bus","angle":20,"side":-1,"mi":1,"l0":"105","c0":"#8e4604"},"geometry":{"type":"Point","coordinates":[20.497678,53.763878]}},{"type":"Feature","properties":{"lines":"105","arr":["105"],"mode":"bus","angle":55.9,"side":-1,"l0":"105","c0":"#8e4604"},"geometry":{"type":"Point","coordinates":[20.514368,53.759102]}},{"type":"Feature","properties":{"lines":"105","arr":["105"],"mode":"bus","angle":6.2,"extra":1,"ei":0,"l0":"105","c0":"#8e4604"},"geometry":{"type":"Point","coordinates":[20.516964,53.75811]}},{"type":"Feature","properties":{"lines":"105","arr":["105"],"mode":"bus","angle":21.5,"extra":1,"ei":1,"l0":"105","c0":"#8e4604"},"geometry":{"type":"Point","coordinates":[20.520143,53.758047]}},{"type":"Feature","properties":{"lines":"105","arr":["105"],"mode":"bus","angle":51.7,"extra":1,"ei":2,"l0":"105","c0":"#8e4604"},"geometry":{"type":"Point","coordinates":[20.522536,53.756807]}},{"type":"Feature","properties":{"lines":"105","arr":["105"],"mode":"bus","angle":65.8,"extra":1,"ei":3,"l0":"105","c0":"#8e4604"},"geometry":{"type":"Point","coordinates":[20.523845,53.755091]}},{"type":"Feature","properties":{"lines":"105","arr":["105"],"mode":"bus","angle":-86.7,"extra":1,"ei":4,"l0":"105","c0":"#8e4604"},"geometry":{"type":"Point","coordinates":[20.52484,53.753344]}},{"type":"Feature","properties":{"lines":"105","arr":["105"],"mode":"bus","angle":32.2,"extra":1,"ei":5,"l0":"105","c0":"#8e4604"},"geometry":{"type":"Point","coordinates":[20.528336,53.750647]}},{"type":"Feature","properties":{"lines":"105","arr":["105"],"mode":"bus","angle":-19,"extra":1,"ei":6,"l0":"105","c0":"#8e4604"},"geometry":{"type":"Point","coordinates":[20.531252,53.750107]}},{"type":"Feature","properties":{"lines":"105","arr":["105"],"mode":"bus","angle":0,"extra":1,"ei":7,"l0":"105","c0":"#8e4604"},"geometry":{"type":"Point","coordinates":[20.534339,53.750003]}},{"type":"Feature","properties":{"lines":"105","arr":["105"],"mode":"bus","angle":5.6,"extra":1,"ei":8,"l0":"105","c0":"#8e4604"},"geometry":{"type":"Point","coordinates":[20.537472,53.750349]}},{"type":"Feature","properties":{"lines":"105","arr":["105"],"mode":"bus","angle":15.5,"extra":1,"ei":9,"l0":"105","c0":"#8e4604"},"geometry":{"type":"Point","coordinates":[20.540302,53.749545]}},{"type":"Feature","properties":{"lines":"105","arr":["105"],"mode":"bus","angle":25.3,"extra":1,"ei":0,"l0":"105","c0":"#8e4604"},"geometry":{"type":"Point","coordinates":[20.499932,53.763449]}},{"type":"Feature","properties":{"lines":"105, 113","arr":["105","113"],"mode":"bus","angle":22,"side":-1,"mi":1,"l0":"105, ","c0":"#8e4604","l1":"113","c1":"#03636c"},"geometry":{"type":"Point","coordinates":[20.507066,53.761509]}},{"type":"Feature","properties":{"lines":"105, 113","arr":["105","113"],"mode":"bus","angle":21.8,"side":-1,"extra":1,"ei":0,"l0":"105, ","c0":"#8e4604","l1":"113","c1":"#03636c"},"geometry":{"type":"Point","coordinates":[20.502298,53.762626]}},{"type":"Feature","properties":{"lines":"105, 113","arr":["105","113"],"mode":"bus","angle":30.2,"side":-1,"extra":1,"ei":1,"l0":"105, ","c0":"#8e4604","l1":"113","c1":"#03636c"},"geometry":{"type":"Point","coordinates":[20.51116,53.76047]}},{"type":"Feature","properties":{"lines":"105, 113","arr":["105","113"],"mode":"bus","angle":20.6,"extra":1,"ei":0,"l0":"105, ","c0":"#8e4604","l1":"113","c1":"#03636c"},"geometry":{"type":"Point","coordinates":[20.504992,53.762106]}},{"type":"Feature","properties":{"lines":"105","arr":["105"],"mode":"bus","angle":22,"mi":3,"l0":"105","c0":"#8e4604"},"geometry":{"type":"Point","coordinates":[20.552245,53.743596]}},{"type":"Feature","properties":{"lines":"105","arr":["105"],"mode":"bus","angle":16.4,"extra":1,"ei":0,"l0":"105","c0":"#8e4604"},"geometry":{"type":"Point","coordinates":[20.542951,53.749115]}},{"type":"Feature","properties":{"lines":"105","arr":["105"],"mode":"bus","angle":39.6,"extra":1,"ei":1,"l0":"105","c0":"#8e4604"},"geometry":{"type":"Point","coordinates":[20.545783,53.748278]}},{"type":"Feature","properties":{"lines":"105","arr":["105"],"mode":"bus","angle":45.1,"extra":1,"ei":2,"l0":"105","c0":"#8e4604"},"geometry":{"type":"Point","coordinates":[20.548096,53.746975]}},{"type":"Feature","properties":{"lines":"105","arr":["105"],"mode":"bus","angle":47.9,"extra":1,"ei":3,"l0":"105","c0":"#8e4604"},"geometry":{"type":"Point","coordinates":[20.550059,53.745495]}},{"type":"Feature","properties":{"lines":"105","arr":["105"],"mode":"bus","angle":18.1,"extra":1,"ei":4,"l0":"105","c0":"#8e4604"},"geometry":{"type":"Point","coordinates":[20.554571,53.743536]}},{"type":"Feature","properties":{"lines":"105","arr":["105"],"mode":"bus","angle":63.9,"extra":1,"ei":5,"l0":"105","c0":"#8e4604"},"geometry":{"type":"Point","coordinates":[20.556705,53.74223]}},{"type":"Feature","properties":{"lines":"105","arr":["105"],"mode":"bus","angle":68.7,"extra":1,"ei":6,"l0":"105","c0":"#8e4604"},"geometry":{"type":"Point","coordinates":[20.55764,53.740429]}},{"type":"Feature","properties":{"lines":"105","arr":["105"],"mode":"bus","angle":21.3,"extra":1,"ei":7,"l0":"105","c0":"#8e4604"},"geometry":{"type":"Point","coordinates":[20.5599,53.739237]}},{"type":"Feature","properties":{"lines":"105","arr":["105"],"mode":"bus","angle":13.9,"extra":1,"ei":8,"l0":"105","c0":"#8e4604"},"geometry":{"type":"Point","coordinates":[20.562967,53.738712]}},{"type":"Feature","properties":{"lines":"105","arr":["105"],"mode":"bus","angle":-13.9,"l0":"105","c0":"#8e4604"},"geometry":{"type":"Point","coordinates":[20.563067,53.738704]}},{"type":"Feature","properties":{"lines":"105","arr":["105"],"mode":"bus","angle":39.9,"side":-1,"mi":2,"l0":"105","c0":"#8e4604"},"geometry":{"type":"Point","coordinates":[20.573705,53.735082]}},{"type":"Feature","properties":{"lines":"105","arr":["105"],"mode":"bus","angle":79.4,"l0":"105","c0":"#8e4604"},"geometry":{"type":"Point","coordinates":[20.494782,53.764814]}},{"type":"Feature","properties":{"lines":"105","arr":["105"],"mode":"bus","angle":-75.1,"mi":2,"l0":"105","c0":"#8e4604"},"geometry":{"type":"Point","coordinates":[20.496704,53.767984]}},{"type":"Feature","properties":{"lines":"105","arr":["105"],"mode":"bus","angle":30.4,"mi":1,"l0":"105","c0":"#8e4604"},"geometry":{"type":"Point","coordinates":[20.568801,53.736628]}},{"type":"Feature","properties":{"lines":"105","arr":["105"],"mode":"bus","angle":26.7,"extra":1,"ei":0,"l0":"105","c0":"#8e4604"},"geometry":{"type":"Point","coordinates":[20.572264,53.735533]}},{"type":"Feature","properties":{"lines":"105","arr":["105"],"mode":"bus","angle":32.9,"extra":1,"ei":1,"l0":"105","c0":"#8e4604"},"geometry":{"type":"Point","coordinates":[20.566704,53.737394]}},{"type":"Feature","properties":{"lines":"105, 113","arr":["105","113"],"mode":"bus","angle":-6.4,"l0":"105, ","c0":"#8e4604","l1":"113","c1":"#03636c"},"geometry":{"type":"Point","coordinates":[20.512851,53.760457]}},{"type":"Feature","properties":{"lines":"105","arr":["105"],"mode":"bus","angle":48.8,"l0":"105","c0":"#8e4604"},"geometry":{"type":"Point","coordinates":[20.474107,53.7686]}},{"type":"Feature","properties":{"lines":"106, 121, 128, 304","arr":["106","121","128","304"],"mode":"bus","angle":16,"l0":"106, ","c0":"#6b5806","l1":"121, ","c1":"#1cab97","l2":"128, ","c2":"#7b3aa8","l3":"304","c3":"#05617d"},"geometry":{"type":"Point","coordinates":[20.536097,53.785621]}},{"type":"Feature","properties":{"lines":"106, 121, 128, 304","arr":["106","121","128","304"],"mode":"bus","angle":12,"extra":1,"ei":0,"l0":"106, ","c0":"#6b5806","l1":"121, ","c1":"#1cab97","l2":"128, ","c2":"#7b3aa8","l3":"304","c3":"#05617d"},"geometry":{"type":"Point","coordinates":[20.533095,53.785999]}},{"type":"Feature","properties":{"lines":"106, 121, 128, 304","arr":["106","121","128","304"],"mode":"bus","angle":36.9,"extra":1,"ei":1,"l0":"106, ","c0":"#6b5806","l1":"121, ","c1":"#1cab97","l2":"128, ","c2":"#7b3aa8","l3":"304","c3":"#05617d"},"geometry":{"type":"Point","coordinates":[20.539,53.784695]}},{"type":"Feature","properties":{"lines":"106, 141, 304","arr":["106","141","304"],"mode":"bus","angle":-77.9,"l0":"106, ","c0":"#6b5806","l1":"141, ","c1":"#f661b9","l2":"304","c2":"#05617d"},"geometry":{"type":"Point","coordinates":[20.530736,53.784009]}},{"type":"Feature","properties":{"lines":"106, 304","arr":["106","304"],"mode":"bus","angle":-77.6,"side":-1,"l0":"106, ","c0":"#6b5806","l1":"304","c1":"#05617d"},"geometry":{"type":"Point","coordinates":[20.531359,53.785729]}},{"type":"Feature","properties":{"lines":"106, 114, 125, 304","arr":["106","114","125","304"],"mode":"bus","angle":9,"l0":"106, ","c0":"#6b5806","l1":"114, ","c1":"#119efc","l2":"125, ","c2":"#e47e2b","l3":"304","c3":"#05617d"},"geometry":{"type":"Point","coordinates":[20.521835,53.781239]}},{"type":"Feature","properties":{"lines":"106, 114, 125, 304","arr":["106","114","125","304"],"mode":"bus","angle":-17.8,"extra":1,"ei":0,"l0":"106, ","c0":"#6b5806","l1":"114, ","c1":"#119efc","l2":"125, ","c2":"#e47e2b","l3":"304","c3":"#05617d"},"geometry":{"type":"Point","coordinates":[20.52894,53.782729]}},{"type":"Feature","properties":{"lines":"106, 114, 125, 304","arr":["106","114","125","304"],"mode":"bus","angle":-30.6,"extra":1,"ei":1,"l0":"106, ","c0":"#6b5806","l1":"114, ","c1":"#119efc","l2":"125, ","c2":"#e47e2b","l3":"304","c3":"#05617d"},"geometry":{"type":"Point","coordinates":[20.526116,53.781853]}},{"type":"Feature","properties":{"lines":"106, 114, 125, 304","arr":["106","114","125","304"],"mode":"bus","angle":3.2,"extra":1,"ei":2,"l0":"106, ","c0":"#6b5806","l1":"114, ","c1":"#119efc","l2":"125, ","c2":"#e47e2b","l3":"304","c3":"#05617d"},"geometry":{"type":"Point","coordinates":[20.51683,53.781601]}},{"type":"Feature","properties":{"lines":"106, 114, 125, 304","arr":["106","114","125","304"],"mode":"bus","angle":-0.1,"extra":1,"ei":3,"l0":"106, ","c0":"#6b5806","l1":"114, ","c1":"#119efc","l2":"125, ","c2":"#e47e2b","l3":"304","c3":"#05617d"},"geometry":{"type":"Point","coordinates":[20.513636,53.781685]}},{"type":"Feature","properties":{"lines":"106","arr":["106"],"mode":"bus","angle":50.5,"l0":"106","c0":"#6b5806"},"geometry":{"type":"Point","coordinates":[20.527556,53.778135]}},{"type":"Feature","properties":{"lines":"106","arr":["106"],"mode":"bus","angle":46.6,"extra":1,"ei":0,"l0":"106","c0":"#6b5806"},"geometry":{"type":"Point","coordinates":[20.530574,53.775984]}},{"type":"Feature","properties":{"lines":"106","arr":["106"],"mode":"bus","angle":70.2,"extra":1,"ei":1,"l0":"106","c0":"#6b5806"},"geometry":{"type":"Point","coordinates":[20.524883,53.7805]}},{"type":"Feature","properties":{"lines":"106","arr":["106"],"mode":"bus","angle":76.2,"side":-1,"l0":"106","c0":"#6b5806"},"geometry":{"type":"Point","coordinates":[20.506349,53.78451]}},{"type":"Feature","properties":{"lines":"106","arr":["106"],"mode":"bus","angle":9.2,"side":-1,"mi":1,"l0":"106","c0":"#6b5806"},"geometry":{"type":"Point","coordinates":[20.524053,53.780994]}},{"type":"Feature","properties":{"lines":"106, 114, 125, 141, 304","arr":["106","114","125","141","304"],"mode":"bus","angle":0.4,"l0":"106, ","c0":"#6b5806","l1":"114, ","c1":"#119efc","l2":"125, ","c2":"#e47e2b","l3":"141, ","c3":"#f661b9","l4":"304","c4":"#05617d"},"geometry":{"type":"Point","coordinates":[20.509959,53.781695]}},{"type":"Feature","properties":{"lines":"106, 114, 125, 141, 304","arr":["106","114","125","141","304"],"mode":"bus","angle":1.1,"extra":1,"ei":0,"l0":"106, ","c0":"#6b5806","l1":"114, ","c1":"#119efc","l2":"125, ","c2":"#e47e2b","l3":"141, ","c3":"#f661b9","l4":"304","c4":"#05617d"},"geometry":{"type":"Point","coordinates":[20.507752,53.781712]}},{"type":"Feature","properties":{"lines":"106, 141","arr":["106","141"],"mode":"bus","angle":73.5,"l0":"106, ","c0":"#6b5806","l1":"141","c1":"#f661b9"},"geometry":{"type":"Point","coordinates":[20.507196,53.783202]}},{"type":"Feature","properties":{"lines":"106, 121, 128","arr":["106","121","128"],"mode":"bus","angle":-12.1,"l0":"106, ","c0":"#6b5806","l1":"121, ","c1":"#1cab97","l2":"128","c2":"#7b3aa8"},"geometry":{"type":"Point","coordinates":[20.503589,53.784872]}},{"type":"Feature","properties":{"lines":"106, 107, 121, 126, 128, 131, 132","arr":["106","107","121","126","128","131","132"],"mode":"bus","angle":-6.7,"side":-1,"l0":"106, ","c0":"#6b5806","l1":"107, ","c1":"#c17aef","l2":"121, ","c2":"#1cab97","l3":"126, ","c3":"#2d8c1b","l4":"128, ","c4":"#7b3aa8","l5":"131, ","c5":"#a72d06","l6":"132","c6":"#ab0377"},"geometry":{"type":"Point","coordinates":[20.499899,53.784307]}},{"type":"Feature","properties":{"lines":"106, 121, 128","arr":["106","121","128"],"mode":"bus","angle":-3.6,"mi":1,"l0":"106, ","c0":"#6b5806","l1":"121, ","c1":"#1cab97","l2":"128","c2":"#7b3aa8"},"geometry":{"type":"Point","coordinates":[20.499218,53.784549]}},{"type":"Feature","properties":{"lines":"106, 110, 117, 119, 135, 136, N02","arr":["106","110","117","119","135","136","N02"],"mode":"bus","angle":-84.3,"l0":"106, ","c0":"#6b5806","l1":"110, ","c1":"#cf8a11","l2":"117, ","c2":"#11a2e3","l3":"119, ","c3":"#119efc","l4":"135, ","c4":"#4d4aba","l5":"136, ","c5":"#e16cd6","l6":"N02","c6":"#b20b42"},"geometry":{"type":"Point","coordinates":[20.480352,53.780046]}},{"type":"Feature","properties":{"lines":"106, 110, 117, 135, 136, N02","arr":["106","110","117","135","136","N02"],"mode":"bus","angle":19,"l0":"106, ","c0":"#6b5806","l1":"110, ","c1":"#cf8a11","l2":"117, ","c2":"#11a2e3","l3":"135, ","c3":"#4d4aba","l4":"136, ","c4":"#e16cd6","l5":"N02","c5":"#b20b42"},"geometry":{"type":"Point","coordinates":[20.479546,53.781589]}},{"type":"Feature","properties":{"lines":"106, 110, 117, 135, 136","arr":["106","110","117","135","136"],"mode":"bus","angle":23.8,"side":-1,"l0":"106, ","c0":"#6b5806","l1":"110, ","c1":"#cf8a11","l2":"117, ","c2":"#11a2e3","l3":"135, ","c3":"#4d4aba","l4":"136","c4":"#e16cd6"},"geometry":{"type":"Point","coordinates":[20.479334,53.781553]}},{"type":"Feature","properties":{"lines":"106, 135","arr":["106","135"],"mode":"bus","angle":-29.8,"side":-1,"l0":"106, ","c0":"#6b5806","l1":"135","c1":"#4d4aba"},"geometry":{"type":"Point","coordinates":[20.47156,53.779917]}},{"type":"Feature","properties":{"lines":"106, 135","arr":["106","135"],"mode":"bus","angle":-28.9,"extra":1,"ei":0,"l0":"106, ","c0":"#6b5806","l1":"135","c1":"#4d4aba"},"geometry":{"type":"Point","coordinates":[20.477269,53.781758]}},{"type":"Feature","properties":{"lines":"106, 135","arr":["106","135"],"mode":"bus","angle":-24.6,"extra":1,"ei":1,"l0":"106, ","c0":"#6b5806","l1":"135","c1":"#4d4aba"},"geometry":{"type":"Point","coordinates":[20.474389,53.780941]}},{"type":"Feature","properties":{"lines":"106, 135","arr":["106","135"],"mode":"bus","angle":-15,"side":-1,"extra":1,"ei":0,"l0":"106, ","c0":"#6b5806","l1":"135","c1":"#4d4aba"},"geometry":{"type":"Point","coordinates":[20.465858,53.778123]}},{"type":"Feature","properties":{"lines":"106, 135","arr":["106","135"],"mode":"bus","angle":-32.5,"side":-1,"extra":1,"ei":1,"l0":"106, ","c0":"#6b5806","l1":"135","c1":"#4d4aba"},"geometry":{"type":"Point","coordinates":[20.468733,53.778921]}},{"type":"Feature","properties":{"lines":"106","arr":["106"],"mode":"bus","angle":-28.2,"l0":"106","c0":"#6b5806"},"geometry":{"type":"Point","coordinates":[20.46731,53.778535]}},{"type":"Feature","properties":{"lines":"106","arr":["106"],"mode":"bus","angle":-8.1,"extra":1,"ei":0,"l0":"106","c0":"#6b5806"},"geometry":{"type":"Point","coordinates":[20.465154,53.778143]}},{"type":"Feature","properties":{"lines":"106, 111, 145, N02","arr":["106","111","145","N02"],"mode":"bus","angle":5.4,"l0":"106, ","c0":"#6b5806","l1":"111, ","c1":"#79a620","l2":"145, ","c2":"#e47e2b","l3":"N02","c3":"#b20b42"},"geometry":{"type":"Point","coordinates":[20.41765,53.799431]}},{"type":"Feature","properties":{"lines":"106, 111, 145, N02","arr":["106","111","145","N02"],"mode":"bus","angle":40.4,"extra":1,"ei":0,"l0":"106, ","c0":"#6b5806","l1":"111, ","c1":"#79a620","l2":"145, ","c2":"#e47e2b","l3":"N02","c3":"#b20b42"},"geometry":{"type":"Point","coordinates":[20.429733,53.796802]}},{"type":"Feature","properties":{"lines":"106, 111, 145, N02","arr":["106","111","145","N02"],"mode":"bus","angle":32.5,"extra":1,"ei":1,"l0":"106, ","c0":"#6b5806","l1":"111, ","c1":"#79a620","l2":"145, ","c2":"#e47e2b","l3":"N02","c3":"#b20b42"},"geometry":{"type":"Point","coordinates":[20.427176,53.797931]}},{"type":"Feature","properties":{"lines":"106, 111, 145, N02","arr":["106","111","145","N02"],"mode":"bus","angle":36.2,"extra":1,"ei":2,"l0":"106, ","c0":"#6b5806","l1":"111, ","c1":"#79a620","l2":"145, ","c2":"#e47e2b","l3":"N02","c3":"#b20b42"},"geometry":{"type":"Point","coordinates":[20.424546,53.799003]}},{"type":"Feature","properties":{"lines":"106, 111, 145, N02","arr":["106","111","145","N02"],"mode":"bus","angle":-6.1,"extra":1,"ei":3,"l0":"106, ","c0":"#6b5806","l1":"111, ","c1":"#79a620","l2":"145, ","c2":"#e47e2b","l3":"N02","c3":"#b20b42"},"geometry":{"type":"Point","coordinates":[20.421604,53.799578]}},{"type":"Feature","properties":{"lines":"106, 111, 145, N02","arr":["106","111","145","N02"],"mode":"bus","angle":10.7,"extra":1,"ei":4,"l0":"106, ","c0":"#6b5806","l1":"111, ","c1":"#79a620","l2":"145, ","c2":"#e47e2b","l3":"N02","c3":"#b20b42"},"geometry":{"type":"Point","coordinates":[20.415245,53.799615]}},{"type":"Feature","properties":{"lines":"106, 111, 145, N02","arr":["106","111","145","N02"],"mode":"bus","angle":33.4,"extra":1,"ei":5,"l0":"106, ","c0":"#6b5806","l1":"111, ","c1":"#79a620","l2":"145, ","c2":"#e47e2b","l3":"N02","c3":"#b20b42"},"geometry":{"type":"Point","coordinates":[20.412324,53.800355]}},{"type":"Feature","properties":{"lines":"106, 111, 145, N02","arr":["106","111","145","N02"],"mode":"bus","angle":29.3,"extra":1,"ei":6,"l0":"106, ","c0":"#6b5806","l1":"111, ","c1":"#79a620","l2":"145, ","c2":"#e47e2b","l3":"N02","c3":"#b20b42"},"geometry":{"type":"Point","coordinates":[20.409701,53.801433]}},{"type":"Feature","properties":{"lines":"106, 111, 145, N02","arr":["106","111","145","N02"],"mode":"bus","angle":33.7,"extra":1,"ei":7,"l0":"106, ","c0":"#6b5806","l1":"111, ","c1":"#79a620","l2":"145, ","c2":"#e47e2b","l3":"N02","c3":"#b20b42"},"geometry":{"type":"Point","coordinates":[20.406907,53.802345]}},{"type":"Feature","properties":{"lines":"106, 111, N02","arr":["106","111","N02"],"mode":"bus","angle":50,"l0":"106, ","c0":"#6b5806","l1":"111, ","c1":"#79a620","l2":"N02","c2":"#b20b42"},"geometry":{"type":"Point","coordinates":[20.400106,53.806043]}},{"type":"Feature","properties":{"lines":"106, 111, N02","arr":["106","111","N02"],"mode":"bus","angle":39.7,"extra":1,"ei":0,"l0":"106, ","c0":"#6b5806","l1":"111, ","c1":"#79a620","l2":"N02","c2":"#b20b42"},"geometry":{"type":"Point","coordinates":[20.403064,53.803961]}},{"type":"Feature","properties":{"lines":"106, 111, N02","arr":["106","111","N02"],"mode":"bus","angle":28.4,"extra":1,"ei":1,"l0":"106, ","c0":"#6b5806","l1":"111, ","c1":"#79a620","l2":"N02","c2":"#b20b42"},"geometry":{"type":"Point","coordinates":[20.396235,53.807788]}},{"type":"Feature","properties":{"lines":"106, 111, N02","arr":["106","111","N02"],"mode":"bus","angle":45.6,"mi":1,"l0":"106, ","c0":"#6b5806","l1":"111, ","c1":"#79a620","l2":"N02","c2":"#b20b42"},"geometry":{"type":"Point","coordinates":[20.395063,53.808565]}},{"type":"Feature","properties":{"lines":"106, 107, 121, 126, 128, 131, 132","arr":["106","107","121","126","128","131","132"],"mode":"bus","angle":89.5,"mi":1,"l0":"106, ","c0":"#6b5806","l1":"107, ","c1":"#c17aef","l2":"121, ","c2":"#1cab97","l3":"126, ","c3":"#2d8c1b","l4":"128, ","c4":"#7b3aa8","l5":"131, ","c5":"#a72d06","l6":"132","c6":"#ab0377"},"geometry":{"type":"Point","coordinates":[20.498938,53.783898]}},{"type":"Feature","properties":{"lines":"121, 128","arr":["121","128"],"mode":"bus","angle":-15,"l0":"121, ","c0":"#1cab97","l1":"128","c1":"#7b3aa8"},"geometry":{"type":"Point","coordinates":[20.505954,53.785065]}},{"type":"Feature","properties":{"lines":"121, 128","arr":["121","128"],"mode":"bus","angle":11.8,"l0":"121, ","c0":"#1cab97","l1":"128","c1":"#7b3aa8"},"geometry":{"type":"Point","coordinates":[20.531102,53.786247]}},{"type":"Feature","properties":{"lines":"106, 114, 115, 141, 304","arr":["106","114","115","141","304"],"mode":"bus","angle":0.6,"side":-1,"l0":"106, ","c0":"#6b5806","l1":"114, ","c1":"#119efc","l2":"115, ","c2":"#79a620","l3":"141, ","c3":"#f661b9","l4":"304","c4":"#05617d"},"geometry":{"type":"Point","coordinates":[20.509667,53.78155]}},{"type":"Feature","properties":{"lines":"106, 114, 115, 304","arr":["106","114","115","304"],"mode":"bus","angle":3.3,"side":-1,"l0":"106, ","c0":"#6b5806","l1":"114, ","c1":"#119efc","l2":"115, ","c2":"#79a620","l3":"304","c3":"#05617d"},"geometry":{"type":"Point","coordinates":[20.517457,53.78143]}},{"type":"Feature","properties":{"lines":"106, 114, 115, 304","arr":["106","114","115","304"],"mode":"bus","angle":-29.6,"side":-1,"mi":1,"l0":"106, ","c0":"#6b5806","l1":"114, ","c1":"#119efc","l2":"115, ","c2":"#79a620","l3":"304","c3":"#05617d"},"geometry":{"type":"Point","coordinates":[20.527399,53.782121]}},{"type":"Feature","properties":{"lines":"106, 114, 115, 304","arr":["106","114","115","304"],"mode":"bus","angle":0.4,"side":-1,"extra":1,"ei":0,"l0":"106, ","c0":"#6b5806","l1":"114, ","c1":"#119efc","l2":"115, ","c2":"#79a620","l3":"304","c3":"#05617d"},"geometry":{"type":"Point","coordinates":[20.513468,53.781537]}},{"type":"Feature","properties":{"lines":"106, 114, 115, 304","arr":["106","114","115","304"],"mode":"bus","angle":9.1,"side":-1,"extra":1,"ei":1,"l0":"106, ","c0":"#6b5806","l1":"114, ","c1":"#119efc","l2":"115, ","c2":"#79a620","l3":"304","c3":"#05617d"},"geometry":{"type":"Point","coordinates":[20.519847,53.781311]}},{"type":"Feature","properties":{"lines":"114, 115, 304","arr":["114","115","304"],"mode":"bus","angle":0.6,"side":-1,"l0":"114, ","c0":"#119efc","l1":"115, ","c1":"#79a620","l2":"304","c2":"#05617d"},"geometry":{"type":"Point","coordinates":[20.503854,53.781573]}},{"type":"Feature","properties":{"lines":"114, 115, 304","arr":["114","115","304"],"mode":"bus","angle":-8.9,"l0":"114, ","c0":"#119efc","l1":"115, ","c1":"#79a620","l2":"304","c2":"#05617d"},"geometry":{"type":"Point","coordinates":[20.523761,53.781123]}},{"type":"Feature","properties":{"lines":"114, 115, 304","arr":["114","115","304"],"mode":"bus","angle":-0.7,"side":-1,"extra":1,"ei":0,"l0":"114, ","c0":"#119efc","l1":"115, ","c1":"#79a620","l2":"304","c2":"#05617d"},"geometry":{"type":"Point","coordinates":[20.501843,53.781592]}},{"type":"Feature","properties":{"lines":"106, 121, 141","arr":["106","121","141"],"mode":"bus","angle":-54.5,"l0":"106, ","c0":"#6b5806","l1":"121, ","c1":"#1cab97","l2":"141","c2":"#f661b9"},"geometry":{"type":"Point","coordinates":[20.53972,53.783925]}},{"type":"Feature","properties":{"lines":"107, 110, 117","arr":["107","110","117"],"mode":"bus","angle":-1.8,"l0":"107, ","c0":"#c17aef","l1":"110, ","c1":"#cf8a11","l2":"117","c2":"#11a2e3"},"geometry":{"type":"Point","coordinates":[20.482286,53.796342]}},{"type":"Feature","properties":{"lines":"107","arr":["107"],"mode":"bus","angle":68.7,"l0":"107","c0":"#c17aef"},"geometry":{"type":"Point","coordinates":[20.490696,53.790635]}},{"type":"Feature","properties":{"lines":"107, N02","arr":["107","N02"],"mode":"bus","angle":47.9,"l0":"107, ","c0":"#c17aef","l1":"N02","c1":"#b20b42"},"geometry":{"type":"Point","coordinates":[20.487666,53.793498]}},{"type":"Feature","properties":{"lines":"107, N02","arr":["107","N02"],"mode":"bus","angle":41.2,"extra":1,"ei":0,"l0":"107, ","c0":"#c17aef","l1":"N02","c1":"#b20b42"},"geometry":{"type":"Point","coordinates":[20.483971,53.795555]}},{"type":"Feature","properties":{"lines":"107, N02","arr":["107","N02"],"mode":"bus","angle":65.6,"extra":1,"ei":1,"l0":"107, ","c0":"#c17aef","l1":"N02","c1":"#b20b42"},"geometry":{"type":"Point","coordinates":[20.490209,53.791313]}},{"type":"Feature","properties":{"lines":"107, 108, 109, 112, 115, 124, 126, 131, 132, N02","arr":["107","108","109","112","115","124","126","131","132","N02"],"mode":"bus","angle":70.2,"side":-1,"l0":"107, ","c0":"#c17aef","l1":"108, ","c1":"#4d4aba","l2":"109, ","c2":"#126804","l3":"112, ","c3":"#03636c","l4":"115, ","c4":"#79a620","l5":"124, ","c5":"#ff5e9b","l6":"126, ","c6":"#2d8c1b","l7":"131, ","c7":"#a72d06","l8":"132, ","c8":"#ab0377","l9":"N02","c9":"#b20b42"},"geometry":{"type":"Point","coordinates":[20.490944,53.789919]}},{"type":"Feature","properties":{"lines":"107, 111, 117, 135, N01","arr":["107","111","117","135","N01"],"mode":"bus","angle":22.3,"l0":"107, ","c0":"#c17aef","l1":"111, ","c1":"#79a620","l2":"117, ","c2":"#11a2e3","l3":"135, ","c3":"#4d4aba","l4":"N01","c4":"#fe6761"},"geometry":{"type":"Point","coordinates":[20.497231,53.768744]}},{"type":"Feature","properties":{"lines":"107","arr":["107"],"mode":"bus","angle":-36.9,"l0":"107","c0":"#c17aef"},"geometry":{"type":"Point","coordinates":[20.458775,53.776168]}},{"type":"Feature","properties":{"lines":"107","arr":["107"],"mode":"bus","angle":-33.7,"extra":1,"ei":0,"l0":"107","c0":"#c17aef"},"geometry":{"type":"Point","coordinates":[20.461838,53.777642]}},{"type":"Feature","properties":{"lines":"107","arr":["107"],"mode":"bus","angle":-31.3,"extra":1,"ei":1,"l0":"107","c0":"#c17aef"},"geometry":{"type":"Point","coordinates":[20.456748,53.775367]}},{"type":"Feature","properties":{"lines":"107, 113, 307, N02","arr":["107","113","307","N02"],"mode":"bus","angle":-56.4,"side":-1,"l0":"107, ","c0":"#c17aef","l1":"113, ","c1":"#03636c","l2":"307, ","c2":"#6b5806","l3":"N02","c3":"#b20b42"},"geometry":{"type":"Point","coordinates":[20.449469,53.77294]}},{"type":"Feature","properties":{"lines":"107, 113, 307, N02","arr":["107","113","307","N02"],"mode":"bus","angle":4.5,"extra":1,"ei":0,"l0":"107, ","c0":"#c17aef","l1":"113, ","c1":"#03636c","l2":"307, ","c2":"#6b5806","l3":"N02","c3":"#b20b42"},"geometry":{"type":"Point","coordinates":[20.452584,53.77497]}},{"type":"Feature","properties":{"lines":"107, 113, 307, N02","arr":["107","113","307","N02"],"mode":"bus","angle":-15.6,"extra":1,"ei":0,"l0":"107, ","c0":"#c17aef","l1":"113, ","c1":"#03636c","l2":"307, ","c2":"#6b5806","l3":"N02","c3":"#b20b42"},"geometry":{"type":"Point","coordinates":[20.44542,53.77175]}},{"type":"Feature","properties":{"lines":"107, 113, N02","arr":["107","113","N02"],"mode":"bus","angle":-16.2,"mi":6,"l0":"107, ","c0":"#c17aef","l1":"113, ","c1":"#03636c","l2":"N02","c2":"#b20b42"},"geometry":{"type":"Point","coordinates":[20.435875,53.769558]}},{"type":"Feature","properties":{"lines":"107, 113, N02","arr":["107","113","N02"],"mode":"bus","angle":-24.7,"extra":1,"ei":0,"l0":"107, ","c0":"#c17aef","l1":"113, ","c1":"#03636c","l2":"N02","c2":"#b20b42"},"geometry":{"type":"Point","coordinates":[20.441893,53.771158]}},{"type":"Feature","properties":{"lines":"107, 113, N02","arr":["107","113","N02"],"mode":"bus","angle":-23.5,"extra":1,"ei":1,"l0":"107, ","c0":"#c17aef","l1":"113, ","c1":"#03636c","l2":"N02","c2":"#b20b42"},"geometry":{"type":"Point","coordinates":[20.439678,53.77023]}},{"type":"Feature","properties":{"lines":"107, 113, N02","arr":["107","113","N02"],"mode":"bus","angle":-14.8,"extra":1,"ei":2,"l0":"107, ","c0":"#c17aef","l1":"113, ","c1":"#03636c","l2":"N02","c2":"#b20b42"},"geometry":{"type":"Point","coordinates":[20.433541,53.769182]}},{"type":"Feature","properties":{"lines":"107, 113, N02","arr":["107","113","N02"],"mode":"bus","angle":-18.7,"extra":1,"ei":3,"l0":"107, ","c0":"#c17aef","l1":"113, ","c1":"#03636c","l2":"N02","c2":"#b20b42"},"geometry":{"type":"Point","coordinates":[20.430474,53.768651]}},{"type":"Feature","properties":{"lines":"107, 113","arr":["107","113"],"mode":"bus","angle":15.3,"l0":"107, ","c0":"#c17aef","l1":"113","c1":"#03636c"},"geometry":{"type":"Point","coordinates":[20.42258,53.761822]}},{"type":"Feature","properties":{"lines":"107, 113","arr":["107","113"],"mode":"bus","angle":-12.8,"extra":1,"ei":0,"l0":"107, ","c0":"#c17aef","l1":"113","c1":"#03636c"},"geometry":{"type":"Point","coordinates":[20.424622,53.761442]}},{"type":"Feature","properties":{"lines":"107, 113, N02","arr":["107","113","N02"],"mode":"bus","angle":-83.7,"mi":4,"l0":"107, ","c0":"#c17aef","l1":"113, ","c1":"#03636c","l2":"N02","c2":"#b20b42"},"geometry":{"type":"Point","coordinates":[20.427992,53.764922]}},{"type":"Feature","properties":{"lines":"107, 113, N02","arr":["107","113","N02"],"mode":"bus","angle":71.8,"mi":5,"l0":"107, ","c0":"#c17aef","l1":"113, ","c1":"#03636c","l2":"N02","c2":"#b20b42"},"geometry":{"type":"Point","coordinates":[20.416441,53.76364]}},{"type":"Feature","properties":{"lines":"107, 113, N02","arr":["107","113","N02"],"mode":"bus","angle":-65.8,"extra":1,"ei":0,"l0":"107, ","c0":"#c17aef","l1":"113, ","c1":"#03636c","l2":"N02","c2":"#b20b42"},"geometry":{"type":"Point","coordinates":[20.426237,53.762998]}},{"type":"Feature","properties":{"lines":"107, 113, N02","arr":["107","113","N02"],"mode":"bus","angle":-89.9,"extra":1,"ei":1,"l0":"107, ","c0":"#c17aef","l1":"113, ","c1":"#03636c","l2":"N02","c2":"#b20b42"},"geometry":{"type":"Point","coordinates":[20.42801,53.766481]}},{"type":"Feature","properties":{"lines":"107, 113, N02","arr":["107","113","N02"],"mode":"bus","angle":-70.6,"extra":1,"ei":0,"l0":"107, ","c0":"#c17aef","l1":"113, ","c1":"#03636c","l2":"N02","c2":"#b20b42"},"geometry":{"type":"Point","coordinates":[20.416492,53.764927]}},{"type":"Feature","properties":{"lines":"107, 113, N02","arr":["107","113","N02"],"mode":"bus","angle":34.8,"l0":"107, ","c0":"#c17aef","l1":"113, ","c1":"#03636c","l2":"N02","c2":"#b20b42"},"geometry":{"type":"Point","coordinates":[20.416681,53.765993]}},{"type":"Feature","properties":{"lines":"107, 113, N02","arr":["107","113","N02"],"mode":"bus","angle":-67.3,"mi":2,"l0":"107, ","c0":"#c17aef","l1":"113, ","c1":"#03636c","l2":"N02","c2":"#b20b42"},"geometry":{"type":"Point","coordinates":[20.416574,53.76693]}},{"type":"Feature","properties":{"lines":"107, 113, N02","arr":["107","113","N02"],"mode":"bus","angle":-85.7,"mi":3,"l0":"107, ","c0":"#c17aef","l1":"113, ","c1":"#03636c","l2":"N02","c2":"#b20b42"},"geometry":{"type":"Point","coordinates":[20.417131,53.767895]}},{"type":"Feature","properties":{"lines":"107, N02","arr":["107","N02"],"mode":"bus","angle":-57.2,"l0":"107, ","c0":"#c17aef","l1":"N02","c1":"#b20b42"},"geometry":{"type":"Point","coordinates":[20.417357,53.768363]}},{"type":"Feature","properties":{"lines":"107","arr":["107"],"mode":"bus","angle":15.7,"side":-1,"l0":"107","c0":"#c17aef"},"geometry":{"type":"Point","coordinates":[20.411034,53.769588]}},{"type":"Feature","properties":{"lines":"107","arr":["107"],"mode":"bus","angle":4.8,"extra":1,"ei":0,"l0":"107","c0":"#c17aef"},"geometry":{"type":"Point","coordinates":[20.416295,53.768941]}},{"type":"Feature","properties":{"lines":"107","arr":["107"],"mode":"bus","angle":15.6,"extra":1,"ei":1,"l0":"107","c0":"#c17aef"},"geometry":{"type":"Point","coordinates":[20.41318,53.769347]}},{"type":"Feature","properties":{"lines":"107","arr":["107"],"mode":"bus","angle":2.1,"extra":1,"ei":0,"l0":"107","c0":"#c17aef"},"geometry":{"type":"Point","coordinates":[20.405807,53.770339]}},{"type":"Feature","properties":{"lines":"107","arr":["107"],"mode":"bus","angle":16.1,"side":-1,"extra":1,"ei":1,"l0":"107","c0":"#c17aef"},"geometry":{"type":"Point","coordinates":[20.408915,53.769947]}},{"type":"Feature","properties":{"lines":"107","arr":["107"],"mode":"bus","angle":-12.4,"l0":"107","c0":"#c17aef"},"geometry":{"type":"Point","coordinates":[20.386947,53.77078]}},{"type":"Feature","properties":{"lines":"107","arr":["107"],"mode":"bus","angle":11.8,"extra":1,"ei":0,"l0":"107","c0":"#c17aef"},"geometry":{"type":"Point","coordinates":[20.402623,53.770425]}},{"type":"Feature","properties":{"lines":"107","arr":["107"],"mode":"bus","angle":11.3,"extra":1,"ei":1,"l0":"107","c0":"#c17aef"},"geometry":{"type":"Point","coordinates":[20.399518,53.770873]}},{"type":"Feature","properties":{"lines":"107","arr":["107"],"mode":"bus","angle":2.9,"extra":1,"ei":2,"l0":"107","c0":"#c17aef"},"geometry":{"type":"Point","coordinates":[20.396335,53.77103]}},{"type":"Feature","properties":{"lines":"107","arr":["107"],"mode":"bus","angle":1.8,"extra":1,"ei":3,"l0":"107","c0":"#c17aef"},"geometry":{"type":"Point","coordinates":[20.393142,53.771119]}},{"type":"Feature","properties":{"lines":"107","arr":["107"],"mode":"bus","angle":-5.6,"extra":1,"ei":4,"l0":"107","c0":"#c17aef"},"geometry":{"type":"Point","coordinates":[20.389947,53.771118]}},{"type":"Feature","properties":{"lines":"107","arr":["107"],"mode":"bus","angle":45.5,"extra":1,"ei":5,"l0":"107","c0":"#c17aef"},"geometry":{"type":"Point","coordinates":[20.383802,53.770402]}},{"type":"Feature","properties":{"lines":"107","arr":["107"],"mode":"bus","angle":67.7,"extra":1,"ei":6,"l0":"107","c0":"#c17aef"},"geometry":{"type":"Point","coordinates":[20.382773,53.772188]}},{"type":"Feature","properties":{"lines":"107","arr":["107"],"mode":"bus","angle":67.1,"extra":1,"ei":7,"l0":"107","c0":"#c17aef"},"geometry":{"type":"Point","coordinates":[20.381526,53.773927]}},{"type":"Feature","properties":{"lines":"107","arr":["107"],"mode":"bus","angle":74.8,"extra":1,"ei":8,"l0":"107","c0":"#c17aef"},"geometry":{"type":"Point","coordinates":[20.380466,53.775706]}},{"type":"Feature","properties":{"lines":"107","arr":["107"],"mode":"bus","angle":73.3,"extra":1,"ei":9,"l0":"107","c0":"#c17aef"},"geometry":{"type":"Point","coordinates":[20.379637,53.77753]}},{"type":"Feature","properties":{"lines":"107","arr":["107"],"mode":"bus","angle":-15,"side":-1,"mi":1,"l0":"107","c0":"#c17aef"},"geometry":{"type":"Point","coordinates":[20.385285,53.770473]}},{"type":"Feature","properties":{"lines":"107","arr":["107"],"mode":"bus","angle":30.8,"l0":"107","c0":"#c17aef"},"geometry":{"type":"Point","coordinates":[20.375343,53.779574]}},{"type":"Feature","properties":{"lines":"107","arr":["107"],"mode":"bus","angle":30.5,"extra":1,"ei":0,"l0":"107","c0":"#c17aef"},"geometry":{"type":"Point","coordinates":[20.377774,53.778779]}},{"type":"Feature","properties":{"lines":"107","arr":["107"],"mode":"bus","angle":76.7,"extra":1,"ei":1,"l0":"107","c0":"#c17aef"},"geometry":{"type":"Point","coordinates":[20.373175,53.781235]}},{"type":"Feature","properties":{"lines":"107","arr":["107"],"mode":"bus","angle":86.6,"mi":1,"l0":"107","c0":"#c17aef"},"geometry":{"type":"Point","coordinates":[20.373113,53.781881]}},{"type":"Feature","properties":{"lines":"107, 113, N02","arr":["107","113","N02"],"mode":"bus","angle":3.6,"mi":1,"l0":"107, ","c0":"#c17aef","l1":"113, ","c1":"#03636c","l2":"N02","c2":"#b20b42"},"geometry":{"type":"Point","coordinates":[20.422321,53.762867]}},{"type":"Feature","properties":{"lines":"107, 126, 131, 132","arr":["107","126","131","132"],"mode":"bus","angle":-0.5,"l0":"107, ","c0":"#c17aef","l1":"126, ","c1":"#2d8c1b","l2":"131, ","c2":"#a72d06","l3":"132","c3":"#ab0377"},"geometry":{"type":"Point","coordinates":[20.499107,53.784618]}},{"type":"Feature","properties":{"lines":"107, 108, 112, 124, 125, 126, 131, 132, N02","arr":["107","108","112","124","125","126","131","132","N02"],"mode":"bus","angle":14,"mi":1,"l0":"107, ","c0":"#c17aef","l1":"108, ","c1":"#4d4aba","l2":"112, ","c2":"#03636c","l3":"124, ","c3":"#ff5e9b","l4":"125, ","c4":"#e47e2b","l5":"126, ","c5":"#2d8c1b","l6":"131, ","c6":"#a72d06","l7":"132, ","c7":"#ab0377","l8":"N02","c8":"#b20b42"},"geometry":{"type":"Point","coordinates":[20.497544,53.784579]}},{"type":"Feature","properties":{"lines":"107, 108, 112, 124, 125, 126, 131, 132, N02","arr":["107","108","112","124","125","126","131","132","N02"],"mode":"bus","angle":-16.7,"l0":"107, ","c0":"#c17aef","l1":"108, ","c1":"#4d4aba","l2":"112, ","c2":"#03636c","l3":"124, ","c3":"#ff5e9b","l4":"125, ","c4":"#e47e2b","l5":"126, ","c5":"#2d8c1b","l6":"131, ","c6":"#a72d06","l7":"132, ","c7":"#ab0377","l8":"N02","c8":"#b20b42"},"geometry":{"type":"Point","coordinates":[20.495929,53.784713]}},{"type":"Feature","properties":{"lines":"107, 108, 112, 124, 125, 126, 131, 132, N02","arr":["107","108","112","124","125","126","131","132","N02"],"mode":"bus","angle":-21.2,"mi":2,"l0":"107, ","c0":"#c17aef","l1":"108, ","c1":"#4d4aba","l2":"112, ","c2":"#03636c","l3":"124, ","c3":"#ff5e9b","l4":"125, ","c4":"#e47e2b","l5":"126, ","c5":"#2d8c1b","l6":"131, ","c6":"#a72d06","l7":"132, ","c7":"#ab0377","l8":"N02","c8":"#b20b42"},"geometry":{"type":"Point","coordinates":[20.493227,53.784108]}},{"type":"Feature","properties":{"lines":"108, 109, 112, 124, 125, 126, 131, 132, 136","arr":["108","109","112","124","125","126","131","132","136"],"mode":"bus","angle":-47.1,"l0":"108, ","c0":"#4d4aba","l1":"109, ","c1":"#126804","l2":"112, ","c2":"#03636c","l3":"124, ","c3":"#ff5e9b","l4":"125, ","c4":"#e47e2b","l5":"126, ","c5":"#2d8c1b","l6":"131, ","c6":"#a72d06","l7":"132, ","c7":"#ab0377","l8":"136","c8":"#e16cd6"},"geometry":{"type":"Point","coordinates":[20.491799,53.790503]}},{"type":"Feature","properties":{"lines":"108, 109, 112, 115, 124, 125, 126, 131, 132, 136","arr":["108","109","112","115","124","125","126","131","132","136"],"mode":"bus","angle":-44.8,"l0":"108, ","c0":"#4d4aba","l1":"109, ","c1":"#126804","l2":"112, ","c2":"#03636c","l3":"115, ","c3":"#79a620","l4":"124, ","c4":"#ff5e9b","l5":"125, ","c5":"#e47e2b","l6":"126, ","c6":"#2d8c1b","l7":"131, ","c7":"#a72d06","l8":"132, ","c8":"#ab0377","l9":"136","c9":"#e16cd6"},"geometry":{"type":"Point","coordinates":[20.495031,53.792258]}},{"type":"Feature","properties":{"lines":"108, 109, 112, 115, 124, 125, 126, 131, 132, 136","arr":["108","109","112","115","124","125","126","131","132","136"],"mode":"bus","angle":-41,"extra":1,"ei":0,"l0":"108, ","c0":"#4d4aba","l1":"109, ","c1":"#126804","l2":"112, ","c2":"#03636c","l3":"115, ","c3":"#79a620","l4":"124, ","c4":"#ff5e9b","l5":"125, ","c5":"#e47e2b","l6":"126, ","c6":"#2d8c1b","l7":"131, ","c7":"#a72d06","l8":"132, ","c8":"#ab0377","l9":"136","c9":"#e16cd6"},"geometry":{"type":"Point","coordinates":[20.493245,53.791299]}},{"type":"Feature","properties":{"lines":"108, 109, 112, 115, 124, 125, 126, 131, 132, 136","arr":["108","109","112","115","124","125","126","131","132","136"],"mode":"bus","angle":-65.3,"extra":1,"ei":1,"l0":"108, ","c0":"#4d4aba","l1":"109, ","c1":"#126804","l2":"112, ","c2":"#03636c","l3":"115, ","c3":"#79a620","l4":"124, ","c4":"#ff5e9b","l5":"125, ","c5":"#e47e2b","l6":"126, ","c6":"#2d8c1b","l7":"131, ","c7":"#a72d06","l8":"132, ","c8":"#ab0377","l9":"136","c9":"#e16cd6"},"geometry":{"type":"Point","coordinates":[20.496952,53.79429]}},{"type":"Feature","properties":{"lines":"108, 109, 112, 126, 136","arr":["108","109","112","126","136"],"mode":"bus","angle":-54.1,"l0":"108, ","c0":"#4d4aba","l1":"109, ","c1":"#126804","l2":"112, ","c2":"#03636c","l3":"126, ","c3":"#2d8c1b","l4":"136","c4":"#e16cd6"},"geometry":{"type":"Point","coordinates":[20.499235,53.796483]}},{"type":"Feature","properties":{"lines":"108, 109, 112, 126, 136","arr":["108","109","112","126","136"],"mode":"bus","angle":-57.8,"extra":1,"ei":0,"l0":"108, ","c0":"#4d4aba","l1":"109, ","c1":"#126804","l2":"112, ","c2":"#03636c","l3":"126, ","c3":"#2d8c1b","l4":"136","c4":"#e16cd6"},"geometry":{"type":"Point","coordinates":[20.49773,53.795135]}},{"type":"Feature","properties":{"lines":"108, 109, 112, 126, 136","arr":["108","109","112","126","136"],"mode":"bus","angle":-50.9,"extra":1,"ei":1,"l0":"108, ","c0":"#4d4aba","l1":"109, ","c1":"#126804","l2":"112, ","c2":"#03636c","l3":"126, ","c3":"#2d8c1b","l4":"136","c4":"#e16cd6"},"geometry":{"type":"Point","coordinates":[20.501537,53.79816]}},{"type":"Feature","properties":{"lines":"108, 112, 126, 136","arr":["108","112","126","136"],"mode":"bus","angle":-58.5,"l0":"108, ","c0":"#4d4aba","l1":"112, ","c1":"#03636c","l2":"126, ","c2":"#2d8c1b","l3":"136","c3":"#e16cd6"},"geometry":{"type":"Point","coordinates":[20.503838,53.800688]}},{"type":"Feature","properties":{"lines":"108, 112, 126, 136","arr":["108","112","126","136"],"mode":"bus","angle":-62,"extra":1,"ei":0,"l0":"108, ","c0":"#4d4aba","l1":"112, ","c1":"#03636c","l2":"126, ","c2":"#2d8c1b","l3":"136","c3":"#e16cd6"},"geometry":{"type":"Point","coordinates":[20.502684,53.799317]}},{"type":"Feature","properties":{"lines":"108, 112, 126, 136","arr":["108","112","126","136"],"mode":"bus","angle":-50.5,"extra":1,"ei":1,"l0":"108, ","c0":"#4d4aba","l1":"112, ","c1":"#03636c","l2":"126, ","c2":"#2d8c1b","l3":"136","c3":"#e16cd6"},"geometry":{"type":"Point","coordinates":[20.506166,53.802455]}},{"type":"Feature","properties":{"lines":"108, 112, 126","arr":["108","112","126"],"mode":"bus","angle":-51.4,"l0":"108, ","c0":"#4d4aba","l1":"112, ","c1":"#03636c","l2":"126","c2":"#2d8c1b"},"geometry":{"type":"Point","coordinates":[20.511612,53.80674]}},{"type":"Feature","properties":{"lines":"108, 112, 126","arr":["108","112","126"],"mode":"bus","angle":-36.1,"extra":1,"ei":0,"l0":"108, ","c0":"#4d4aba","l1":"112, ","c1":"#03636c","l2":"126","c2":"#2d8c1b"},"geometry":{"type":"Point","coordinates":[20.516365,53.809396]}},{"type":"Feature","properties":{"lines":"108, 112, 126","arr":["108","112","126"],"mode":"bus","angle":-46.5,"extra":1,"ei":1,"l0":"108, ","c0":"#4d4aba","l1":"112, ","c1":"#03636c","l2":"126","c2":"#2d8c1b"},"geometry":{"type":"Point","coordinates":[20.51389,53.808205]}},{"type":"Feature","properties":{"lines":"108, 112, 126","arr":["108","112","126"],"mode":"bus","angle":-45.5,"extra":1,"ei":2,"l0":"108, ","c0":"#4d4aba","l1":"112, ","c1":"#03636c","l2":"126","c2":"#2d8c1b"},"geometry":{"type":"Point","coordinates":[20.509732,53.805346]}},{"type":"Feature","properties":{"lines":"108, 112, 126","arr":["108","112","126"],"mode":"bus","angle":-57.8,"extra":1,"ei":3,"l0":"108, ","c0":"#4d4aba","l1":"112, ","c1":"#03636c","l2":"126","c2":"#2d8c1b"},"geometry":{"type":"Point","coordinates":[20.507774,53.803866]}},{"type":"Feature","properties":{"lines":"108, 112","arr":["108","112"],"mode":"bus","angle":-29.9,"side":-1,"mi":4,"l0":"108, ","c0":"#4d4aba","l1":"112","c1":"#03636c"},"geometry":{"type":"Point","coordinates":[20.517479,53.809349]}},{"type":"Feature","properties":{"lines":"108, 112","arr":["108","112"],"mode":"bus","angle":-70.4,"l0":"108, ","c0":"#4d4aba","l1":"112","c1":"#03636c"},"geometry":{"type":"Point","coordinates":[20.536117,53.848455]}},{"type":"Feature","properties":{"lines":"108, 112","arr":["108","112"],"mode":"bus","angle":-74.3,"extra":1,"ei":0,"l0":"108, ","c0":"#4d4aba","l1":"112","c1":"#03636c"},"geometry":{"type":"Point","coordinates":[20.52328,53.818043]}},{"type":"Feature","properties":{"lines":"108, 112","arr":["108","112"],"mode":"bus","angle":-73.6,"extra":1,"ei":1,"l0":"108, ","c0":"#4d4aba","l1":"112","c1":"#03636c"},"geometry":{"type":"Point","coordinates":[20.524184,53.819854]}},{"type":"Feature","properties":{"lines":"108, 112","arr":["108","112"],"mode":"bus","angle":-61,"extra":1,"ei":2,"l0":"108, ","c0":"#4d4aba","l1":"112","c1":"#03636c"},"geometry":{"type":"Point","coordinates":[20.525376,53.821594]}},{"type":"Feature","properties":{"lines":"108, 112","arr":["108","112"],"mode":"bus","angle":-70.3,"extra":1,"ei":3,"l0":"108, ","c0":"#4d4aba","l1":"112","c1":"#03636c"},"geometry":{"type":"Point","coordinates":[20.526739,53.8233]}},{"type":"Feature","properties":{"lines":"108, 112","arr":["108","112"],"mode":"bus","angle":-75.9,"extra":1,"ei":4,"l0":"108, ","c0":"#4d4aba","l1":"112","c1":"#03636c"},"geometry":{"type":"Point","coordinates":[20.527565,53.825124]}},{"type":"Feature","properties":{"lines":"108, 112","arr":["108","112"],"mode":"bus","angle":83.2,"extra":1,"ei":5,"l0":"108, ","c0":"#4d4aba","l1":"112","c1":"#03636c"},"geometry":{"type":"Point","coordinates":[20.527839,53.826981]}},{"type":"Feature","properties":{"lines":"108, 112","arr":["108","112"],"mode":"bus","angle":89.9,"extra":1,"ei":6,"l0":"108, ","c0":"#4d4aba","l1":"112","c1":"#03636c"},"geometry":{"type":"Point","coordinates":[20.52773,53.828865]}},{"type":"Feature","properties":{"lines":"108, 112","arr":["108","112"],"mode":"bus","angle":85.7,"extra":1,"ei":7,"l0":"108, ","c0":"#4d4aba","l1":"112","c1":"#03636c"},"geometry":{"type":"Point","coordinates":[20.527512,53.830748]}},{"type":"Feature","properties":{"lines":"108, 112","arr":["108","112"],"mode":"bus","angle":84.2,"extra":1,"ei":8,"l0":"108, ","c0":"#4d4aba","l1":"112","c1":"#03636c"},"geometry":{"type":"Point","coordinates":[20.52721,53.832628]}},{"type":"Feature","properties":{"lines":"108, 112","arr":["108","112"],"mode":"bus","angle":-43.5,"extra":1,"ei":9,"l0":"108, ","c0":"#4d4aba","l1":"112","c1":"#03636c"},"geometry":{"type":"Point","coordinates":[20.528093,53.834319]}},{"type":"Feature","properties":{"lines":"108, 112","arr":["108","112"],"mode":"bus","angle":-50.7,"extra":1,"ei":10,"l0":"108, ","c0":"#4d4aba","l1":"112","c1":"#03636c"},"geometry":{"type":"Point","coordinates":[20.530213,53.83573]}},{"type":"Feature","properties":{"lines":"108, 112","arr":["108","112"],"mode":"bus","angle":-72.5,"extra":1,"ei":11,"l0":"108, ","c0":"#4d4aba","l1":"112","c1":"#03636c"},"geometry":{"type":"Point","coordinates":[20.531988,53.837295]}},{"type":"Feature","properties":{"lines":"108, 112","arr":["108","112"],"mode":"bus","angle":-72.6,"extra":1,"ei":12,"l0":"108, ","c0":"#4d4aba","l1":"112","c1":"#03636c"},"geometry":{"type":"Point","coordinates":[20.531724,53.839116]}},{"type":"Feature","properties":{"lines":"108, 112","arr":["108","112"],"mode":"bus","angle":-69.2,"extra":1,"ei":13,"l0":"108, ","c0":"#4d4aba","l1":"112","c1":"#03636c"},"geometry":{"type":"Point","coordinates":[20.532876,53.840877]}},{"type":"Feature","properties":{"lines":"108, 112","arr":["108","112"],"mode":"bus","angle":-63.7,"extra":1,"ei":14,"l0":"108, ","c0":"#4d4aba","l1":"112","c1":"#03636c"},"geometry":{"type":"Point","coordinates":[20.533727,53.842694]}},{"type":"Feature","properties":{"lines":"108, 112","arr":["108","112"],"mode":"bus","angle":-75.8,"extra":1,"ei":15,"l0":"108, ","c0":"#4d4aba","l1":"112","c1":"#03636c"},"geometry":{"type":"Point","coordinates":[20.534429,53.84441]}},{"type":"Feature","properties":{"lines":"108, 112","arr":["108","112"],"mode":"bus","angle":-87,"extra":1,"ei":16,"l0":"108, ","c0":"#4d4aba","l1":"112","c1":"#03636c"},"geometry":{"type":"Point","coordinates":[20.534821,53.84628]}},{"type":"Feature","properties":{"lines":"108, 112","arr":["108","112"],"mode":"bus","angle":-29.3,"extra":1,"ei":17,"l0":"108, ","c0":"#4d4aba","l1":"112","c1":"#03636c"},"geometry":{"type":"Point","coordinates":[20.537509,53.849513]}},{"type":"Feature","properties":{"lines":"108, 112","arr":["108","112"],"mode":"bus","angle":-37.9,"extra":1,"ei":18,"l0":"108, ","c0":"#4d4aba","l1":"112","c1":"#03636c"},"geometry":{"type":"Point","coordinates":[20.540346,53.850378]}},{"type":"Feature","properties":{"lines":"108, 112","arr":["108","112"],"mode":"bus","angle":-72.6,"extra":1,"ei":19,"l0":"108, ","c0":"#4d4aba","l1":"112","c1":"#03636c"},"geometry":{"type":"Point","coordinates":[20.542366,53.851823]}},{"type":"Feature","properties":{"lines":"108, 112","arr":["108","112"],"mode":"bus","angle":-88.6,"extra":1,"ei":20,"l0":"108, ","c0":"#4d4aba","l1":"112","c1":"#03636c"},"geometry":{"type":"Point","coordinates":[20.542555,53.853704]}},{"type":"Feature","properties":{"lines":"108, 112","arr":["108","112"],"mode":"bus","angle":7.2,"extra":1,"ei":21,"l0":"108, ","c0":"#4d4aba","l1":"112","c1":"#03636c"},"geometry":{"type":"Point","coordinates":[20.541422,53.854972]}},{"type":"Feature","properties":{"lines":"108, 112","arr":["108","112"],"mode":"bus","angle":23.9,"extra":1,"ei":22,"l0":"108, ","c0":"#4d4aba","l1":"112","c1":"#03636c"},"geometry":{"type":"Point","coordinates":[20.538414,53.855602]}},{"type":"Feature","properties":{"lines":"108, 112","arr":["108","112"],"mode":"bus","angle":2,"extra":1,"ei":23,"l0":"108, ","c0":"#4d4aba","l1":"112","c1":"#03636c"},"geometry":{"type":"Point","coordinates":[20.535405,53.856191]}},{"type":"Feature","properties":{"lines":"108, 112","arr":["108","112"],"mode":"bus","angle":4.9,"extra":1,"ei":24,"l0":"108, ","c0":"#4d4aba","l1":"112","c1":"#03636c"},"geometry":{"type":"Point","coordinates":[20.532225,53.856223]}},{"type":"Feature","properties":{"lines":"108, 112","arr":["108","112"],"mode":"bus","angle":-16.7,"extra":1,"ei":25,"l0":"108, ","c0":"#4d4aba","l1":"112","c1":"#03636c"},"geometry":{"type":"Point","coordinates":[20.529111,53.855853]}},{"type":"Feature","properties":{"lines":"108, 112","arr":["108","112"],"mode":"bus","angle":-12.8,"extra":1,"ei":26,"l0":"108, ","c0":"#4d4aba","l1":"112","c1":"#03636c"},"geometry":{"type":"Point","coordinates":[20.526576,53.855481]}},{"type":"Feature","properties":{"lines":"108, 112","arr":["108","112"],"mode":"bus","angle":9,"extra":1,"ei":27,"l0":"108, ","c0":"#4d4aba","l1":"112","c1":"#03636c"},"geometry":{"type":"Point","coordinates":[20.523428,53.855804]}},{"type":"Feature","properties":{"lines":"108, 112","arr":["108","112"],"mode":"bus","angle":13.4,"extra":1,"ei":28,"l0":"108, ","c0":"#4d4aba","l1":"112","c1":"#03636c"},"geometry":{"type":"Point","coordinates":[20.520302,53.856195]}},{"type":"Feature","properties":{"lines":"108, 112","arr":["108","112"],"mode":"bus","angle":25.7,"extra":1,"ei":29,"l0":"108, ","c0":"#4d4aba","l1":"112","c1":"#03636c"},"geometry":{"type":"Point","coordinates":[20.517281,53.856778]}},{"type":"Feature","properties":{"lines":"108, 112","arr":["108","112"],"mode":"bus","angle":35.7,"extra":1,"ei":30,"l0":"108, ","c0":"#4d4aba","l1":"112","c1":"#03636c"},"geometry":{"type":"Point","coordinates":[20.514436,53.857601]}},{"type":"Feature","properties":{"lines":"108, 112","arr":["108","112"],"mode":"bus","angle":15.7,"extra":1,"ei":31,"l0":"108, ","c0":"#4d4aba","l1":"112","c1":"#03636c"},"geometry":{"type":"Point","coordinates":[20.511485,53.858287]}},{"type":"Feature","properties":{"lines":"108, 112","arr":["108","112"],"mode":"bus","angle":17.9,"extra":1,"ei":32,"l0":"108, ","c0":"#4d4aba","l1":"112","c1":"#03636c"},"geometry":{"type":"Point","coordinates":[20.508401,53.85877]}},{"type":"Feature","properties":{"lines":"108, 112","arr":["108","112"],"mode":"bus","angle":-25.4,"extra":1,"ei":33,"l0":"108, ","c0":"#4d4aba","l1":"112","c1":"#03636c"},"geometry":{"type":"Point","coordinates":[20.505272,53.858583]}},{"type":"Feature","properties":{"lines":"108, 112","arr":["108","112"],"mode":"bus","angle":-11.4,"extra":1,"ei":34,"l0":"108, ","c0":"#4d4aba","l1":"112","c1":"#03636c"},"geometry":{"type":"Point","coordinates":[20.502461,53.857728]}},{"type":"Feature","properties":{"lines":"108, 112","arr":["108","112"],"mode":"bus","angle":-56.5,"l0":"108, ","c0":"#4d4aba","l1":"112","c1":"#03636c"},"geometry":{"type":"Point","coordinates":[20.495696,53.850517]}},{"type":"Feature","properties":{"lines":"108, 112","arr":["108","112"],"mode":"bus","angle":-44,"extra":1,"ei":0,"l0":"108, ","c0":"#4d4aba","l1":"112","c1":"#03636c"},"geometry":{"type":"Point","coordinates":[20.486353,53.844121]}},{"type":"Feature","properties":{"lines":"108, 112","arr":["108","112"],"mode":"bus","angle":-37,"extra":1,"ei":1,"l0":"108, ","c0":"#4d4aba","l1":"112","c1":"#03636c"},"geometry":{"type":"Point","coordinates":[20.48869,53.8454]}},{"type":"Feature","properties":{"lines":"108, 112","arr":["108","112"],"mode":"bus","angle":-41.9,"extra":1,"ei":2,"l0":"108, ","c0":"#4d4aba","l1":"112","c1":"#03636c"},"geometry":{"type":"Point","coordinates":[20.49122,53.846555]}},{"type":"Feature","properties":{"lines":"108, 112","arr":["108","112"],"mode":"bus","angle":-59.7,"extra":1,"ei":3,"l0":"108, ","c0":"#4d4aba","l1":"112","c1":"#03636c"},"geometry":{"type":"Point","coordinates":[20.493039,53.848093]}},{"type":"Feature","properties":{"lines":"108, 112","arr":["108","112"],"mode":"bus","angle":-59.6,"extra":1,"ei":4,"l0":"108, ","c0":"#4d4aba","l1":"112","c1":"#03636c"},"geometry":{"type":"Point","coordinates":[20.498625,53.852642]}},{"type":"Feature","properties":{"lines":"108, 112","arr":["108","112"],"mode":"bus","angle":-73.4,"extra":1,"ei":5,"l0":"108, ","c0":"#4d4aba","l1":"112","c1":"#03636c"},"geometry":{"type":"Point","coordinates":[20.49992,53.854335]}},{"type":"Feature","properties":{"lines":"108, 112","arr":["108","112"],"mode":"bus","angle":66.9,"extra":1,"ei":6,"l0":"108, ","c0":"#4d4aba","l1":"112","c1":"#03636c"},"geometry":{"type":"Point","coordinates":[20.498406,53.855914]}},{"type":"Feature","properties":{"lines":"108, 112","arr":["108","112"],"mode":"bus","angle":-30.7,"extra":1,"ei":7,"l0":"108, ","c0":"#4d4aba","l1":"112","c1":"#03636c"},"geometry":{"type":"Point","coordinates":[20.499536,53.857474]}},{"type":"Feature","properties":{"lines":"108, 112","arr":["108","112"],"mode":"bus","angle":-51.8,"mi":3,"l0":"108, ","c0":"#4d4aba","l1":"112","c1":"#03636c"},"geometry":{"type":"Point","coordinates":[20.521744,53.81305]}},{"type":"Feature","properties":{"lines":"108, 112","arr":["108","112"],"mode":"bus","angle":-52.5,"extra":1,"ei":0,"l0":"108, ","c0":"#4d4aba","l1":"112","c1":"#03636c"},"geometry":{"type":"Point","coordinates":[20.518703,53.810662]}},{"type":"Feature","properties":{"lines":"108, 112","arr":["108","112"],"mode":"bus","angle":88.1,"extra":1,"ei":1,"l0":"108, ","c0":"#4d4aba","l1":"112","c1":"#03636c"},"geometry":{"type":"Point","coordinates":[20.523736,53.815395]}},{"type":"Feature","properties":{"lines":"108, 112","arr":["108","112"],"mode":"bus","angle":36.9,"l0":"108, ","c0":"#4d4aba","l1":"112","c1":"#03636c"},"geometry":{"type":"Point","coordinates":[20.517302,53.818448]}},{"type":"Feature","properties":{"lines":"108, 112","arr":["108","112"],"mode":"bus","angle":2.5,"mi":2,"l0":"108, ","c0":"#4d4aba","l1":"112","c1":"#03636c"},"geometry":{"type":"Point","coordinates":[20.506279,53.821555]}},{"type":"Feature","properties":{"lines":"108, 112","arr":["108","112"],"mode":"bus","angle":17.5,"extra":1,"ei":0,"l0":"108, ","c0":"#4d4aba","l1":"112","c1":"#03636c"},"geometry":{"type":"Point","coordinates":[20.522389,53.817243]}},{"type":"Feature","properties":{"lines":"108, 112","arr":["108","112"],"mode":"bus","angle":17.4,"extra":1,"ei":1,"l0":"108, ","c0":"#4d4aba","l1":"112","c1":"#03636c"},"geometry":{"type":"Point","coordinates":[20.519339,53.81781]}},{"type":"Feature","properties":{"lines":"108, 112","arr":["108","112"],"mode":"bus","angle":28.5,"extra":1,"ei":2,"l0":"108, ","c0":"#4d4aba","l1":"112","c1":"#03636c"},"geometry":{"type":"Point","coordinates":[20.514126,53.819927]}},{"type":"Feature","properties":{"lines":"108, 112","arr":["108","112"],"mode":"bus","angle":-0.9,"extra":1,"ei":0,"l0":"108, ","c0":"#4d4aba","l1":"112","c1":"#03636c"},"geometry":{"type":"Point","coordinates":[20.504133,53.821548]}},{"type":"Feature","properties":{"lines":"108","arr":["108"],"mode":"bus","angle":-4.8,"l0":"108","c0":"#4d4aba"},"geometry":{"type":"Point","coordinates":[20.501831,53.857682]}},{"type":"Feature","properties":{"lines":"108","arr":["108"],"mode":"bus","angle":32.5,"l0":"108","c0":"#4d4aba"},"geometry":{"type":"Point","coordinates":[20.476355,53.836352]}},{"type":"Feature","properties":{"lines":"108, 112","arr":["108","112"],"mode":"bus","angle":-67.4,"l0":"108, ","c0":"#4d4aba","l1":"112","c1":"#03636c"},"geometry":{"type":"Point","coordinates":[20.481921,53.839124]}},{"type":"Feature","properties":{"lines":"108, 112","arr":["108","112"],"mode":"bus","angle":-26.8,"extra":1,"ei":0,"l0":"108, ","c0":"#4d4aba","l1":"112","c1":"#03636c"},"geometry":{"type":"Point","coordinates":[20.477957,53.83641]}},{"type":"Feature","properties":{"lines":"108, 112","arr":["108","112"],"mode":"bus","angle":-63,"extra":1,"ei":1,"l0":"108, ","c0":"#4d4aba","l1":"112","c1":"#03636c"},"geometry":{"type":"Point","coordinates":[20.480599,53.837376]}},{"type":"Feature","properties":{"lines":"108, 112","arr":["108","112"],"mode":"bus","angle":-65.4,"extra":1,"ei":2,"l0":"108, ","c0":"#4d4aba","l1":"112","c1":"#03636c"},"geometry":{"type":"Point","coordinates":[20.483204,53.840825]}},{"type":"Feature","properties":{"lines":"108, 112","arr":["108","112"],"mode":"bus","angle":-65.3,"extra":1,"ei":3,"l0":"108, ","c0":"#4d4aba","l1":"112","c1":"#03636c"},"geometry":{"type":"Point","coordinates":[20.484536,53.842541]}},{"type":"Feature","properties":{"lines":"108, 110, 112","arr":["108","110","112"],"mode":"bus","angle":-12.6,"mi":1,"l0":"108, ","c0":"#4d4aba","l1":"110, ","c1":"#cf8a11","l2":"112","c2":"#03636c"},"geometry":{"type":"Point","coordinates":[20.475241,53.835953]}},{"type":"Feature","properties":{"lines":"108, 110, 112","arr":["108","110","112"],"mode":"bus","angle":80.2,"l0":"108, ","c0":"#4d4aba","l1":"110, ","c1":"#cf8a11","l2":"112","c2":"#03636c"},"geometry":{"type":"Point","coordinates":[20.474487,53.829897]}},{"type":"Feature","properties":{"lines":"108, 110, 112","arr":["108","110","112"],"mode":"bus","angle":-88.3,"extra":1,"ei":0,"l0":"108, ","c0":"#4d4aba","l1":"110, ","c1":"#cf8a11","l2":"112","c2":"#03636c"},"geometry":{"type":"Point","coordinates":[20.474999,53.834959]}},{"type":"Feature","properties":{"lines":"108, 110, 112","arr":["108","110","112"],"mode":"bus","angle":78.9,"extra":1,"ei":1,"l0":"108, ","c0":"#4d4aba","l1":"110, ","c1":"#cf8a11","l2":"112","c2":"#03636c"},"geometry":{"type":"Point","coordinates":[20.473261,53.833683]}},{"type":"Feature","properties":{"lines":"108, 110, 112","arr":["108","110","112"],"mode":"bus","angle":78.8,"extra":1,"ei":2,"l0":"108, ","c0":"#4d4aba","l1":"110, ","c1":"#cf8a11","l2":"112","c2":"#03636c"},"geometry":{"type":"Point","coordinates":[20.473907,53.831834]}},{"type":"Feature","properties":{"lines":"108, 110, 112","arr":["108","110","112"],"mode":"bus","angle":79.7,"extra":1,"ei":3,"l0":"108, ","c0":"#4d4aba","l1":"110, ","c1":"#cf8a11","l2":"112","c2":"#03636c"},"geometry":{"type":"Point","coordinates":[20.475012,53.828113]}},{"type":"Feature","properties":{"lines":"108, 110, 112","arr":["108","110","112"],"mode":"bus","angle":80.4,"extra":1,"ei":4,"l0":"108, ","c0":"#4d4aba","l1":"110, ","c1":"#cf8a11","l2":"112","c2":"#03636c"},"geometry":{"type":"Point","coordinates":[20.475569,53.826254]}},{"type":"Feature","properties":{"lines":"108, 110, 112","arr":["108","110","112"],"mode":"bus","angle":80.3,"extra":1,"ei":5,"l0":"108, ","c0":"#4d4aba","l1":"110, ","c1":"#cf8a11","l2":"112","c2":"#03636c"},"geometry":{"type":"Point","coordinates":[20.476105,53.824392]}},{"type":"Feature","properties":{"lines":"108, 112, 117","arr":["108","112","117"],"mode":"bus","angle":9.1,"l0":"108, ","c0":"#4d4aba","l1":"112, ","c1":"#03636c","l2":"117","c2":"#11a2e3"},"geometry":{"type":"Point","coordinates":[20.484585,53.823067]}},{"type":"Feature","properties":{"lines":"108, 112, 117","arr":["108","112","117"],"mode":"bus","angle":2.4,"extra":1,"ei":0,"l0":"108, ","c0":"#4d4aba","l1":"112, ","c1":"#03636c","l2":"117","c2":"#11a2e3"},"geometry":{"type":"Point","coordinates":[20.478733,53.822435]}},{"type":"Feature","properties":{"lines":"108, 112, 117","arr":["108","112","117"],"mode":"bus","angle":-15.8,"extra":1,"ei":1,"l0":"108, ","c0":"#4d4aba","l1":"112, ","c1":"#03636c","l2":"117","c2":"#11a2e3"},"geometry":{"type":"Point","coordinates":[20.481855,53.822827]}},{"type":"Feature","properties":{"lines":"108, 112, 117","arr":["108","112","117"],"mode":"bus","angle":-0.3,"extra":1,"ei":2,"l0":"108, ","c0":"#4d4aba","l1":"112, ","c1":"#03636c","l2":"117","c2":"#11a2e3"},"geometry":{"type":"Point","coordinates":[20.488107,53.822715]}},{"type":"Feature","properties":{"lines":"108, 112, 117","arr":["108","112","117"],"mode":"bus","angle":13.4,"extra":1,"ei":3,"l0":"108, ","c0":"#4d4aba","l1":"112, ","c1":"#03636c","l2":"117","c2":"#11a2e3"},"geometry":{"type":"Point","coordinates":[20.491252,53.822431]}},{"type":"Feature","properties":{"lines":"108","arr":["108"],"mode":"bus","angle":6.7,"side":-1,"l0":"108","c0":"#4d4aba"},"geometry":{"type":"Point","coordinates":[20.493033,53.822268]}},{"type":"Feature","properties":{"lines":"108, 112","arr":["108","112"],"mode":"bus","angle":-6.3,"mi":5,"l0":"108, ","c0":"#4d4aba","l1":"112","c1":"#03636c"},"geometry":{"type":"Point","coordinates":[20.49841,53.822461]}},{"type":"Feature","properties":{"lines":"108, 112","arr":["108","112"],"mode":"bus","angle":-8,"extra":1,"ei":0,"l0":"108, ","c0":"#4d4aba","l1":"112","c1":"#03636c"},"geometry":{"type":"Point","coordinates":[20.495605,53.822217]}},{"type":"Feature","properties":{"lines":"108, 112","arr":["108","112"],"mode":"bus","angle":24.3,"extra":1,"ei":1,"l0":"108, ","c0":"#4d4aba","l1":"112","c1":"#03636c"},"geometry":{"type":"Point","coordinates":[20.501757,53.821852]}},{"type":"Feature","properties":{"lines":"108, 112","arr":["108","112"],"mode":"bus","angle":17.6,"mi":1,"l0":"108, ","c0":"#4d4aba","l1":"112","c1":"#03636c"},"geometry":{"type":"Point","coordinates":[20.510678,53.821063]}},{"type":"Feature","properties":{"lines":"108, 109, 112, 115, 124, 126, 131, 132, 136","arr":["108","109","112","115","124","126","131","132","136"],"mode":"bus","angle":-40.2,"l0":"108, ","c0":"#4d4aba","l1":"109, ","c1":"#126804","l2":"112, ","c2":"#03636c","l3":"115, ","c3":"#79a620","l4":"124, ","c4":"#ff5e9b","l5":"126, ","c5":"#2d8c1b","l6":"131, ","c6":"#a72d06","l7":"132, ","c7":"#ab0377","l8":"136","c8":"#e16cd6"},"geometry":{"type":"Point","coordinates":[20.491509,53.790434]}},{"type":"Feature","properties":{"lines":"109","arr":["109"],"mode":"bus","angle":33.2,"side":-1,"l0":"109","c0":"#126804"},"geometry":{"type":"Point","coordinates":[20.488636,53.781507]}},{"type":"Feature","properties":{"lines":"109","arr":["109"],"mode":"bus","angle":25.6,"mi":1,"l0":"109","c0":"#126804"},"geometry":{"type":"Point","coordinates":[20.491329,53.781386]}},{"type":"Feature","properties":{"lines":"109","arr":["109"],"mode":"bus","angle":26,"mi":2,"l0":"109","c0":"#126804"},"geometry":{"type":"Point","coordinates":[20.489787,53.780023]}},{"type":"Feature","properties":{"lines":"109, N02","arr":["109","N02"],"mode":"bus","angle":87.1,"l0":"109, ","c0":"#126804","l1":"N02","c1":"#b20b42"},"geometry":{"type":"Point","coordinates":[20.447675,53.749483]}},{"type":"Feature","properties":{"lines":"109, N02","arr":["109","N02"],"mode":"bus","angle":62.3,"extra":1,"ei":0,"l0":"109, ","c0":"#126804","l1":"N02","c1":"#b20b42"},"geometry":{"type":"Point","coordinates":[20.44825,53.748007]}},{"type":"Feature","properties":{"lines":"109, N02","arr":["109","N02"],"mode":"bus","angle":-47.1,"extra":1,"ei":1,"l0":"109, ","c0":"#126804","l1":"N02","c1":"#b20b42"},"geometry":{"type":"Point","coordinates":[20.448427,53.751603]}},{"type":"Feature","properties":{"lines":"110, 135","arr":["110","135"],"mode":"bus","angle":-44.7,"l0":"110, ","c0":"#cf8a11","l1":"135","c1":"#4d4aba"},"geometry":{"type":"Point","coordinates":[20.528846,53.769401]}},{"type":"Feature","properties":{"lines":"110, 135","arr":["110","135"],"mode":"bus","angle":3,"mi":1,"l0":"110, ","c0":"#cf8a11","l1":"135","c1":"#4d4aba"},"geometry":{"type":"Point","coordinates":[20.521268,53.769581]}},{"type":"Feature","properties":{"lines":"110, 135","arr":["110","135"],"mode":"bus","angle":18.3,"extra":1,"ei":0,"l0":"110, ","c0":"#cf8a11","l1":"135","c1":"#4d4aba"},"geometry":{"type":"Point","coordinates":[20.527496,53.769916]}},{"type":"Feature","properties":{"lines":"110, 135","arr":["110","135"],"mode":"bus","angle":-13.4,"extra":1,"ei":1,"l0":"110, ","c0":"#cf8a11","l1":"135","c1":"#4d4aba"},"geometry":{"type":"Point","coordinates":[20.524379,53.769916]}},{"type":"Feature","properties":{"lines":"110, 135","arr":["110","135"],"mode":"bus","angle":10.6,"extra":1,"ei":2,"l0":"110, ","c0":"#cf8a11","l1":"135","c1":"#4d4aba"},"geometry":{"type":"Point","coordinates":[20.518103,53.769921]}},{"type":"Feature","properties":{"lines":"110, 135","arr":["110","135"],"mode":"bus","angle":-3.4,"extra":1,"ei":3,"l0":"110, ","c0":"#cf8a11","l1":"135","c1":"#4d4aba"},"geometry":{"type":"Point","coordinates":[20.514934,53.770152]}},{"type":"Feature","properties":{"lines":"110","arr":["110"],"mode":"bus","angle":14.9,"l0":"110","c0":"#cf8a11"},"geometry":{"type":"Point","coordinates":[20.511835,53.769931]}},{"type":"Feature","properties":{"lines":"110","arr":["110"],"mode":"bus","angle":22,"mi":1,"l0":"110","c0":"#cf8a11"},"geometry":{"type":"Point","coordinates":[20.509491,53.770434]}},{"type":"Feature","properties":{"lines":"110, 121, 141","arr":["110","121","141"],"mode":"bus","angle":-75.7,"l0":"110, ","c0":"#cf8a11","l1":"121, ","c1":"#1cab97","l2":"141","c2":"#f661b9"},"geometry":{"type":"Point","coordinates":[20.511634,53.774851]}},{"type":"Feature","properties":{"lines":"110, 121, 141","arr":["110","121","141"],"mode":"bus","angle":-66.4,"side":-1,"extra":1,"ei":0,"l0":"110, ","c0":"#cf8a11","l1":"121, ","c1":"#1cab97","l2":"141","c2":"#f661b9"},"geometry":{"type":"Point","coordinates":[20.509963,53.771492]}},{"type":"Feature","properties":{"lines":"110, 121, 141","arr":["110","121","141"],"mode":"bus","angle":-72.6,"side":-1,"extra":1,"ei":1,"l0":"110, ","c0":"#cf8a11","l1":"121, ","c1":"#1cab97","l2":"141","c2":"#f661b9"},"geometry":{"type":"Point","coordinates":[20.511124,53.773251]}},{"type":"Feature","properties":{"lines":"110, 121, 141","arr":["110","121","141"],"mode":"bus","angle":84.7,"side":-1,"extra":1,"ei":0,"l0":"110, ","c0":"#cf8a11","l1":"121, ","c1":"#1cab97","l2":"141","c2":"#f661b9"},"geometry":{"type":"Point","coordinates":[20.51242,53.778273]}},{"type":"Feature","properties":{"lines":"110, 121, 141","arr":["110","121","141"],"mode":"bus","angle":-76.9,"extra":1,"ei":1,"l0":"110, ","c0":"#cf8a11","l1":"121, ","c1":"#1cab97","l2":"141","c2":"#f661b9"},"geometry":{"type":"Point","coordinates":[20.512295,53.776394]}},{"type":"Feature","properties":{"lines":"110, 121","arr":["110","121"],"mode":"bus","angle":7.2,"l0":"110, ","c0":"#cf8a11","l1":"121","c1":"#1cab97"},"geometry":{"type":"Point","coordinates":[20.506837,53.779457]}},{"type":"Feature","properties":{"lines":"110, 121","arr":["110","121"],"mode":"bus","angle":1.5,"extra":1,"ei":0,"l0":"110, ","c0":"#cf8a11","l1":"121","c1":"#1cab97"},"geometry":{"type":"Point","coordinates":[20.510975,53.779221]}},{"type":"Feature","properties":{"lines":"110, 121","arr":["110","121"],"mode":"bus","angle":-6.5,"extra":1,"ei":1,"l0":"110, ","c0":"#cf8a11","l1":"121","c1":"#1cab97"},"geometry":{"type":"Point","coordinates":[20.50461,53.779487]}},{"type":"Feature","properties":{"lines":"110, 121","arr":["110","121"],"mode":"bus","angle":-14.2,"extra":1,"ei":2,"l0":"110, ","c0":"#cf8a11","l1":"121","c1":"#1cab97"},"geometry":{"type":"Point","coordinates":[20.5015,53.779057]}},{"type":"Feature","properties":{"lines":"110","arr":["110"],"mode":"bus","angle":-2.6,"mi":3,"l0":"110","c0":"#cf8a11"},"geometry":{"type":"Point","coordinates":[20.495514,53.778689]}},{"type":"Feature","properties":{"lines":"110","arr":["110"],"mode":"bus","angle":-6.9,"extra":1,"ei":0,"l0":"110","c0":"#cf8a11"},"geometry":{"type":"Point","coordinates":[20.499623,53.778812]}},{"type":"Feature","properties":{"lines":"110","arr":["110"],"mode":"bus","angle":7.6,"extra":1,"ei":1,"l0":"110","c0":"#cf8a11"},"geometry":{"type":"Point","coordinates":[20.493243,53.778751]}},{"type":"Feature","properties":{"lines":"110","arr":["110"],"mode":"bus","angle":25,"extra":1,"ei":2,"l0":"110","c0":"#cf8a11"},"geometry":{"type":"Point","coordinates":[20.490245,53.779362]}},{"type":"Feature","properties":{"lines":"110","arr":["110"],"mode":"bus","angle":25.1,"mi":1,"l0":"110","c0":"#cf8a11"},"geometry":{"type":"Point","coordinates":[20.489628,53.778339]}},{"type":"Feature","properties":{"lines":"110","arr":["110"],"mode":"bus","angle":-10.9,"mi":2,"l0":"110","c0":"#cf8a11"},"geometry":{"type":"Point","coordinates":[20.487625,53.778116]}},{"type":"Feature","properties":{"lines":"110","arr":["110"],"mode":"bus","angle":76,"mi":2,"l0":"110","c0":"#cf8a11"},"geometry":{"type":"Point","coordinates":[20.436396,53.882227]}},{"type":"Feature","properties":{"lines":"110","arr":["110"],"mode":"bus","angle":-49.4,"extra":1,"ei":0,"l0":"110","c0":"#cf8a11"},"geometry":{"type":"Point","coordinates":[20.437541,53.883572]}},{"type":"Feature","properties":{"lines":"110","arr":["110"],"mode":"bus","angle":67.1,"extra":1,"ei":1,"l0":"110","c0":"#cf8a11"},"geometry":{"type":"Point","coordinates":[20.437657,53.880252]}},{"type":"Feature","properties":{"lines":"110","arr":["110"],"mode":"bus","angle":56.3,"l0":"110","c0":"#cf8a11"},"geometry":{"type":"Point","coordinates":[20.44069,53.877192]}},{"type":"Feature","properties":{"lines":"110","arr":["110"],"mode":"bus","angle":63,"extra":1,"ei":0,"l0":"110","c0":"#cf8a11"},"geometry":{"type":"Point","coordinates":[20.438495,53.879095]}},{"type":"Feature","properties":{"lines":"110, 117, 136, N02","arr":["110","117","136","N02"],"mode":"bus","angle":-77.1,"side":-1,"l0":"110, ","c0":"#cf8a11","l1":"117, ","c1":"#11a2e3","l2":"136, ","c2":"#e16cd6","l3":"N02","c3":"#b20b42"},"geometry":{"type":"Point","coordinates":[20.481516,53.783249]}},{"type":"Feature","properties":{"lines":"110, 117, N02","arr":["110","117","N02"],"mode":"bus","angle":89.4,"l0":"110, ","c0":"#cf8a11","l1":"117, ","c1":"#11a2e3","l2":"N02","c2":"#b20b42"},"geometry":{"type":"Point","coordinates":[20.482342,53.790677]}},{"type":"Feature","properties":{"lines":"110, 117, N02","arr":["110","117","N02"],"mode":"bus","angle":-89.2,"extra":1,"ei":0,"l0":"110, ","c0":"#cf8a11","l1":"117, ","c1":"#11a2e3","l2":"N02","c2":"#b20b42"},"geometry":{"type":"Point","coordinates":[20.4824,53.786294]}},{"type":"Feature","properties":{"lines":"110, 117, N02","arr":["110","117","N02"],"mode":"bus","angle":89.5,"extra":1,"ei":1,"l0":"110, ","c0":"#cf8a11","l1":"117, ","c1":"#11a2e3","l2":"N02","c2":"#b20b42"},"geometry":{"type":"Point","coordinates":[20.482363,53.788183]}},{"type":"Feature","properties":{"lines":"110, 117, N02","arr":["110","117","N02"],"mode":"bus","angle":89.2,"extra":1,"ei":2,"l0":"110, ","c0":"#cf8a11","l1":"117, ","c1":"#11a2e3","l2":"N02","c2":"#b20b42"},"geometry":{"type":"Point","coordinates":[20.482318,53.79196]}},{"type":"Feature","properties":{"lines":"110, 117, N02","arr":["110","117","N02"],"mode":"bus","angle":88.9,"extra":1,"ei":3,"l0":"110, ","c0":"#cf8a11","l1":"117, ","c1":"#11a2e3","l2":"N02","c2":"#b20b42"},"geometry":{"type":"Point","coordinates":[20.482287,53.793848]}},{"type":"Feature","properties":{"lines":"110, 117, N02","arr":["110","117","N02"],"mode":"bus","angle":-89.1,"extra":1,"ei":4,"l0":"110, ","c0":"#cf8a11","l1":"117, ","c1":"#11a2e3","l2":"N02","c2":"#b20b42"},"geometry":{"type":"Point","coordinates":[20.482248,53.795736]}},{"type":"Feature","properties":{"lines":"110, 117","arr":["110","117"],"mode":"bus","angle":80.9,"l0":"110, ","c0":"#cf8a11","l1":"117","c1":"#11a2e3"},"geometry":{"type":"Point","coordinates":[20.480559,53.809045]}},{"type":"Feature","properties":{"lines":"110, 117","arr":["110","117"],"mode":"bus","angle":-73.3,"l0":"110, ","c0":"#cf8a11","l1":"117","c1":"#11a2e3"},"geometry":{"type":"Point","coordinates":[20.482206,53.785678]}},{"type":"Feature","properties":{"lines":"110, 117","arr":["110","117"],"mode":"bus","angle":85.4,"extra":1,"ei":0,"l0":"110, ","c0":"#cf8a11","l1":"117","c1":"#11a2e3"},"geometry":{"type":"Point","coordinates":[20.482027,53.798664]}},{"type":"Feature","properties":{"lines":"110, 117","arr":["110","117"],"mode":"bus","angle":86,"extra":1,"ei":1,"l0":"110, ","c0":"#cf8a11","l1":"117","c1":"#11a2e3"},"geometry":{"type":"Point","coordinates":[20.481784,53.800547]}},{"type":"Feature","properties":{"lines":"110, 117","arr":["110","117"],"mode":"bus","angle":86.1,"extra":1,"ei":2,"l0":"110, ","c0":"#cf8a11","l1":"117","c1":"#11a2e3"},"geometry":{"type":"Point","coordinates":[20.481558,53.802431]}},{"type":"Feature","properties":{"lines":"110, 117","arr":["110","117"],"mode":"bus","angle":85.8,"extra":1,"ei":3,"l0":"110, ","c0":"#cf8a11","l1":"117","c1":"#11a2e3"},"geometry":{"type":"Point","coordinates":[20.481346,53.804315]}},{"type":"Feature","properties":{"lines":"110, 117","arr":["110","117"],"mode":"bus","angle":85.8,"extra":1,"ei":4,"l0":"110, ","c0":"#cf8a11","l1":"117","c1":"#11a2e3"},"geometry":{"type":"Point","coordinates":[20.481112,53.806199]}},{"type":"Feature","properties":{"lines":"110, 117","arr":["110","117"],"mode":"bus","angle":79.1,"extra":1,"ei":5,"l0":"110, ","c0":"#cf8a11","l1":"117","c1":"#11a2e3"},"geometry":{"type":"Point","coordinates":[20.479773,53.811805]}},{"type":"Feature","properties":{"lines":"110, 117","arr":["110","117"],"mode":"bus","angle":80.4,"extra":1,"ei":6,"l0":"110, ","c0":"#cf8a11","l1":"117","c1":"#11a2e3"},"geometry":{"type":"Point","coordinates":[20.479215,53.813664]}},{"type":"Feature","properties":{"lines":"110, 117","arr":["110","117"],"mode":"bus","angle":80.2,"extra":1,"ei":7,"l0":"110, ","c0":"#cf8a11","l1":"117","c1":"#11a2e3"},"geometry":{"type":"Point","coordinates":[20.478671,53.815525]}},{"type":"Feature","properties":{"lines":"110, 117","arr":["110","117"],"mode":"bus","angle":80.3,"extra":1,"ei":8,"l0":"110, ","c0":"#cf8a11","l1":"117","c1":"#11a2e3"},"geometry":{"type":"Point","coordinates":[20.47813,53.817387]}},{"type":"Feature","properties":{"lines":"110, 117","arr":["110","117"],"mode":"bus","angle":80.3,"extra":1,"ei":9,"l0":"110, ","c0":"#cf8a11","l1":"117","c1":"#11a2e3"},"geometry":{"type":"Point","coordinates":[20.477591,53.819248]}},{"type":"Feature","properties":{"lines":"110, 117","arr":["110","117"],"mode":"bus","angle":80.9,"l0":"110, ","c0":"#cf8a11","l1":"117","c1":"#11a2e3"},"geometry":{"type":"Point","coordinates":[20.477252,53.820443]}},{"type":"Feature","properties":{"lines":"110, 117","arr":["110","117"],"mode":"bus","angle":81.8,"mi":1,"l0":"110, ","c0":"#cf8a11","l1":"117","c1":"#11a2e3"},"geometry":{"type":"Point","coordinates":[20.47694,53.821569]}},{"type":"Feature","properties":{"lines":"110","arr":["110"],"mode":"bus","angle":79.9,"l0":"110","c0":"#cf8a11"},"geometry":{"type":"Point","coordinates":[20.473709,53.839344]}},{"type":"Feature","properties":{"lines":"110","arr":["110"],"mode":"bus","angle":80.4,"extra":1,"ei":0,"l0":"110","c0":"#cf8a11"},"geometry":{"type":"Point","coordinates":[20.474436,53.836818]}},{"type":"Feature","properties":{"lines":"110","arr":["110"],"mode":"bus","angle":80.2,"extra":1,"ei":1,"l0":"110","c0":"#cf8a11"},"geometry":{"type":"Point","coordinates":[20.473361,53.840542]}},{"type":"Feature","properties":{"lines":"110","arr":["110"],"mode":"bus","angle":74.4,"extra":1,"ei":2,"l0":"110","c0":"#cf8a11"},"geometry":{"type":"Point","coordinates":[20.472688,53.842386]}},{"type":"Feature","properties":{"lines":"110","arr":["110"],"mode":"bus","angle":62.7,"l0":"110","c0":"#cf8a11"},"geometry":{"type":"Point","coordinates":[20.467238,53.851793]}},{"type":"Feature","properties":{"lines":"110","arr":["110"],"mode":"bus","angle":74.6,"extra":1,"ei":0,"l0":"110","c0":"#cf8a11"},"geometry":{"type":"Point","coordinates":[20.472082,53.843685]}},{"type":"Feature","properties":{"lines":"110","arr":["110"],"mode":"bus","angle":74.5,"extra":1,"ei":1,"l0":"110","c0":"#cf8a11"},"geometry":{"type":"Point","coordinates":[20.471233,53.845505]}},{"type":"Feature","properties":{"lines":"110","arr":["110"],"mode":"bus","angle":74,"extra":1,"ei":2,"l0":"110","c0":"#cf8a11"},"geometry":{"type":"Point","coordinates":[20.470366,53.847323]}},{"type":"Feature","properties":{"lines":"110","arr":["110"],"mode":"bus","angle":71,"extra":1,"ei":3,"l0":"110","c0":"#cf8a11"},"geometry":{"type":"Point","coordinates":[20.469472,53.849136]}},{"type":"Feature","properties":{"lines":"110","arr":["110"],"mode":"bus","angle":57.7,"extra":1,"ei":4,"l0":"110","c0":"#cf8a11"},"geometry":{"type":"Point","coordinates":[20.46552,53.854248]}},{"type":"Feature","properties":{"lines":"110","arr":["110"],"mode":"bus","angle":71.2,"extra":1,"ei":5,"l0":"110","c0":"#cf8a11"},"geometry":{"type":"Point","coordinates":[20.464625,53.856052]}},{"type":"Feature","properties":{"lines":"110","arr":["110"],"mode":"bus","angle":65.5,"extra":1,"ei":6,"l0":"110","c0":"#cf8a11"},"geometry":{"type":"Point","coordinates":[20.463166,53.857727]}},{"type":"Feature","properties":{"lines":"110","arr":["110"],"mode":"bus","angle":78.6,"extra":1,"ei":7,"l0":"110","c0":"#cf8a11"},"geometry":{"type":"Point","coordinates":[20.462077,53.859499]}},{"type":"Feature","properties":{"lines":"110","arr":["110"],"mode":"bus","angle":70.9,"mi":3,"l0":"110","c0":"#cf8a11"},"geometry":{"type":"Point","coordinates":[20.446443,53.869201]}},{"type":"Feature","properties":{"lines":"110","arr":["110"],"mode":"bus","angle":-35.8,"mi":1,"l0":"110","c0":"#cf8a11"},"geometry":{"type":"Point","coordinates":[20.441457,53.881827]}},{"type":"Feature","properties":{"lines":"110","arr":["110"],"mode":"bus","angle":49.3,"extra":1,"ei":0,"l0":"110","c0":"#cf8a11"},"geometry":{"type":"Point","coordinates":[20.461133,53.861568]}},{"type":"Feature","properties":{"lines":"110","arr":["110"],"mode":"bus","angle":29.7,"extra":1,"ei":1,"l0":"110","c0":"#cf8a11"},"geometry":{"type":"Point","coordinates":[20.458413,53.862556]}},{"type":"Feature","properties":{"lines":"110","arr":["110"],"mode":"bus","angle":25.6,"extra":1,"ei":2,"l0":"110","c0":"#cf8a11"},"geometry":{"type":"Point","coordinates":[20.45561,53.863462]}},{"type":"Feature","properties":{"lines":"110","arr":["110"],"mode":"bus","angle":31.9,"extra":1,"ei":3,"l0":"110","c0":"#cf8a11"},"geometry":{"type":"Point","coordinates":[20.452735,53.864285]}},{"type":"Feature","properties":{"lines":"110","arr":["110"],"mode":"bus","angle":34.1,"extra":1,"ei":4,"l0":"110","c0":"#cf8a11"},"geometry":{"type":"Point","coordinates":[20.45007,53.865328]}},{"type":"Feature","properties":{"lines":"110","arr":["110"],"mode":"bus","angle":69.4,"extra":1,"ei":5,"l0":"110","c0":"#cf8a11"},"geometry":{"type":"Point","coordinates":[20.44777,53.86658]}},{"type":"Feature","properties":{"lines":"110","arr":["110"],"mode":"bus","angle":83.5,"extra":1,"ei":6,"l0":"110","c0":"#cf8a11"},"geometry":{"type":"Point","coordinates":[20.445505,53.872067]}},{"type":"Feature","properties":{"lines":"110","arr":["110"],"mode":"bus","angle":82.8,"extra":1,"ei":7,"l0":"110","c0":"#cf8a11"},"geometry":{"type":"Point","coordinates":[20.445114,53.873941]}},{"type":"Feature","properties":{"lines":"110","arr":["110"],"mode":"bus","angle":84.2,"extra":1,"ei":8,"l0":"110","c0":"#cf8a11"},"geometry":{"type":"Point","coordinates":[20.444764,53.875818]}},{"type":"Feature","properties":{"lines":"110","arr":["110"],"mode":"bus","angle":79.4,"extra":1,"ei":9,"l0":"110","c0":"#cf8a11"},"geometry":{"type":"Point","coordinates":[20.444393,53.877693]}},{"type":"Feature","properties":{"lines":"110","arr":["110"],"mode":"bus","angle":69.6,"extra":1,"ei":10,"l0":"110","c0":"#cf8a11"},"geometry":{"type":"Point","coordinates":[20.443579,53.879516]}},{"type":"Feature","properties":{"lines":"110","arr":["110"],"mode":"bus","angle":54.9,"extra":1,"ei":0,"l0":"110","c0":"#cf8a11"},"geometry":{"type":"Point","coordinates":[20.439678,53.883405]}},{"type":"Feature","properties":{"lines":"110, 117, 136","arr":["110","117","136"],"mode":"bus","angle":-77.3,"l0":"110, ","c0":"#cf8a11","l1":"117, ","c1":"#11a2e3","l2":"136","c2":"#e16cd6"},"geometry":{"type":"Point","coordinates":[20.481349,53.783323]}},{"type":"Feature","properties":{"lines":"110","arr":["110"],"mode":"bus","angle":-64.7,"l0":"110","c0":"#cf8a11"},"geometry":{"type":"Point","coordinates":[20.491241,53.778486]}},{"type":"Feature","properties":{"lines":"121, 205, N01","arr":["121","205","N01"],"mode":"bus","angle":-35,"l0":"121, ","c0":"#1cab97","l1":"205, ","c1":"#9789ff","l2":"N01","c2":"#fe6761"},"geometry":{"type":"Point","coordinates":[20.500247,53.753538]}},{"type":"Feature","properties":{"lines":"111, 121, 205, N01","arr":["111","121","205","N01"],"mode":"bus","angle":87.8,"l0":"111, ","c0":"#79a620","l1":"121, ","c1":"#1cab97","l2":"205, ","c2":"#9789ff","l3":"N01","c3":"#fe6761"},"geometry":{"type":"Point","coordinates":[20.499425,53.753612]}},{"type":"Feature","properties":{"lines":"111, 121, 205, N01","arr":["111","121","205","N01"],"mode":"bus","angle":-0.3,"mi":1,"l0":"111, ","c0":"#79a620","l1":"121, ","c1":"#1cab97","l2":"205, ","c2":"#9789ff","l3":"N01","c3":"#fe6761"},"geometry":{"type":"Point","coordinates":[20.49273,53.753388]}},{"type":"Feature","properties":{"lines":"111, 121, 205, N01","arr":["111","121","205","N01"],"mode":"bus","angle":0.1,"extra":1,"ei":0,"l0":"111, ","c0":"#79a620","l1":"121, ","c1":"#1cab97","l2":"205, ","c2":"#9789ff","l3":"N01","c3":"#fe6761"},"geometry":{"type":"Point","coordinates":[20.497816,53.753834]}},{"type":"Feature","properties":{"lines":"111, 121, 205, N01","arr":["111","121","205","N01"],"mode":"bus","angle":-8.6,"extra":1,"ei":1,"l0":"111, ","c0":"#79a620","l1":"121, ","c1":"#1cab97","l2":"205, ","c2":"#9789ff","l3":"N01","c3":"#fe6761"},"geometry":{"type":"Point","coordinates":[20.494742,53.753416]}},{"type":"Feature","properties":{"lines":"111, 121, 205, N01","arr":["111","121","205","N01"],"mode":"bus","angle":-24.6,"extra":1,"ei":2,"l0":"111, ","c0":"#79a620","l1":"121, ","c1":"#1cab97","l2":"205, ","c2":"#9789ff","l3":"N01","c3":"#fe6761"},"geometry":{"type":"Point","coordinates":[20.488433,53.753061]}},{"type":"Feature","properties":{"lines":"111, 121","arr":["111","121"],"mode":"bus","angle":-4.2,"l0":"111, ","c0":"#79a620","l1":"121","c1":"#1cab97"},"geometry":{"type":"Point","coordinates":[20.487081,53.752829]}},{"type":"Feature","properties":{"lines":"111, 121, 127, 130, 136, 307, N01","arr":["111","121","127","130","136","307","N01"],"mode":"bus","angle":-89.4,"side":-1,"l0":"111, ","c0":"#79a620","l1":"121, ","c1":"#1cab97","l2":"127, ","c2":"#05617d","l3":"130, ","c3":"#4d4aba","l4":"136, ","c4":"#e16cd6","l5":"307, ","c5":"#6b5806","l6":"N01","c6":"#fe6761"},"geometry":{"type":"Point","coordinates":[20.486339,53.754254]}},{"type":"Feature","properties":{"lines":"111, 121, 127, 130, 136, 307, N01","arr":["111","121","127","130","136","307","N01"],"mode":"bus","angle":-85.3,"side":-1,"extra":1,"ei":0,"l0":"111, ","c0":"#79a620","l1":"121, ","c1":"#1cab97","l2":"127, ","c2":"#05617d","l3":"130, ","c3":"#4d4aba","l4":"136, ","c4":"#e16cd6","l5":"307, ","c5":"#6b5806","l6":"N01","c6":"#fe6761"},"geometry":{"type":"Point","coordinates":[20.486494,53.755663]}},{"type":"Feature","properties":{"lines":"111, 121","arr":["111","121"],"mode":"bus","angle":-9.2,"side":-1,"mi":1,"l0":"111, ","c0":"#79a620","l1":"121","c1":"#1cab97"},"geometry":{"type":"Point","coordinates":[20.493191,53.756766]}},{"type":"Feature","properties":{"lines":"111, 121","arr":["111","121"],"mode":"bus","angle":-2.6,"side":-1,"extra":1,"ei":0,"l0":"111, ","c0":"#79a620","l1":"121","c1":"#1cab97"},"geometry":{"type":"Point","coordinates":[20.488091,53.755724]}},{"type":"Feature","properties":{"lines":"111, 121","arr":["111","121"],"mode":"bus","angle":-34.5,"side":-1,"extra":1,"ei":1,"l0":"111, ","c0":"#79a620","l1":"121","c1":"#1cab97"},"geometry":{"type":"Point","coordinates":[20.491132,53.756184]}},{"type":"Feature","properties":{"lines":"111, 121","arr":["111","121"],"mode":"bus","angle":-31.4,"side":-1,"extra":1,"ei":2,"l0":"111, ","c0":"#79a620","l1":"121","c1":"#1cab97"},"geometry":{"type":"Point","coordinates":[20.497133,53.757259]}},{"type":"Feature","properties":{"lines":"111, 117, 121, 126, 131, 132, 141","arr":["111","117","121","126","131","132","141"],"mode":"bus","angle":84.7,"l0":"111, ","c0":"#79a620","l1":"117, ","c1":"#11a2e3","l2":"121, ","c2":"#1cab97","l3":"126, ","c3":"#2d8c1b","l4":"131, ","c4":"#a72d06","l5":"132, ","c5":"#ab0377","l6":"141","c6":"#f661b9"},"geometry":{"type":"Point","coordinates":[20.500045,53.76069]}},{"type":"Feature","properties":{"lines":"111, 117, 121, 126, 131, 132, 141","arr":["111","117","121","126","131","132","141"],"mode":"bus","angle":-74,"side":-1,"extra":1,"ei":0,"l0":"111, ","c0":"#79a620","l1":"117, ","c1":"#11a2e3","l2":"121, ","c2":"#1cab97","l3":"126, ","c3":"#2d8c1b","l4":"131, ","c4":"#a72d06","l5":"132, ","c5":"#ab0377","l6":"141","c6":"#f661b9"},"geometry":{"type":"Point","coordinates":[20.500014,53.759338]}},{"type":"Feature","properties":{"lines":"111, 113, 117, 121, 126, 131, 132, 141","arr":["111","113","117","121","126","131","132","141"],"mode":"bus","angle":-62.4,"side":-1,"l0":"111, ","c0":"#79a620","l1":"113, ","c1":"#03636c","l2":"117, ","c2":"#11a2e3","l3":"121, ","c3":"#1cab97","l4":"126, ","c4":"#2d8c1b","l5":"131, ","c5":"#a72d06","l6":"132, ","c6":"#ab0377","l7":"141","c7":"#f661b9"},"geometry":{"type":"Point","coordinates":[20.50254,53.764699]}},{"type":"Feature","properties":{"lines":"111, 117, 131, 135","arr":["111","117","131","135"],"mode":"bus","angle":31.8,"l0":"111, ","c0":"#79a620","l1":"117, ","c1":"#11a2e3","l2":"131, ","c2":"#a72d06","l3":"135","c3":"#4d4aba"},"geometry":{"type":"Point","coordinates":[20.501075,53.767382]}},{"type":"Feature","properties":{"lines":"111, 117, 131, 135","arr":["111","117","131","135"],"mode":"bus","angle":28.1,"extra":1,"ei":0,"l0":"111, ","c0":"#79a620","l1":"117, ","c1":"#11a2e3","l2":"131, ","c2":"#a72d06","l3":"135","c3":"#4d4aba"},"geometry":{"type":"Point","coordinates":[20.499255,53.768021]}},{"type":"Feature","properties":{"lines":"111, 121, 205","arr":["111","121","205"],"mode":"bus","angle":-5.1,"l0":"111, ","c0":"#79a620","l1":"121, ","c1":"#1cab97","l2":"205","c2":"#9789ff"},"geometry":{"type":"Point","coordinates":[20.488994,53.755862]}},{"type":"Feature","properties":{"lines":"111, 121, 205","arr":["111","121","205"],"mode":"bus","angle":-2.7,"extra":1,"ei":0,"l0":"111, ","c0":"#79a620","l1":"121, ","c1":"#1cab97","l2":"205","c2":"#9789ff"},"geometry":{"type":"Point","coordinates":[20.486694,53.755789]}},{"type":"Feature","properties":{"lines":"111, 121, 205","arr":["111","121","205"],"mode":"bus","angle":0.1,"mi":1,"l0":"111, ","c0":"#79a620","l1":"121, ","c1":"#1cab97","l2":"205","c2":"#9789ff"},"geometry":{"type":"Point","coordinates":[20.499963,53.753832]}},{"type":"Feature","properties":{"lines":"112, 117","arr":["112","117"],"mode":"bus","angle":-9.6,"l0":"112, ","c0":"#03636c","l1":"117","c1":"#11a2e3"},"geometry":{"type":"Point","coordinates":[20.49238,53.822544]}},{"type":"Feature","properties":{"lines":"112","arr":["112"],"mode":"bus","angle":18.8,"l0":"112","c0":"#03636c"},"geometry":{"type":"Point","coordinates":[20.493678,53.822459]}},{"type":"Feature","properties":{"lines":"112","arr":["112"],"mode":"bus","angle":-4.8,"side":-1,"l0":"112","c0":"#03636c"},"geometry":{"type":"Point","coordinates":[20.501839,53.85762]}},{"type":"Feature","properties":{"lines":"112","arr":["112"],"mode":"bus","angle":-13.3,"side":-1,"l0":"112","c0":"#03636c"},"geometry":{"type":"Point","coordinates":[20.476106,53.836073]}},{"type":"Feature","properties":{"lines":"113, 121, 126, 132, 141","arr":["113","121","126","132","141"],"mode":"bus","angle":-54.2,"side":-1,"l0":"113, ","c0":"#03636c","l1":"121, ","c1":"#1cab97","l2":"126, ","c2":"#2d8c1b","l3":"132, ","c3":"#ab0377","l4":"141","c4":"#f661b9"},"geometry":{"type":"Point","coordinates":[20.50699,53.768275]}},{"type":"Feature","properties":{"lines":"113, 121, 126, 132, 141","arr":["113","121","126","132","141"],"mode":"bus","angle":-57.4,"side":-1,"extra":1,"ei":0,"l0":"113, ","c0":"#03636c","l1":"121, ","c1":"#1cab97","l2":"126, ","c2":"#2d8c1b","l3":"132, ","c3":"#ab0377","l4":"141","c4":"#f661b9"},"geometry":{"type":"Point","coordinates":[20.505212,53.766836]}},{"type":"Feature","properties":{"lines":"113, 121, 126, 132, 141","arr":["113","121","126","132","141"],"mode":"bus","angle":-61.7,"side":-1,"extra":1,"ei":1,"l0":"113, ","c0":"#03636c","l1":"121, ","c1":"#1cab97","l2":"126, ","c2":"#2d8c1b","l3":"132, ","c3":"#ab0377","l4":"141","c4":"#f661b9"},"geometry":{"type":"Point","coordinates":[20.508736,53.769979]}},{"type":"Feature","properties":{"lines":"113, 307, N02","arr":["113","307","N02"],"mode":"bus","angle":61.3,"l0":"113, ","c0":"#03636c","l1":"307, ","c1":"#6b5806","l2":"N02","c2":"#b20b42"},"geometry":{"type":"Point","coordinates":[20.45839,53.76989]}},{"type":"Feature","properties":{"lines":"113, 307, N02","arr":["113","307","N02"],"mode":"bus","angle":30.7,"extra":1,"ei":0,"l0":"113, ","c0":"#03636c","l1":"307, ","c1":"#6b5806","l2":"N02","c2":"#b20b42"},"geometry":{"type":"Point","coordinates":[20.464087,53.767168]}},{"type":"Feature","properties":{"lines":"113, 307, N02","arr":["113","307","N02"],"mode":"bus","angle":30.6,"extra":1,"ei":1,"l0":"113, ","c0":"#03636c","l1":"307, ","c1":"#6b5806","l2":"N02","c2":"#b20b42"},"geometry":{"type":"Point","coordinates":[20.461336,53.76813]}},{"type":"Feature","properties":{"lines":"113, 307, N02","arr":["113","307","N02"],"mode":"bus","angle":61.7,"extra":1,"ei":2,"l0":"113, ","c0":"#03636c","l1":"307, ","c1":"#6b5806","l2":"N02","c2":"#b20b42"},"geometry":{"type":"Point","coordinates":[20.457386,53.770991]}},{"type":"Feature","properties":{"lines":"113, 307, N02","arr":["113","307","N02"],"mode":"bus","angle":61.7,"extra":1,"ei":3,"l0":"113, ","c0":"#03636c","l1":"307, ","c1":"#6b5806","l2":"N02","c2":"#b20b42"},"geometry":{"type":"Point","coordinates":[20.455883,53.772657]}},{"type":"Feature","properties":{"lines":"113, 307, N02","arr":["113","307","N02"],"mode":"bus","angle":54.9,"extra":1,"ei":4,"l0":"113, ","c0":"#03636c","l1":"307, ","c1":"#6b5806","l2":"N02","c2":"#b20b42"},"geometry":{"type":"Point","coordinates":[20.454337,53.774309]}},{"type":"Feature","properties":{"lines":"114, 115, 304","arr":["114","115","304"],"mode":"bus","angle":43.1,"mi":1,"l0":"114, ","c0":"#119efc","l1":"115, ","c1":"#79a620","l2":"304","c2":"#05617d"},"geometry":{"type":"Point","coordinates":[20.49837,53.784043]}},{"type":"Feature","properties":{"lines":"114, 115, 141","arr":["114","115","141"],"mode":"bus","angle":25.9,"side":-1,"l0":"114, ","c0":"#119efc","l1":"115, ","c1":"#79a620","l2":"141","c2":"#f661b9"},"geometry":{"type":"Point","coordinates":[20.533684,53.782355]}},{"type":"Feature","properties":{"lines":"114, 115","arr":["114","115"],"mode":"bus","angle":34.2,"side":-1,"mi":2,"l0":"114, ","c0":"#119efc","l1":"115","c1":"#79a620"},"geometry":{"type":"Point","coordinates":[20.540922,53.779418]}},{"type":"Feature","properties":{"lines":"114, 115","arr":["114","115"],"mode":"bus","angle":34.9,"side":-1,"extra":1,"ei":0,"l0":"114, ","c0":"#119efc","l1":"115","c1":"#79a620"},"geometry":{"type":"Point","coordinates":[20.537752,53.780727]}},{"type":"Feature","properties":{"lines":"114, 115","arr":["114","115"],"mode":"bus","angle":5.9,"side":-1,"extra":1,"ei":1,"l0":"114, ","c0":"#119efc","l1":"115","c1":"#79a620"},"geometry":{"type":"Point","coordinates":[20.543236,53.778864]}},{"type":"Feature","properties":{"lines":"114, 115","arr":["114","115"],"mode":"bus","angle":-23.1,"l0":"114, ","c0":"#119efc","l1":"115","c1":"#79a620"},"geometry":{"type":"Point","coordinates":[20.547786,53.779431]}},{"type":"Feature","properties":{"lines":"114, 115","arr":["114","115"],"mode":"bus","angle":-56.4,"side":-1,"mi":1,"l0":"114, ","c0":"#119efc","l1":"115","c1":"#79a620"},"geometry":{"type":"Point","coordinates":[20.549989,53.780917]}},{"type":"Feature","properties":{"lines":"114, 115, 125","arr":["114","115","125"],"mode":"bus","angle":-39.7,"l0":"114, ","c0":"#119efc","l1":"115, ","c1":"#79a620","l2":"125","c2":"#e47e2b"},"geometry":{"type":"Point","coordinates":[20.570326,53.782806]}},{"type":"Feature","properties":{"lines":"114, 115, 125","arr":["114","115","125"],"mode":"bus","angle":25.4,"extra":1,"ei":0,"l0":"114, ","c0":"#119efc","l1":"115, ","c1":"#79a620","l2":"125","c2":"#e47e2b"},"geometry":{"type":"Point","coordinates":[20.551951,53.780912]}},{"type":"Feature","properties":{"lines":"114, 115, 125","arr":["114","115","125"],"mode":"bus","angle":25.3,"extra":1,"ei":1,"l0":"114, ","c0":"#119efc","l1":"115, ","c1":"#79a620","l2":"125","c2":"#e47e2b"},"geometry":{"type":"Point","coordinates":[20.554841,53.780105]}},{"type":"Feature","properties":{"lines":"114, 115, 125","arr":["114","115","125"],"mode":"bus","angle":24.6,"extra":1,"ei":2,"l0":"114, ","c0":"#119efc","l1":"115, ","c1":"#79a620","l2":"125","c2":"#e47e2b"},"geometry":{"type":"Point","coordinates":[20.557736,53.779303]}},{"type":"Feature","properties":{"lines":"114, 115, 125","arr":["114","115","125"],"mode":"bus","angle":-9.6,"extra":1,"ei":3,"l0":"114, ","c0":"#119efc","l1":"115, ","c1":"#79a620","l2":"125","c2":"#e47e2b"},"geometry":{"type":"Point","coordinates":[20.560801,53.778917]}},{"type":"Feature","properties":{"lines":"114, 115, 125","arr":["114","115","125"],"mode":"bus","angle":-32.9,"extra":1,"ei":4,"l0":"114, ","c0":"#119efc","l1":"115, ","c1":"#79a620","l2":"125","c2":"#e47e2b"},"geometry":{"type":"Point","coordinates":[20.563683,53.779705]}},{"type":"Feature","properties":{"lines":"114, 115, 125","arr":["114","115","125"],"mode":"bus","angle":-38.6,"extra":1,"ei":5,"l0":"114, ","c0":"#119efc","l1":"115, ","c1":"#79a620","l2":"125","c2":"#e47e2b"},"geometry":{"type":"Point","coordinates":[20.566235,53.78084]}},{"type":"Feature","properties":{"lines":"114, 115, 125","arr":["114","115","125"],"mode":"bus","angle":-39.9,"extra":1,"ei":6,"l0":"114, ","c0":"#119efc","l1":"115, ","c1":"#79a620","l2":"125","c2":"#e47e2b"},"geometry":{"type":"Point","coordinates":[20.568737,53.782017]}},{"type":"Feature","properties":{"lines":"114, 115, 125","arr":["114","115","125"],"mode":"bus","angle":-39.6,"extra":1,"ei":7,"l0":"114, ","c0":"#119efc","l1":"115, ","c1":"#79a620","l2":"125","c2":"#e47e2b"},"geometry":{"type":"Point","coordinates":[20.573673,53.784417]}},{"type":"Feature","properties":{"lines":"114, 115, 125","arr":["114","115","125"],"mode":"bus","angle":-30.7,"extra":1,"ei":8,"l0":"114, ","c0":"#119efc","l1":"115, ","c1":"#79a620","l2":"125","c2":"#e47e2b"},"geometry":{"type":"Point","coordinates":[20.576251,53.78553]}},{"type":"Feature","properties":{"lines":"114, 115, 125","arr":["114","115","125"],"mode":"bus","angle":-19.4,"extra":1,"ei":9,"l0":"114, ","c0":"#119efc","l1":"115, ","c1":"#79a620","l2":"125","c2":"#e47e2b"},"geometry":{"type":"Point","coordinates":[20.579163,53.7863]}},{"type":"Feature","properties":{"lines":"114, 115, 125","arr":["114","115","125"],"mode":"bus","angle":-14.3,"extra":1,"ei":10,"l0":"114, ","c0":"#119efc","l1":"115, ","c1":"#79a620","l2":"125","c2":"#e47e2b"},"geometry":{"type":"Point","coordinates":[20.582196,53.786896]}},{"type":"Feature","properties":{"lines":"114, 115, 125","arr":["114","115","125"],"mode":"bus","angle":-2.1,"extra":1,"ei":11,"l0":"114, ","c0":"#119efc","l1":"115, ","c1":"#79a620","l2":"125","c2":"#e47e2b"},"geometry":{"type":"Point","coordinates":[20.585355,53.787164]}},{"type":"Feature","properties":{"lines":"114, 115, 125","arr":["114","115","125"],"mode":"bus","angle":1.2,"extra":1,"ei":12,"l0":"114, ","c0":"#119efc","l1":"115, ","c1":"#79a620","l2":"125","c2":"#e47e2b"},"geometry":{"type":"Point","coordinates":[20.588551,53.787153]}},{"type":"Feature","properties":{"lines":"114, 115, 125","arr":["114","115","125"],"mode":"bus","angle":-32.9,"l0":"114, ","c0":"#119efc","l1":"115, ","c1":"#79a620","l2":"125","c2":"#e47e2b"},"geometry":{"type":"Point","coordinates":[20.591809,53.78752]}},{"type":"Feature","properties":{"lines":"114","arr":["114"],"mode":"bus","angle":-42,"l0":"114","c0":"#119efc"},"geometry":{"type":"Point","coordinates":[20.604606,53.791851]}},{"type":"Feature","properties":{"lines":"114, 115, 304","arr":["114","115","304"],"mode":"bus","angle":-31.2,"l0":"114, ","c0":"#119efc","l1":"115, ","c1":"#79a620","l2":"304","c2":"#05617d"},"geometry":{"type":"Point","coordinates":[20.600944,53.790201]}},{"type":"Feature","properties":{"lines":"114, 115, 125, 304","arr":["114","115","125","304"],"mode":"bus","angle":-22.8,"l0":"114, ","c0":"#119efc","l1":"115, ","c1":"#79a620","l2":"125, ","c2":"#e47e2b","l3":"304","c3":"#05617d"},"geometry":{"type":"Point","coordinates":[20.596042,53.788734]}},{"type":"Feature","properties":{"lines":"114, 115, 125, 304","arr":["114","115","125","304"],"mode":"bus","angle":-23.6,"extra":1,"ei":0,"l0":"114, ","c0":"#119efc","l1":"115, ","c1":"#79a620","l2":"125, ","c2":"#e47e2b","l3":"304","c3":"#05617d"},"geometry":{"type":"Point","coordinates":[20.598086,53.789248]}},{"type":"Feature","properties":{"lines":"114","arr":["114"],"mode":"bus","angle":-51.6,"side":-1,"l0":"114","c0":"#119efc"},"geometry":{"type":"Point","coordinates":[20.632903,53.809893]}},{"type":"Feature","properties":{"lines":"114","arr":["114"],"mode":"bus","angle":-49.9,"mi":1,"l0":"114","c0":"#119efc"},"geometry":{"type":"Point","coordinates":[20.614739,53.797837]}},{"type":"Feature","properties":{"lines":"114","arr":["114"],"mode":"bus","angle":-56.6,"extra":1,"ei":0,"l0":"114","c0":"#119efc"},"geometry":{"type":"Point","coordinates":[20.60854,53.793389]}},{"type":"Feature","properties":{"lines":"114","arr":["114"],"mode":"bus","angle":-50.1,"extra":1,"ei":1,"l0":"114","c0":"#119efc"},"geometry":{"type":"Point","coordinates":[20.610531,53.794865]}},{"type":"Feature","properties":{"lines":"114","arr":["114"],"mode":"bus","angle":-50.2,"extra":1,"ei":2,"l0":"114","c0":"#119efc"},"geometry":{"type":"Point","coordinates":[20.612573,53.796318]}},{"type":"Feature","properties":{"lines":"114","arr":["114"],"mode":"bus","angle":-49.8,"extra":1,"ei":3,"l0":"114","c0":"#119efc"},"geometry":{"type":"Point","coordinates":[20.616695,53.799205]}},{"type":"Feature","properties":{"lines":"114","arr":["114"],"mode":"bus","angle":-51.9,"extra":1,"ei":4,"l0":"114","c0":"#119efc"},"geometry":{"type":"Point","coordinates":[20.618751,53.800651]}},{"type":"Feature","properties":{"lines":"114","arr":["114"],"mode":"bus","angle":-60.9,"extra":1,"ei":5,"l0":"114","c0":"#119efc"},"geometry":{"type":"Point","coordinates":[20.620492,53.802232]}},{"type":"Feature","properties":{"lines":"114","arr":["114"],"mode":"bus","angle":-53.5,"extra":1,"ei":0,"l0":"114","c0":"#119efc"},"geometry":{"type":"Point","coordinates":[20.641577,53.817369]}},{"type":"Feature","properties":{"lines":"114","arr":["114"],"mode":"bus","angle":-61.7,"side":-1,"extra":1,"ei":1,"l0":"114","c0":"#119efc"},"geometry":{"type":"Point","coordinates":[20.639854,53.815785]}},{"type":"Feature","properties":{"lines":"114","arr":["114"],"mode":"bus","angle":-55.8,"side":-1,"extra":1,"ei":2,"l0":"114","c0":"#119efc"},"geometry":{"type":"Point","coordinates":[20.63825,53.814152]}},{"type":"Feature","properties":{"lines":"114","arr":["114"],"mode":"bus","angle":-53.4,"side":-1,"extra":1,"ei":3,"l0":"114","c0":"#119efc"},"geometry":{"type":"Point","coordinates":[20.636355,53.812631]}},{"type":"Feature","properties":{"lines":"114","arr":["114"],"mode":"bus","angle":-53.4,"side":-1,"extra":1,"ei":4,"l0":"114","c0":"#119efc"},"geometry":{"type":"Point","coordinates":[20.634447,53.811116]}},{"type":"Feature","properties":{"lines":"114","arr":["114"],"mode":"bus","angle":-39.4,"side":-1,"extra":1,"ei":5,"l0":"114","c0":"#119efc"},"geometry":{"type":"Point","coordinates":[20.630162,53.808337]}},{"type":"Feature","properties":{"lines":"114","arr":["114"],"mode":"bus","angle":-39.2,"side":-1,"extra":1,"ei":6,"l0":"114","c0":"#119efc"},"geometry":{"type":"Point","coordinates":[20.627689,53.807141]}},{"type":"Feature","properties":{"lines":"114","arr":["114"],"mode":"bus","angle":-39.7,"side":-1,"extra":1,"ei":7,"l0":"114","c0":"#119efc"},"geometry":{"type":"Point","coordinates":[20.625213,53.805946]}},{"type":"Feature","properties":{"lines":"114","arr":["114"],"mode":"bus","angle":-53.1,"side":-1,"extra":1,"ei":8,"l0":"114","c0":"#119efc"},"geometry":{"type":"Point","coordinates":[20.623046,53.804569]}},{"type":"Feature","properties":{"lines":"114","arr":["114"],"mode":"bus","angle":-64.2,"extra":1,"ei":9,"l0":"114","c0":"#119efc"},"geometry":{"type":"Point","coordinates":[20.621613,53.803444]}},{"type":"Feature","properties":{"lines":"114, 124","arr":["114","124"],"mode":"bus","angle":-18.8,"l0":"114, ","c0":"#119efc","l1":"124","c1":"#ff5e9b"},"geometry":{"type":"Point","coordinates":[20.657303,53.822794]}},{"type":"Feature","properties":{"lines":"114, 124","arr":["114","124"],"mode":"bus","angle":-40.9,"side":-1,"extra":1,"ei":0,"l0":"114, ","c0":"#119efc","l1":"124","c1":"#ff5e9b"},"geometry":{"type":"Point","coordinates":[20.643764,53.81874]}},{"type":"Feature","properties":{"lines":"114, 124","arr":["114","124"],"mode":"bus","angle":-36.6,"side":-1,"extra":1,"ei":0,"l0":"114, ","c0":"#119efc","l1":"124","c1":"#ff5e9b"},"geometry":{"type":"Point","coordinates":[20.671297,53.825955]}},{"type":"Feature","properties":{"lines":"114, 124","arr":["114","124"],"mode":"bus","angle":-23.1,"side":-1,"extra":1,"ei":1,"l0":"114, ","c0":"#119efc","l1":"124","c1":"#ff5e9b"},"geometry":{"type":"Point","coordinates":[20.668521,53.825027]}},{"type":"Feature","properties":{"lines":"114, 124","arr":["114","124"],"mode":"bus","angle":-18.9,"extra":1,"ei":0,"l0":"114, ","c0":"#119efc","l1":"124","c1":"#ff5e9b"},"geometry":{"type":"Point","coordinates":[20.665438,53.82443]}},{"type":"Feature","properties":{"lines":"114, 124","arr":["114","124"],"mode":"bus","angle":-18.8,"extra":1,"ei":1,"l0":"114, ","c0":"#119efc","l1":"124","c1":"#ff5e9b"},"geometry":{"type":"Point","coordinates":[20.662411,53.823823]}},{"type":"Feature","properties":{"lines":"114, 124","arr":["114","124"],"mode":"bus","angle":-18.8,"extra":1,"ei":2,"l0":"114, ","c0":"#119efc","l1":"124","c1":"#ff5e9b"},"geometry":{"type":"Point","coordinates":[20.659385,53.823213]}},{"type":"Feature","properties":{"lines":"114, 124","arr":["114","124"],"mode":"bus","angle":-23.6,"extra":1,"ei":3,"l0":"114, ","c0":"#119efc","l1":"124","c1":"#ff5e9b"},"geometry":{"type":"Point","coordinates":[20.653355,53.82196]}},{"type":"Feature","properties":{"lines":"114, 124","arr":["114","124"],"mode":"bus","angle":-27.2,"extra":1,"ei":4,"l0":"114, ","c0":"#119efc","l1":"124","c1":"#ff5e9b"},"geometry":{"type":"Point","coordinates":[20.650495,53.821116]}},{"type":"Feature","properties":{"lines":"114, 124","arr":["114","124"],"mode":"bus","angle":-27.4,"extra":1,"ei":5,"l0":"114, ","c0":"#119efc","l1":"124","c1":"#ff5e9b"},"geometry":{"type":"Point","coordinates":[20.647652,53.820253]}},{"type":"Feature","properties":{"lines":"114","arr":["114"],"mode":"bus","angle":-41.8,"mi":1,"l0":"114","c0":"#119efc"},"geometry":{"type":"Point","coordinates":[20.631693,53.809348]}},{"type":"Feature","properties":{"lines":"114","arr":["114"],"mode":"bus","angle":-63.7,"extra":1,"ei":0,"l0":"114","c0":"#119efc"},"geometry":{"type":"Point","coordinates":[20.639203,53.815352]}},{"type":"Feature","properties":{"lines":"114","arr":["114"],"mode":"bus","angle":-54,"extra":1,"ei":1,"l0":"114","c0":"#119efc"},"geometry":{"type":"Point","coordinates":[20.63747,53.813767]}},{"type":"Feature","properties":{"lines":"114","arr":["114"],"mode":"bus","angle":-53.9,"extra":1,"ei":2,"l0":"114","c0":"#119efc"},"geometry":{"type":"Point","coordinates":[20.635569,53.812249]}},{"type":"Feature","properties":{"lines":"114","arr":["114"],"mode":"bus","angle":-52.7,"extra":1,"ei":3,"l0":"114","c0":"#119efc"},"geometry":{"type":"Point","coordinates":[20.633655,53.810737]}},{"type":"Feature","properties":{"lines":"114","arr":["114"],"mode":"bus","angle":-38.9,"extra":1,"ei":4,"l0":"114","c0":"#119efc"},"geometry":{"type":"Point","coordinates":[20.629173,53.808067]}},{"type":"Feature","properties":{"lines":"114","arr":["114"],"mode":"bus","angle":-39.5,"extra":1,"ei":5,"l0":"114","c0":"#119efc"},"geometry":{"type":"Point","coordinates":[20.62669,53.806878]}},{"type":"Feature","properties":{"lines":"114","arr":["114"],"mode":"bus","angle":-41.7,"extra":1,"ei":6,"l0":"114","c0":"#119efc"},"geometry":{"type":"Point","coordinates":[20.624221,53.805678]}},{"type":"Feature","properties":{"lines":"114","arr":["114"],"mode":"bus","angle":-58.9,"extra":1,"ei":7,"l0":"114","c0":"#119efc"},"geometry":{"type":"Point","coordinates":[20.62218,53.804234]}},{"type":"Feature","properties":{"lines":"114, 124","arr":["114","124"],"mode":"bus","angle":-7,"mi":7,"l0":"114, ","c0":"#119efc","l1":"124","c1":"#ff5e9b"},"geometry":{"type":"Point","coordinates":[20.673775,53.826219]}},{"type":"Feature","properties":{"lines":"114, 124","arr":["114","124"],"mode":"bus","angle":40.6,"l0":"114, ","c0":"#119efc","l1":"124","c1":"#ff5e9b"},"geometry":{"type":"Point","coordinates":[20.642248,53.81835]}},{"type":"Feature","properties":{"lines":"114, 124","arr":["114","124"],"mode":"bus","angle":-63.6,"mi":5,"l0":"114, ","c0":"#119efc","l1":"124","c1":"#ff5e9b"},"geometry":{"type":"Point","coordinates":[20.676422,53.829181]}},{"type":"Feature","properties":{"lines":"114, 124","arr":["114","124"],"mode":"bus","angle":-59,"extra":1,"ei":0,"l0":"114, ","c0":"#119efc","l1":"124","c1":"#ff5e9b"},"geometry":{"type":"Point","coordinates":[20.675123,53.827133]}},{"type":"Feature","properties":{"lines":"114, 124","arr":["114","124"],"mode":"bus","angle":-55.3,"extra":1,"ei":1,"l0":"114, ","c0":"#119efc","l1":"124","c1":"#ff5e9b"},"geometry":{"type":"Point","coordinates":[20.677933,53.830489]}},{"type":"Feature","properties":{"lines":"114, 124","arr":["114","124"],"mode":"bus","angle":14,"mi":1,"l0":"114, ","c0":"#119efc","l1":"124","c1":"#ff5e9b"},"geometry":{"type":"Point","coordinates":[20.690044,53.830316]}},{"type":"Feature","properties":{"lines":"114, 124","arr":["114","124"],"mode":"bus","angle":7.4,"l0":"114, ","c0":"#119efc","l1":"124","c1":"#ff5e9b"},"geometry":{"type":"Point","coordinates":[20.684865,53.830466]}},{"type":"Feature","properties":{"lines":"114, 124","arr":["114","124"],"mode":"bus","angle":22.7,"extra":1,"ei":0,"l0":"114, ","c0":"#119efc","l1":"124","c1":"#ff5e9b"},"geometry":{"type":"Point","coordinates":[20.68075,53.831005]}},{"type":"Feature","properties":{"lines":"114, 124","arr":["114","124"],"mode":"bus","angle":3,"extra":1,"ei":1,"l0":"114, ","c0":"#119efc","l1":"124","c1":"#ff5e9b"},"geometry":{"type":"Point","coordinates":[20.687015,53.830331]}},{"type":"Feature","properties":{"lines":"114, 124","arr":["114","124"],"mode":"bus","angle":15.3,"extra":1,"ei":2,"l0":"114, ","c0":"#119efc","l1":"124","c1":"#ff5e9b"},"geometry":{"type":"Point","coordinates":[20.690165,53.830047]}},{"type":"Feature","properties":{"lines":"114, 124","arr":["114","124"],"mode":"bus","angle":-6.8,"mi":2,"l0":"114, ","c0":"#119efc","l1":"124","c1":"#ff5e9b"},"geometry":{"type":"Point","coordinates":[20.691699,53.83004]}},{"type":"Feature","properties":{"lines":"114, 124","arr":["114","124"],"mode":"bus","angle":-82.9,"mi":3,"l0":"114, ","c0":"#119efc","l1":"124","c1":"#ff5e9b"},"geometry":{"type":"Point","coordinates":[20.693176,53.833337]}},{"type":"Feature","properties":{"lines":"114, 124","arr":["114","124"],"mode":"bus","angle":-84.9,"mi":6,"l0":"114, ","c0":"#119efc","l1":"124","c1":"#ff5e9b"},"geometry":{"type":"Point","coordinates":[20.694646,53.839388]}},{"type":"Feature","properties":{"lines":"114, 124","arr":["114","124"],"mode":"bus","angle":5.3,"mi":4,"l0":"114, ","c0":"#119efc","l1":"124","c1":"#ff5e9b"},"geometry":{"type":"Point","coordinates":[20.694381,53.837751]}},{"type":"Feature","properties":{"lines":"114, 124","arr":["114","124"],"mode":"bus","angle":-89.1,"extra":1,"ei":0,"l0":"114, ","c0":"#119efc","l1":"124","c1":"#ff5e9b"},"geometry":{"type":"Point","coordinates":[20.693064,53.831124]}},{"type":"Feature","properties":{"lines":"114, 124","arr":["114","124"],"mode":"bus","angle":-75.3,"extra":1,"ei":1,"l0":"114, ","c0":"#119efc","l1":"124","c1":"#ff5e9b"},"geometry":{"type":"Point","coordinates":[20.69379,53.834852]}},{"type":"Feature","properties":{"lines":"114","arr":["114"],"mode":"bus","angle":-64,"mi":2,"l0":"114","c0":"#119efc"},"geometry":{"type":"Point","coordinates":[20.640795,53.817355]}},{"type":"Feature","properties":{"lines":"114, 125","arr":["114","125"],"mode":"bus","angle":-46.8,"mi":1,"l0":"114, ","c0":"#119efc","l1":"125","c1":"#e47e2b"},"geometry":{"type":"Point","coordinates":[20.549937,53.780952]}},{"type":"Feature","properties":{"lines":"114, 125","arr":["114","125"],"mode":"bus","angle":-23.8,"l0":"114, ","c0":"#119efc","l1":"125","c1":"#e47e2b"},"geometry":{"type":"Point","coordinates":[20.547375,53.779962]}},{"type":"Feature","properties":{"lines":"114, 125","arr":["114","125"],"mode":"bus","angle":34.7,"mi":2,"l0":"114, ","c0":"#119efc","l1":"125","c1":"#e47e2b"},"geometry":{"type":"Point","coordinates":[20.54088,53.779578]}},{"type":"Feature","properties":{"lines":"114, 125","arr":["114","125"],"mode":"bus","angle":-8.5,"extra":1,"ei":0,"l0":"114, ","c0":"#119efc","l1":"125","c1":"#e47e2b"},"geometry":{"type":"Point","coordinates":[20.544306,53.77899]}},{"type":"Feature","properties":{"lines":"114, 125","arr":["114","125"],"mode":"bus","angle":34.7,"extra":1,"ei":1,"l0":"114, ","c0":"#119efc","l1":"125","c1":"#e47e2b"},"geometry":{"type":"Point","coordinates":[20.538642,53.780494]}},{"type":"Feature","properties":{"lines":"114, 125, 141","arr":["114","125","141"],"mode":"bus","angle":28.2,"l0":"114, ","c0":"#119efc","l1":"125, ","c1":"#e47e2b","l2":"141","c2":"#f661b9"},"geometry":{"type":"Point","coordinates":[20.533757,53.782468]}},{"type":"Feature","properties":{"lines":"114, 125, 304","arr":["114","125","304"],"mode":"bus","angle":-0.4,"l0":"114, ","c0":"#119efc","l1":"125, ","c1":"#e47e2b","l2":"304","c2":"#05617d"},"geometry":{"type":"Point","coordinates":[20.50378,53.781738]}},{"type":"Feature","properties":{"lines":"114, 125, 304","arr":["114","125","304"],"mode":"bus","angle":0.5,"extra":1,"ei":0,"l0":"114, ","c0":"#119efc","l1":"125, ","c1":"#e47e2b","l2":"304","c2":"#05617d"},"geometry":{"type":"Point","coordinates":[20.505774,53.781729]}},{"type":"Feature","properties":{"lines":"115","arr":["115"],"mode":"bus","angle":72,"side":-1,"l0":"115","c0":"#79a620"},"geometry":{"type":"Point","coordinates":[20.498754,53.783606]}},{"type":"Feature","properties":{"lines":"115, 125","arr":["115","125"],"mode":"bus","angle":32.3,"mi":6,"l0":"115, ","c0":"#79a620","l1":"125","c1":"#e47e2b"},"geometry":{"type":"Point","coordinates":[20.598167,53.789662]}},{"type":"Feature","properties":{"lines":"115","arr":["115"],"mode":"bus","angle":0.1,"l0":"115","c0":"#79a620"},"geometry":{"type":"Point","coordinates":[20.594628,53.789828]}},{"type":"Feature","properties":{"lines":"125","arr":["125"],"mode":"bus","angle":-13.6,"l0":"125","c0":"#e47e2b"},"geometry":{"type":"Point","coordinates":[20.595156,53.791212]}},{"type":"Feature","properties":{"lines":"115, 125","arr":["115","125"],"mode":"bus","angle":-4.2,"mi":4,"l0":"115, ","c0":"#79a620","l1":"125","c1":"#e47e2b"},"geometry":{"type":"Point","coordinates":[20.592576,53.790838]}},{"type":"Feature","properties":{"lines":"115, 125","arr":["115","125"],"mode":"bus","angle":78.2,"mi":3,"l0":"115, ","c0":"#79a620","l1":"125","c1":"#e47e2b"},"geometry":{"type":"Point","coordinates":[20.591801,53.791161]}},{"type":"Feature","properties":{"lines":"115, 125","arr":["115","125"],"mode":"bus","angle":4.4,"mi":1,"l0":"115, ","c0":"#79a620","l1":"125","c1":"#e47e2b"},"geometry":{"type":"Point","coordinates":[20.587341,53.791542]}},{"type":"Feature","properties":{"lines":"115, 125","arr":["115","125"],"mode":"bus","angle":0.1,"extra":1,"ei":0,"l0":"115, ","c0":"#79a620","l1":"125","c1":"#e47e2b"},"geometry":{"type":"Point","coordinates":[20.590083,53.7915]}},{"type":"Feature","properties":{"lines":"115, 125","arr":["115","125"],"mode":"bus","angle":-30.5,"extra":1,"ei":1,"l0":"115, ","c0":"#79a620","l1":"125","c1":"#e47e2b"},"geometry":{"type":"Point","coordinates":[20.584162,53.792302]}},{"type":"Feature","properties":{"lines":"115, 125","arr":["115","125"],"mode":"bus","angle":39.8,"l0":"115, ","c0":"#79a620","l1":"125","c1":"#e47e2b"},"geometry":{"type":"Point","coordinates":[20.581614,53.793143]}},{"type":"Feature","properties":{"lines":"115, 125","arr":["115","125"],"mode":"bus","angle":71.2,"mi":2,"l0":"115, ","c0":"#79a620","l1":"125","c1":"#e47e2b"},"geometry":{"type":"Point","coordinates":[20.579394,53.794972]}},{"type":"Feature","properties":{"lines":"115, 125","arr":["115","125"],"mode":"bus","angle":66.7,"mi":5,"l0":"115, ","c0":"#79a620","l1":"125","c1":"#e47e2b"},"geometry":{"type":"Point","coordinates":[20.577781,53.797317]}},{"type":"Feature","properties":{"lines":"115, 125","arr":["115","125"],"mode":"bus","angle":21.2,"mi":7,"l0":"115, ","c0":"#79a620","l1":"125","c1":"#e47e2b"},"geometry":{"type":"Point","coordinates":[20.569792,53.800391]}},{"type":"Feature","properties":{"lines":"115, 125","arr":["115","125"],"mode":"bus","angle":19.4,"extra":1,"ei":0,"l0":"115, ","c0":"#79a620","l1":"125","c1":"#e47e2b"},"geometry":{"type":"Point","coordinates":[20.574901,53.799272]}},{"type":"Feature","properties":{"lines":"115, 125","arr":["115","125"],"mode":"bus","angle":20.7,"extra":1,"ei":1,"l0":"115, ","c0":"#79a620","l1":"125","c1":"#e47e2b"},"geometry":{"type":"Point","coordinates":[20.57191,53.799938]}},{"type":"Feature","properties":{"lines":"115, 125","arr":["115","125"],"mode":"bus","angle":65.5,"extra":1,"ei":2,"l0":"115, ","c0":"#79a620","l1":"125","c1":"#e47e2b"},"geometry":{"type":"Point","coordinates":[20.566666,53.801943]}},{"type":"Feature","properties":{"lines":"115, 124, 125","arr":["115","124","125"],"mode":"bus","angle":-22,"l0":"115, ","c0":"#79a620","l1":"124, ","c1":"#ff5e9b","l2":"125","c2":"#e47e2b"},"geometry":{"type":"Point","coordinates":[20.562108,53.803293]}},{"type":"Feature","properties":{"lines":"115, 124, 125","arr":["115","124","125"],"mode":"bus","angle":-23.9,"extra":1,"ei":0,"l0":"115, ","c0":"#79a620","l1":"124, ","c1":"#ff5e9b","l2":"125","c2":"#e47e2b"},"geometry":{"type":"Point","coordinates":[20.560174,53.802792]}},{"type":"Feature","properties":{"lines":"115, 124, 125","arr":["115","124","125"],"mode":"bus","angle":-44.3,"mi":1,"l0":"115, ","c0":"#79a620","l1":"124, ","c1":"#ff5e9b","l2":"125","c2":"#e47e2b"},"geometry":{"type":"Point","coordinates":[20.550588,53.799067]}},{"type":"Feature","properties":{"lines":"115, 124, 125","arr":["115","124","125"],"mode":"bus","angle":-22.8,"extra":1,"ei":0,"l0":"115, ","c0":"#79a620","l1":"124, ","c1":"#ff5e9b","l2":"125","c2":"#e47e2b"},"geometry":{"type":"Point","coordinates":[20.557239,53.802044]}},{"type":"Feature","properties":{"lines":"115, 124, 125","arr":["115","124","125"],"mode":"bus","angle":-30,"extra":1,"ei":1,"l0":"115, ","c0":"#79a620","l1":"124, ","c1":"#ff5e9b","l2":"125","c2":"#e47e2b"},"geometry":{"type":"Point","coordinates":[20.554306,53.801294]}},{"type":"Feature","properties":{"lines":"115, 124, 125","arr":["115","124","125"],"mode":"bus","angle":-50.1,"extra":1,"ei":2,"l0":"115, ","c0":"#79a620","l1":"124, ","c1":"#ff5e9b","l2":"125","c2":"#e47e2b"},"geometry":{"type":"Point","coordinates":[20.551999,53.800011]}},{"type":"Feature","properties":{"lines":"115, 124, 125","arr":["115","124","125"],"mode":"bus","angle":-23.2,"extra":1,"ei":3,"l0":"115, ","c0":"#79a620","l1":"124, ","c1":"#ff5e9b","l2":"125","c2":"#e47e2b"},"geometry":{"type":"Point","coordinates":[20.546971,53.797773]}},{"type":"Feature","properties":{"lines":"115, 124, 125","arr":["115","124","125"],"mode":"bus","angle":15.9,"extra":1,"ei":4,"l0":"115, ","c0":"#79a620","l1":"124, ","c1":"#ff5e9b","l2":"125","c2":"#e47e2b"},"geometry":{"type":"Point","coordinates":[20.543852,53.797688]}},{"type":"Feature","properties":{"lines":"115, 124, 125, 131, 132","arr":["115","124","125","131","132"],"mode":"bus","angle":28.1,"l0":"115, ","c0":"#79a620","l1":"124, ","c1":"#ff5e9b","l2":"125, ","c2":"#e47e2b","l3":"131, ","c3":"#a72d06","l4":"132","c4":"#ab0377"},"geometry":{"type":"Point","coordinates":[20.500861,53.793181]}},{"type":"Feature","properties":{"lines":"115, 124, 125, 131, 132","arr":["115","124","125","131","132"],"mode":"bus","angle":24.5,"extra":1,"ei":0,"l0":"115, ","c0":"#79a620","l1":"124, ","c1":"#ff5e9b","l2":"125, ","c2":"#e47e2b","l3":"131, ","c3":"#a72d06","l4":"132","c4":"#ab0377"},"geometry":{"type":"Point","coordinates":[20.503332,53.792486]}},{"type":"Feature","properties":{"lines":"115, 124, 125, 131, 132","arr":["115","124","125","131","132"],"mode":"bus","angle":25.5,"extra":1,"ei":1,"l0":"115, ","c0":"#79a620","l1":"124, ","c1":"#ff5e9b","l2":"125, ","c2":"#e47e2b","l3":"131, ","c3":"#a72d06","l4":"132","c4":"#ab0377"},"geometry":{"type":"Point","coordinates":[20.497582,53.794134]}},{"type":"Feature","properties":{"lines":"121","arr":["121"],"mode":"bus","angle":-9.8,"mi":1,"l0":"121","c0":"#1cab97"},"geometry":{"type":"Point","coordinates":[20.479395,53.739471]}},{"type":"Feature","properties":{"lines":"117, 121, 131, 141, N01","arr":["117","121","131","141","N01"],"mode":"bus","angle":-12,"side":-1,"l0":"117, ","c0":"#11a2e3","l1":"121, ","c1":"#1cab97","l2":"131, ","c2":"#a72d06","l3":"141, ","c3":"#f661b9","l4":"N01","c4":"#fe6761"},"geometry":{"type":"Point","coordinates":[20.480781,53.73958]}},{"type":"Feature","properties":{"lines":"117, 121, 131, 136, 141, N01","arr":["117","121","131","136","141","N01"],"mode":"bus","angle":-88.1,"l0":"117, ","c0":"#11a2e3","l1":"121, ","c1":"#1cab97","l2":"131, ","c2":"#a72d06","l3":"136, ","c3":"#e16cd6","l4":"141, ","c4":"#f661b9","l5":"N01","c5":"#fe6761"},"geometry":{"type":"Point","coordinates":[20.482453,53.739823]}},{"type":"Feature","properties":{"lines":"117, 121, 131, 136, 141, N01","arr":["117","121","131","136","141","N01"],"mode":"bus","angle":-6.9,"extra":1,"ei":0,"l0":"117, ","c0":"#11a2e3","l1":"121, ","c1":"#1cab97","l2":"131, ","c2":"#a72d06","l3":"136, ","c3":"#e16cd6","l4":"141, ","c4":"#f661b9","l5":"N01","c5":"#fe6761"},"geometry":{"type":"Point","coordinates":[20.484693,53.739992]}},{"type":"Feature","properties":{"lines":"117, 121, 126, 127, 130, 131, 141, 307","arr":["117","121","126","127","130","131","141","307"],"mode":"bus","angle":6.8,"side":-1,"l0":"117, ","c0":"#11a2e3","l1":"121, ","c1":"#1cab97","l2":"126, ","c2":"#2d8c1b","l3":"127, ","c3":"#05617d","l4":"130, ","c4":"#4d4aba","l5":"131, ","c5":"#a72d06","l6":"141, ","c6":"#f661b9","l7":"307","c7":"#6b5806"},"geometry":{"type":"Point","coordinates":[20.50149,53.741512]}},{"type":"Feature","properties":{"lines":"117, 121, 126, 127, 130, 131, 141, 307","arr":["117","121","126","127","130","131","141","307"],"mode":"bus","angle":-4.2,"side":-1,"mi":2,"l0":"117, ","c0":"#11a2e3","l1":"121, ","c1":"#1cab97","l2":"126, ","c2":"#2d8c1b","l3":"127, ","c3":"#05617d","l4":"130, ","c4":"#4d4aba","l5":"131, ","c5":"#a72d06","l6":"141, ","c6":"#f661b9","l7":"307","c7":"#6b5806"},"geometry":{"type":"Point","coordinates":[20.488302,53.740048]}},{"type":"Feature","properties":{"lines":"117, 121, 126, 127, 130, 131, 141, 307","arr":["117","121","126","127","130","131","141","307"],"mode":"bus","angle":-12.3,"side":-1,"mi":1,"l0":"117, ","c0":"#11a2e3","l1":"121, ","c1":"#1cab97","l2":"126, ","c2":"#2d8c1b","l3":"127, ","c3":"#05617d","l4":"130, ","c4":"#4d4aba","l5":"131, ","c5":"#a72d06","l6":"141, ","c6":"#f661b9","l7":"307","c7":"#6b5806"},"geometry":{"type":"Point","coordinates":[20.508454,53.741842]}},{"type":"Feature","properties":{"lines":"117, 121, 126, 127, 130, 131, 141, 307, N01","arr":["117","121","126","127","130","131","141","307","N01"],"mode":"bus","angle":-5.3,"l0":"117, ","c0":"#11a2e3","l1":"121, ","c1":"#1cab97","l2":"126, ","c2":"#2d8c1b","l3":"127, ","c3":"#05617d","l4":"130, ","c4":"#4d4aba","l5":"131, ","c5":"#a72d06","l6":"141, ","c6":"#f661b9","l7":"307, ","c7":"#6b5806","l8":"N01","c8":"#fe6761"},"geometry":{"type":"Point","coordinates":[20.497614,53.741706]}},{"type":"Feature","properties":{"lines":"117, 121, 126, 127, 130, 131, 141, 307, N01","arr":["117","121","126","127","130","131","141","307","N01"],"mode":"bus","angle":-14.9,"extra":1,"ei":0,"l0":"117, ","c0":"#11a2e3","l1":"121, ","c1":"#1cab97","l2":"126, ","c2":"#2d8c1b","l3":"127, ","c3":"#05617d","l4":"130, ","c4":"#4d4aba","l5":"131, ","c5":"#a72d06","l6":"141, ","c6":"#f661b9","l7":"307, ","c7":"#6b5806","l8":"N01","c8":"#fe6761"},"geometry":{"type":"Point","coordinates":[20.507426,53.74177]}},{"type":"Feature","properties":{"lines":"117, 121, 126, 127, 130, 131, 141, 307, N01","arr":["117","121","126","127","130","131","141","307","N01"],"mode":"bus","angle":-5.1,"extra":1,"ei":1,"l0":"117, ","c0":"#11a2e3","l1":"121, ","c1":"#1cab97","l2":"126, ","c2":"#2d8c1b","l3":"127, ","c3":"#05617d","l4":"130, ","c4":"#4d4aba","l5":"131, ","c5":"#a72d06","l6":"141, ","c6":"#f661b9","l7":"307, ","c7":"#6b5806","l8":"N01","c8":"#fe6761"},"geometry":{"type":"Point","coordinates":[20.504262,53.741501]}},{"type":"Feature","properties":{"lines":"117, 121, 126, 127, 130, 131, 141, 307, N01","arr":["117","121","126","127","130","131","141","307","N01"],"mode":"bus","angle":6.5,"extra":1,"ei":2,"l0":"117, ","c0":"#11a2e3","l1":"121, ","c1":"#1cab97","l2":"126, ","c2":"#2d8c1b","l3":"127, ","c3":"#05617d","l4":"130, ","c4":"#4d4aba","l5":"131, ","c5":"#a72d06","l6":"141, ","c6":"#f661b9","l7":"307, ","c7":"#6b5806","l8":"N01","c8":"#fe6761"},"geometry":{"type":"Point","coordinates":[20.501081,53.741623]}},{"type":"Feature","properties":{"lines":"117, 121, 126, 127, 130, 131, 141, 307, N01","arr":["117","121","126","127","130","131","141","307","N01"],"mode":"bus","angle":-20,"extra":1,"ei":3,"l0":"117, ","c0":"#11a2e3","l1":"121, ","c1":"#1cab97","l2":"126, ","c2":"#2d8c1b","l3":"127, ","c3":"#05617d","l4":"130, ","c4":"#4d4aba","l5":"131, ","c5":"#a72d06","l6":"141, ","c6":"#f661b9","l7":"307, ","c7":"#6b5806","l8":"N01","c8":"#fe6761"},"geometry":{"type":"Point","coordinates":[20.494779,53.741322]}},{"type":"Feature","properties":{"lines":"117, 121, 126, 127, 130, 131, 141, 307, N01","arr":["117","121","126","127","130","131","141","307","N01"],"mode":"bus","angle":-20.7,"extra":1,"ei":4,"l0":"117, ","c0":"#11a2e3","l1":"121, ","c1":"#1cab97","l2":"126, ","c2":"#2d8c1b","l3":"127, ","c3":"#05617d","l4":"130, ","c4":"#4d4aba","l5":"131, ","c5":"#a72d06","l6":"141, ","c6":"#f661b9","l7":"307, ","c7":"#6b5806","l8":"N01","c8":"#fe6761"},"geometry":{"type":"Point","coordinates":[20.491789,53.740654]}},{"type":"Feature","properties":{"lines":"117, 121, 126, 127, 130, 131, 141, 307, N01","arr":["117","121","126","127","130","131","141","307","N01"],"mode":"bus","angle":-7.7,"extra":1,"ei":5,"l0":"117, ","c0":"#11a2e3","l1":"121, ","c1":"#1cab97","l2":"126, ","c2":"#2d8c1b","l3":"127, ","c3":"#05617d","l4":"130, ","c4":"#4d4aba","l5":"131, ","c5":"#a72d06","l6":"141, ","c6":"#f661b9","l7":"307, ","c7":"#6b5806","l8":"N01","c8":"#fe6761"},"geometry":{"type":"Point","coordinates":[20.488718,53.740175]}},{"type":"Feature","properties":{"lines":"117, 121, 126, 131, 132, 141, 205","arr":["117","121","126","131","132","141","205"],"mode":"bus","angle":38.2,"l0":"117, ","c0":"#11a2e3","l1":"121, ","c1":"#1cab97","l2":"126, ","c2":"#2d8c1b","l3":"131, ","c3":"#a72d06","l4":"132, ","c4":"#ab0377","l5":"141, ","c5":"#f661b9","l6":"205","c6":"#9789ff"},"geometry":{"type":"Point","coordinates":[20.506567,53.749122]}},{"type":"Feature","properties":{"lines":"117, 121, 126, 131, 132, 141, 205","arr":["117","121","126","131","132","141","205"],"mode":"bus","angle":79.8,"extra":1,"ei":0,"l0":"117, ","c0":"#11a2e3","l1":"121, ","c1":"#1cab97","l2":"126, ","c2":"#2d8c1b","l3":"131, ","c3":"#a72d06","l4":"132, ","c4":"#ab0377","l5":"141, ","c5":"#f661b9","l6":"205","c6":"#9789ff"},"geometry":{"type":"Point","coordinates":[20.508298,53.744911]}},{"type":"Feature","properties":{"lines":"117, 121, 126, 131, 132, 141, 205","arr":["117","121","126","131","132","141","205"],"mode":"bus","angle":87.8,"extra":1,"ei":1,"l0":"117, ","c0":"#11a2e3","l1":"121, ","c1":"#1cab97","l2":"126, ","c2":"#2d8c1b","l3":"131, ","c3":"#a72d06","l4":"132, ","c4":"#ab0377","l5":"141, ","c5":"#f661b9","l6":"205","c6":"#9789ff"},"geometry":{"type":"Point","coordinates":[20.508148,53.746797]}},{"type":"Feature","properties":{"lines":"117, 121, 126, 131, 132, 141, 205","arr":["117","121","126","131","132","141","205"],"mode":"bus","angle":68.3,"extra":1,"ei":2,"l0":"117, ","c0":"#11a2e3","l1":"121, ","c1":"#1cab97","l2":"126, ","c2":"#2d8c1b","l3":"131, ","c3":"#a72d06","l4":"132, ","c4":"#ab0377","l5":"141, ","c5":"#f661b9","l6":"205","c6":"#9789ff"},"geometry":{"type":"Point","coordinates":[20.503005,53.751238]}},{"type":"Feature","properties":{"lines":"117, 121, 126, 131, 132, 141, 205","arr":["117","121","126","131","132","141","205"],"mode":"bus","angle":-77.9,"side":-1,"extra":1,"ei":3,"l0":"117, ","c0":"#11a2e3","l1":"121, ","c1":"#1cab97","l2":"126, ","c2":"#2d8c1b","l3":"131, ","c3":"#a72d06","l4":"132, ","c4":"#ab0377","l5":"141, ","c5":"#f661b9","l6":"205","c6":"#9789ff"},"geometry":{"type":"Point","coordinates":[20.502762,53.753093]}},{"type":"Feature","properties":{"lines":"117, 126, 131, 132, 141","arr":["117","126","131","132","141"],"mode":"bus","angle":44.3,"l0":"117, ","c0":"#11a2e3","l1":"126, ","c1":"#2d8c1b","l2":"131, ","c2":"#a72d06","l3":"132, ","c3":"#ab0377","l4":"141","c4":"#f661b9"},"geometry":{"type":"Point","coordinates":[20.503759,53.756579]}},{"type":"Feature","properties":{"lines":"117, 126, 131, 132, 141","arr":["117","126","131","132","141"],"mode":"bus","angle":-58.7,"side":-1,"extra":1,"ei":0,"l0":"117, ","c0":"#11a2e3","l1":"126, ","c1":"#2d8c1b","l2":"131, ","c2":"#a72d06","l3":"132, ","c3":"#ab0377","l4":"141","c4":"#f661b9"},"geometry":{"type":"Point","coordinates":[20.503736,53.754425]}},{"type":"Feature","properties":{"lines":"117, 126, 131, 132, 141","arr":["117","126","131","132","141"],"mode":"bus","angle":28.5,"extra":1,"ei":1,"l0":"117, ","c0":"#11a2e3","l1":"126, ","c1":"#2d8c1b","l2":"131, ","c2":"#a72d06","l3":"132, ","c3":"#ab0377","l4":"141","c4":"#f661b9"},"geometry":{"type":"Point","coordinates":[20.50173,53.757285]}},{"type":"Feature","properties":{"lines":"117, 126, 131, 132, 141","arr":["117","126","131","132","141"],"mode":"bus","angle":57.3,"extra":1,"ei":2,"l0":"117, ","c0":"#11a2e3","l1":"126, ","c1":"#2d8c1b","l2":"131, ","c2":"#a72d06","l3":"132, ","c3":"#ab0377","l4":"141","c4":"#f661b9"},"geometry":{"type":"Point","coordinates":[20.499294,53.758472]}},{"type":"Feature","properties":{"lines":"117","arr":["117"],"mode":"bus","angle":-37.8,"l0":"117","c0":"#11a2e3"},"geometry":{"type":"Point","coordinates":[20.492539,53.772887]}},{"type":"Feature","properties":{"lines":"117, 121, 126, 131, 141","arr":["117","121","126","131","141"],"mode":"bus","angle":-85.8,"l0":"117, ","c0":"#11a2e3","l1":"121, ","c1":"#1cab97","l2":"126, ","c2":"#2d8c1b","l3":"131, ","c3":"#a72d06","l4":"141","c4":"#f661b9"},"geometry":{"type":"Point","coordinates":[20.509023,53.742411]}},{"type":"Feature","properties":{"lines":"117, 121, 131, 141","arr":["117","121","131","141"],"mode":"bus","angle":-12.1,"l0":"117, ","c0":"#11a2e3","l1":"121, ","c1":"#1cab97","l2":"131, ","c2":"#a72d06","l3":"141","c3":"#f661b9"},"geometry":{"type":"Point","coordinates":[20.481165,53.739692]}},{"type":"Feature","properties":{"lines":"119, 136","arr":["119","136"],"mode":"bus","angle":-52.9,"l0":"119, ","c0":"#119efc","l1":"136","c1":"#e16cd6"},"geometry":{"type":"Point","coordinates":[20.488231,53.788465]}},{"type":"Feature","properties":{"lines":"119, 136","arr":["119","136"],"mode":"bus","angle":-51.7,"extra":1,"ei":0,"l0":"119, ","c0":"#119efc","l1":"136","c1":"#e16cd6"},"geometry":{"type":"Point","coordinates":[20.486788,53.787348]}},{"type":"Feature","properties":{"lines":"119","arr":["119"],"mode":"bus","angle":24.6,"l0":"119","c0":"#119efc"},"geometry":{"type":"Point","coordinates":[20.488614,53.785834]}},{"type":"Feature","properties":{"lines":"119, N02","arr":["119","N02"],"mode":"bus","angle":-17.7,"l0":"119, ","c0":"#119efc","l1":"N02","c1":"#b20b42"},"geometry":{"type":"Point","coordinates":[20.48395,53.781945]}},{"type":"Feature","properties":{"lines":"119, 128","arr":["119","128"],"mode":"bus","angle":6.5,"side":-1,"l0":"119, ","c0":"#119efc","l1":"128","c1":"#7b3aa8"},"geometry":{"type":"Point","coordinates":[20.468427,53.765784]}},{"type":"Feature","properties":{"lines":"119, 128","arr":["119","128"],"mode":"bus","angle":85.9,"mi":1,"l0":"119, ","c0":"#119efc","l1":"128","c1":"#7b3aa8"},"geometry":{"type":"Point","coordinates":[20.471123,53.760851]}},{"type":"Feature","properties":{"lines":"119, 128","arr":["119","128"],"mode":"bus","angle":-56.9,"extra":1,"ei":0,"l0":"119, ","c0":"#119efc","l1":"128","c1":"#7b3aa8"},"geometry":{"type":"Point","coordinates":[20.468824,53.757062]}},{"type":"Feature","properties":{"lines":"119, 128","arr":["119","128"],"mode":"bus","angle":-40.4,"extra":1,"ei":1,"l0":"119, ","c0":"#119efc","l1":"128","c1":"#7b3aa8"},"geometry":{"type":"Point","coordinates":[20.47013,53.758709]}},{"type":"Feature","properties":{"lines":"119, 128","arr":["119","128"],"mode":"bus","angle":-87.5,"extra":1,"ei":2,"l0":"119, ","c0":"#119efc","l1":"128","c1":"#7b3aa8"},"geometry":{"type":"Point","coordinates":[20.472416,53.763783]}},{"type":"Feature","properties":{"lines":"119, 128","arr":["119","128"],"mode":"bus","angle":-89.8,"extra":1,"ei":3,"l0":"119, ","c0":"#119efc","l1":"128","c1":"#7b3aa8"},"geometry":{"type":"Point","coordinates":[20.47171,53.765605]}},{"type":"Feature","properties":{"lines":"128, 130, 136, 307, N01","arr":["128","130","136","307","N01"],"mode":"bus","angle":22.4,"side":-1,"l0":"128, ","c0":"#7b3aa8","l1":"130, ","c1":"#4d4aba","l2":"136, ","c2":"#e16cd6","l3":"307, ","c3":"#6b5806","l4":"N01","c4":"#fe6761"},"geometry":{"type":"Point","coordinates":[20.472434,53.755521]}},{"type":"Feature","properties":{"lines":"128, 130, 136, 307, N01","arr":["128","130","136","307","N01"],"mode":"bus","angle":10,"side":-1,"extra":1,"ei":0,"l0":"128, ","c0":"#7b3aa8","l1":"130, ","c1":"#4d4aba","l2":"136, ","c2":"#e16cd6","l3":"307, ","c3":"#6b5806","l4":"N01","c4":"#fe6761"},"geometry":{"type":"Point","coordinates":[20.469724,53.755902]}},{"type":"Feature","properties":{"lines":"128, 130, 136, 307, N01","arr":["128","130","136","307","N01"],"mode":"bus","angle":22.2,"side":-1,"extra":1,"ei":1,"l0":"128, ","c0":"#7b3aa8","l1":"130, ","c1":"#4d4aba","l2":"136, ","c2":"#e16cd6","l3":"307, ","c3":"#6b5806","l4":"N01","c4":"#fe6761"},"geometry":{"type":"Point","coordinates":[20.475623,53.754533]}},{"type":"Feature","properties":{"lines":"130, 136, 307, N01","arr":["130","136","307","N01"],"mode":"bus","angle":-24,"side":-1,"l0":"130, ","c0":"#4d4aba","l1":"136, ","c1":"#e16cd6","l2":"307, ","c2":"#6b5806","l3":"N01","c3":"#fe6761"},"geometry":{"type":"Point","coordinates":[20.481451,53.754772]}},{"type":"Feature","properties":{"lines":"130, 136, 307, N01","arr":["130","136","307","N01"],"mode":"bus","angle":-1.5,"side":-1,"extra":1,"ei":0,"l0":"130, ","c0":"#4d4aba","l1":"136, ","c1":"#e16cd6","l2":"307, ","c2":"#6b5806","l3":"N01","c3":"#fe6761"},"geometry":{"type":"Point","coordinates":[20.477975,53.754396]}},{"type":"Feature","properties":{"lines":"130, 136, 307, N01","arr":["130","136","307","N01"],"mode":"bus","angle":-16.8,"side":-1,"extra":1,"ei":1,"l0":"130, ","c0":"#4d4aba","l1":"136, ","c1":"#e16cd6","l2":"307, ","c2":"#6b5806","l3":"N01","c3":"#fe6761"},"geometry":{"type":"Point","coordinates":[20.483935,53.755567]}},{"type":"Feature","properties":{"lines":"119, 130, 136, 307, N01","arr":["119","130","136","307","N01"],"mode":"bus","angle":35.5,"side":-1,"l0":"119, ","c0":"#119efc","l1":"130, ","c1":"#4d4aba","l2":"136, ","c2":"#e16cd6","l3":"307, ","c3":"#6b5806","l4":"N01","c4":"#fe6761"},"geometry":{"type":"Point","coordinates":[20.46492,53.757093]}},{"type":"Feature","properties":{"lines":"119","arr":["119"],"mode":"bus","angle":74,"mi":3,"l0":"119","c0":"#119efc"},"geometry":{"type":"Point","coordinates":[20.457287,53.748064]}},{"type":"Feature","properties":{"lines":"119","arr":["119"],"mode":"bus","angle":58.8,"extra":1,"ei":0,"l0":"119","c0":"#119efc"},"geometry":{"type":"Point","coordinates":[20.455699,53.74981]}},{"type":"Feature","properties":{"lines":"119","arr":["119"],"mode":"bus","angle":-87.8,"extra":1,"ei":1,"l0":"119","c0":"#119efc"},"geometry":{"type":"Point","coordinates":[20.457424,53.746291]}},{"type":"Feature","properties":{"lines":"119","arr":["119"],"mode":"bus","angle":-3.9,"l0":"119","c0":"#119efc"},"geometry":{"type":"Point","coordinates":[20.456585,53.745113]}},{"type":"Feature","properties":{"lines":"119","arr":["119"],"mode":"bus","angle":-17.4,"side":-1,"mi":2,"l0":"119","c0":"#119efc"},"geometry":{"type":"Point","coordinates":[20.481399,53.781434]}},{"type":"Feature","properties":{"lines":"119","arr":["119"],"mode":"bus","angle":26,"mi":1,"l0":"119","c0":"#119efc"},"geometry":{"type":"Point","coordinates":[20.489282,53.787003]}},{"type":"Feature","properties":{"lines":"121","arr":["121"],"mode":"bus","angle":-80.1,"l0":"121","c0":"#1cab97"},"geometry":{"type":"Point","coordinates":[20.479058,53.737202]}},{"type":"Feature","properties":{"lines":"121","arr":["121"],"mode":"bus","angle":79.4,"extra":1,"ei":0,"l0":"121","c0":"#1cab97"},"geometry":{"type":"Point","coordinates":[20.479023,53.73838]}},{"type":"Feature","properties":{"lines":"121, 205","arr":["121","205"],"mode":"bus","angle":16.6,"l0":"121, ","c0":"#1cab97","l1":"205","c1":"#9789ff"},"geometry":{"type":"Point","coordinates":[20.502299,53.753786]}},{"type":"Feature","properties":{"lines":"121, 205, N01","arr":["121","205","N01"],"mode":"bus","angle":9.6,"mi":1,"l0":"121, ","c0":"#1cab97","l1":"205, ","c1":"#9789ff","l2":"N01","c2":"#fe6761"},"geometry":{"type":"Point","coordinates":[20.501752,53.75382]}},{"type":"Feature","properties":{"lines":"121, 128, 141","arr":["121","128","141"],"mode":"bus","angle":11.5,"l0":"121, ","c0":"#1cab97","l1":"128, ","c1":"#7b3aa8","l2":"141","c2":"#f661b9"},"geometry":{"type":"Point","coordinates":[20.523698,53.787165]}},{"type":"Feature","properties":{"lines":"121, 128, 141","arr":["121","128","141"],"mode":"bus","angle":-10.8,"mi":1,"l0":"121, ","c0":"#1cab97","l1":"128, ","c1":"#7b3aa8","l2":"141","c2":"#f661b9"},"geometry":{"type":"Point","coordinates":[20.510966,53.785667]}},{"type":"Feature","properties":{"lines":"121, 128, 141","arr":["121","128","141"],"mode":"bus","angle":-10.8,"extra":1,"ei":0,"l0":"121, ","c0":"#1cab97","l1":"128, ","c1":"#7b3aa8","l2":"141","c2":"#f661b9"},"geometry":{"type":"Point","coordinates":[20.508027,53.785334]}},{"type":"Feature","properties":{"lines":"121, 128, 141","arr":["121","128","141"],"mode":"bus","angle":-10.9,"extra":1,"ei":1,"l0":"121, ","c0":"#1cab97","l1":"128, ","c1":"#7b3aa8","l2":"141","c2":"#f661b9"},"geometry":{"type":"Point","coordinates":[20.514307,53.786045]}},{"type":"Feature","properties":{"lines":"121, 128, 141","arr":["121","128","141"],"mode":"bus","angle":11.7,"extra":1,"ei":0,"l0":"121, ","c0":"#1cab97","l1":"128, ","c1":"#7b3aa8","l2":"141","c2":"#f661b9"},"geometry":{"type":"Point","coordinates":[20.529107,53.786492]}},{"type":"Feature","properties":{"lines":"121, 128, 141","arr":["121","128","141"],"mode":"bus","angle":12.1,"extra":1,"ei":1,"l0":"121, ","c0":"#1cab97","l1":"128, ","c1":"#7b3aa8","l2":"141","c2":"#f661b9"},"geometry":{"type":"Point","coordinates":[20.525978,53.786878]}},{"type":"Feature","properties":{"lines":"121, 128, 141","arr":["121","128","141"],"mode":"bus","angle":-29.2,"extra":1,"ei":2,"l0":"121, ","c0":"#1cab97","l1":"128, ","c1":"#7b3aa8","l2":"141","c2":"#f661b9"},"geometry":{"type":"Point","coordinates":[20.519823,53.786952]}},{"type":"Feature","properties":{"lines":"121, 128, 141","arr":["121","128","141"],"mode":"bus","angle":67,"extra":1,"ei":0,"l0":"121, ","c0":"#1cab97","l1":"128, ","c1":"#7b3aa8","l2":"141","c2":"#f661b9"},"geometry":{"type":"Point","coordinates":[20.516983,53.786352]}},{"type":"Feature","properties":{"lines":"124","arr":["124"],"mode":"bus","angle":-31.7,"l0":"124","c0":"#ff5e9b"},"geometry":{"type":"Point","coordinates":[20.570358,53.807345]}},{"type":"Feature","properties":{"lines":"124","arr":["124"],"mode":"bus","angle":-64.6,"extra":1,"ei":0,"l0":"124","c0":"#ff5e9b"},"geometry":{"type":"Point","coordinates":[20.566527,53.804385]}},{"type":"Feature","properties":{"lines":"124","arr":["124"],"mode":"bus","angle":-66.9,"extra":1,"ei":1,"l0":"124","c0":"#ff5e9b"},"geometry":{"type":"Point","coordinates":[20.567816,53.806113]}},{"type":"Feature","properties":{"lines":"124","arr":["124"],"mode":"bus","angle":-35,"extra":1,"ei":2,"l0":"124","c0":"#ff5e9b"},"geometry":{"type":"Point","coordinates":[20.572812,53.808354]}},{"type":"Feature","properties":{"lines":"124","arr":["124"],"mode":"bus","angle":-34.9,"extra":1,"ei":3,"l0":"124","c0":"#ff5e9b"},"geometry":{"type":"Point","coordinates":[20.57543,53.809438]}},{"type":"Feature","properties":{"lines":"124","arr":["124"],"mode":"bus","angle":-42,"l0":"124","c0":"#ff5e9b"},"geometry":{"type":"Point","coordinates":[20.584771,53.811995]}},{"type":"Feature","properties":{"lines":"124","arr":["124"],"mode":"bus","angle":-31.5,"extra":1,"ei":0,"l0":"124","c0":"#ff5e9b"},"geometry":{"type":"Point","coordinates":[20.578389,53.810659]}},{"type":"Feature","properties":{"lines":"124","arr":["124"],"mode":"bus","angle":-18.1,"extra":1,"ei":1,"l0":"124","c0":"#ff5e9b"},"geometry":{"type":"Point","coordinates":[20.581393,53.811275]}},{"type":"Feature","properties":{"lines":"124","arr":["124"],"mode":"bus","angle":-0.4,"extra":1,"ei":2,"l0":"124","c0":"#ff5e9b"},"geometry":{"type":"Point","coordinates":[20.587322,53.812223]}},{"type":"Feature","properties":{"lines":"124","arr":["124"],"mode":"bus","angle":-1,"extra":1,"ei":3,"l0":"124","c0":"#ff5e9b"},"geometry":{"type":"Point","coordinates":[20.590447,53.812577]}},{"type":"Feature","properties":{"lines":"124","arr":["124"],"mode":"bus","angle":-33.8,"l0":"124","c0":"#ff5e9b"},"geometry":{"type":"Point","coordinates":[20.616116,53.819567]}},{"type":"Feature","properties":{"lines":"124","arr":["124"],"mode":"bus","angle":10.5,"extra":1,"ei":0,"l0":"124","c0":"#ff5e9b"},"geometry":{"type":"Point","coordinates":[20.594525,53.812224]}},{"type":"Feature","properties":{"lines":"124","arr":["124"],"mode":"bus","angle":-22.7,"extra":1,"ei":1,"l0":"124","c0":"#ff5e9b"},"geometry":{"type":"Point","coordinates":[20.597644,53.812241]}},{"type":"Feature","properties":{"lines":"124","arr":["124"],"mode":"bus","angle":-48.5,"extra":1,"ei":2,"l0":"124","c0":"#ff5e9b"},"geometry":{"type":"Point","coordinates":[20.600057,53.81341]}},{"type":"Feature","properties":{"lines":"124","arr":["124"],"mode":"bus","angle":-33.1,"extra":1,"ei":3,"l0":"124","c0":"#ff5e9b"},"geometry":{"type":"Point","coordinates":[20.602831,53.814312]}},{"type":"Feature","properties":{"lines":"124","arr":["124"],"mode":"bus","angle":-47.8,"extra":1,"ei":4,"l0":"124","c0":"#ff5e9b"},"geometry":{"type":"Point","coordinates":[20.605107,53.815633]}},{"type":"Feature","properties":{"lines":"124","arr":["124"],"mode":"bus","angle":-45.3,"extra":1,"ei":5,"l0":"124","c0":"#ff5e9b"},"geometry":{"type":"Point","coordinates":[20.607286,53.817015]}},{"type":"Feature","properties":{"lines":"124","arr":["124"],"mode":"bus","angle":-11,"extra":1,"ei":6,"l0":"124","c0":"#ff5e9b"},"geometry":{"type":"Point","coordinates":[20.609843,53.818096]}},{"type":"Feature","properties":{"lines":"124","arr":["124"],"mode":"bus","angle":-20.1,"extra":1,"ei":7,"l0":"124","c0":"#ff5e9b"},"geometry":{"type":"Point","coordinates":[20.612497,53.818363]}},{"type":"Feature","properties":{"lines":"124","arr":["124"],"mode":"bus","angle":-30.6,"extra":1,"ei":8,"l0":"124","c0":"#ff5e9b"},"geometry":{"type":"Point","coordinates":[20.617961,53.820276]}},{"type":"Feature","properties":{"lines":"124","arr":["124"],"mode":"bus","angle":5.7,"extra":1,"ei":9,"l0":"124","c0":"#ff5e9b"},"geometry":{"type":"Point","coordinates":[20.621035,53.820414]}},{"type":"Feature","properties":{"lines":"124","arr":["124"],"mode":"bus","angle":-22.4,"extra":1,"ei":10,"l0":"124","c0":"#ff5e9b"},"geometry":{"type":"Point","coordinates":[20.62415,53.820749]}},{"type":"Feature","properties":{"lines":"124","arr":["124"],"mode":"bus","angle":11.3,"extra":1,"ei":11,"l0":"124","c0":"#ff5e9b"},"geometry":{"type":"Point","coordinates":[20.627239,53.821049]}},{"type":"Feature","properties":{"lines":"124","arr":["124"],"mode":"bus","angle":-2.7,"extra":1,"ei":12,"l0":"124","c0":"#ff5e9b"},"geometry":{"type":"Point","coordinates":[20.630414,53.820854]}},{"type":"Feature","properties":{"lines":"124","arr":["124"],"mode":"bus","angle":18.9,"extra":1,"ei":13,"l0":"124","c0":"#ff5e9b"},"geometry":{"type":"Point","coordinates":[20.633464,53.821221]}},{"type":"Feature","properties":{"lines":"124","arr":["124"],"mode":"bus","angle":40.3,"extra":1,"ei":14,"l0":"124","c0":"#ff5e9b"},"geometry":{"type":"Point","coordinates":[20.636109,53.820183]}},{"type":"Feature","properties":{"lines":"124","arr":["124"],"mode":"bus","angle":40.2,"extra":1,"ei":15,"l0":"124","c0":"#ff5e9b"},"geometry":{"type":"Point","coordinates":[20.638555,53.818967]}},{"type":"Feature","properties":{"lines":"124","arr":["124"],"mode":"bus","angle":-6,"extra":1,"ei":16,"l0":"124","c0":"#ff5e9b"},"geometry":{"type":"Point","coordinates":[20.641347,53.81851]}},{"type":"Feature","properties":{"lines":"125","arr":["125"],"mode":"bus","angle":78.7,"mi":1,"l0":"125","c0":"#e47e2b"},"geometry":{"type":"Point","coordinates":[20.597368,53.790682]}},{"type":"Feature","properties":{"lines":"126, 136","arr":["126","136"],"mode":"bus","angle":-84.6,"mi":2,"l0":"126, ","c0":"#2d8c1b","l1":"136","c1":"#e16cd6"},"geometry":{"type":"Point","coordinates":[20.472104,53.72136]}},{"type":"Feature","properties":{"lines":"126, 136","arr":["126","136"],"mode":"bus","angle":-46.8,"l0":"126, ","c0":"#2d8c1b","l1":"136","c1":"#e16cd6"},"geometry":{"type":"Point","coordinates":[20.476526,53.727918]}},{"type":"Feature","properties":{"lines":"126, 136","arr":["126","136"],"mode":"bus","angle":-74.3,"extra":1,"ei":0,"l0":"126, ","c0":"#2d8c1b","l1":"136","c1":"#e16cd6"},"geometry":{"type":"Point","coordinates":[20.478408,53.729884]}},{"type":"Feature","properties":{"lines":"126, 136","arr":["126","136"],"mode":"bus","angle":-67.6,"extra":1,"ei":1,"l0":"126, ","c0":"#2d8c1b","l1":"136","c1":"#e16cd6"},"geometry":{"type":"Point","coordinates":[20.475231,53.726653]}},{"type":"Feature","properties":{"lines":"126, 136","arr":["126","136"],"mode":"bus","angle":-80,"extra":1,"ei":0,"l0":"126, ","c0":"#2d8c1b","l1":"136","c1":"#e16cd6"},"geometry":{"type":"Point","coordinates":[20.475011,53.723849]}},{"type":"Feature","properties":{"lines":"126, 136","arr":["126","136"],"mode":"bus","angle":-30.3,"extra":1,"ei":1,"l0":"126, ","c0":"#2d8c1b","l1":"136","c1":"#e16cd6"},"geometry":{"type":"Point","coordinates":[20.473129,53.722419]}},{"type":"Feature","properties":{"lines":"126, 136","arr":["126","136"],"mode":"bus","angle":-79,"extra":1,"ei":2,"l0":"126, ","c0":"#2d8c1b","l1":"136","c1":"#e16cd6"},"geometry":{"type":"Point","coordinates":[20.472462,53.718934]}},{"type":"Feature","properties":{"lines":"126","arr":["126"],"mode":"bus","angle":-24,"side":-1,"l0":"126","c0":"#2d8c1b"},"geometry":{"type":"Point","coordinates":[20.484692,53.731572]}},{"type":"Feature","properties":{"lines":"126","arr":["126"],"mode":"bus","angle":-5,"side":-1,"extra":1,"ei":0,"l0":"126","c0":"#2d8c1b"},"geometry":{"type":"Point","coordinates":[20.480183,53.730813]}},{"type":"Feature","properties":{"lines":"126","arr":["126"],"mode":"bus","angle":-26.6,"side":-1,"extra":1,"ei":1,"l0":"126","c0":"#2d8c1b"},"geometry":{"type":"Point","coordinates":[20.489134,53.732722]}},{"type":"Feature","properties":{"lines":"126","arr":["126"],"mode":"bus","angle":71.7,"mi":1,"l0":"126","c0":"#2d8c1b"},"geometry":{"type":"Point","coordinates":[20.485231,53.736109]}},{"type":"Feature","properties":{"lines":"126","arr":["126"],"mode":"bus","angle":36,"extra":1,"ei":0,"l0":"126","c0":"#2d8c1b"},"geometry":{"type":"Point","coordinates":[20.489063,53.733952]}},{"type":"Feature","properties":{"lines":"126","arr":["126"],"mode":"bus","angle":40.2,"extra":1,"ei":1,"l0":"126","c0":"#2d8c1b"},"geometry":{"type":"Point","coordinates":[20.486488,53.735071]}},{"type":"Feature","properties":{"lines":"126","arr":["126"],"mode":"bus","angle":-64.1,"side":-1,"extra":1,"ei":2,"l0":"126","c0":"#2d8c1b"},"geometry":{"type":"Point","coordinates":[20.486146,53.73843]}},{"type":"Feature","properties":{"lines":"126, 136","arr":["126","136"],"mode":"bus","angle":-83,"mi":1,"l0":"126, ","c0":"#2d8c1b","l1":"136","c1":"#e16cd6"},"geometry":{"type":"Point","coordinates":[20.477654,53.729025]}},{"type":"Feature","properties":{"lines":"205","arr":["205"],"mode":"bus","angle":-32,"side":-1,"mi":3,"l0":"205","c0":"#9789ff"},"geometry":{"type":"Point","coordinates":[20.493012,53.735221]}},{"type":"Feature","properties":{"lines":"127, 205","arr":["127","205"],"mode":"bus","angle":-9.3,"side":-1,"mi":1,"l0":"127, ","c0":"#05617d","l1":"205","c1":"#9789ff"},"geometry":{"type":"Point","coordinates":[20.501411,53.736273]}},{"type":"Feature","properties":{"lines":"127, 205","arr":["127","205"],"mode":"bus","angle":-10.1,"side":-1,"extra":1,"ei":0,"l0":"127, ","c0":"#05617d","l1":"205","c1":"#9789ff"},"geometry":{"type":"Point","coordinates":[20.497421,53.735873]}},{"type":"Feature","properties":{"lines":"127, 205","arr":["127","205"],"mode":"bus","angle":-8.3,"side":-1,"extra":1,"ei":1,"l0":"127, ","c0":"#05617d","l1":"205","c1":"#9789ff"},"geometry":{"type":"Point","coordinates":[20.503729,53.736489]}},{"type":"Feature","properties":{"lines":"127, 205","arr":["127","205"],"mode":"bus","angle":-13.8,"side":-1,"extra":1,"ei":2,"l0":"127, ","c0":"#05617d","l1":"205","c1":"#9789ff"},"geometry":{"type":"Point","coordinates":[20.506871,53.73683]}},{"type":"Feature","properties":{"lines":"127, 205","arr":["127","205"],"mode":"bus","angle":-35.3,"l0":"127, ","c0":"#05617d","l1":"205","c1":"#9789ff"},"geometry":{"type":"Point","coordinates":[20.507857,53.737263]}},{"type":"Feature","properties":{"lines":"127, 205, N01","arr":["127","205","N01"],"mode":"bus","angle":-81.6,"side":-1,"l0":"127, ","c0":"#05617d","l1":"205, ","c1":"#9789ff","l2":"N01","c2":"#fe6761"},"geometry":{"type":"Point","coordinates":[20.509981,53.739649]}},{"type":"Feature","properties":{"lines":"127, 205, N01","arr":["127","205","N01"],"mode":"bus","angle":-67.2,"side":-1,"extra":1,"ei":0,"l0":"127, ","c0":"#05617d","l1":"205, ","c1":"#9789ff","l2":"N01","c2":"#fe6761"},"geometry":{"type":"Point","coordinates":[20.509457,53.73826]}},{"type":"Feature","properties":{"lines":"127, 205, N01","arr":["127","205","N01"],"mode":"bus","angle":72.4,"side":-1,"extra":1,"ei":1,"l0":"127, ","c0":"#05617d","l1":"205, ","c1":"#9789ff","l2":"N01","c2":"#fe6761"},"geometry":{"type":"Point","coordinates":[20.509642,53.741957]}},{"type":"Feature","properties":{"lines":"127, 130, 136, 307, N01","arr":["127","130","136","307","N01"],"mode":"bus","angle":-82.5,"side":-1,"l0":"127, ","c0":"#05617d","l1":"130, ","c1":"#4d4aba","l2":"136, ","c2":"#e16cd6","l3":"307, ","c3":"#6b5806","l4":"N01","c4":"#fe6761"},"geometry":{"type":"Point","coordinates":[20.487069,53.746514]}},{"type":"Feature","properties":{"lines":"127, 130, 136, 307, N01","arr":["127","130","136","307","N01"],"mode":"bus","angle":87.7,"extra":1,"ei":0,"l0":"127, ","c0":"#05617d","l1":"130, ","c1":"#4d4aba","l2":"136, ","c2":"#e16cd6","l3":"307, ","c3":"#6b5806","l4":"N01","c4":"#fe6761"},"geometry":{"type":"Point","coordinates":[20.486522,53.74109]}},{"type":"Feature","properties":{"lines":"127, 130, 136, 307, N01","arr":["127","130","136","307","N01"],"mode":"bus","angle":-88.8,"side":-1,"extra":1,"ei":1,"l0":"127, ","c0":"#05617d","l1":"130, ","c1":"#4d4aba","l2":"136, ","c2":"#e16cd6","l3":"307, ","c3":"#6b5806","l4":"N01","c4":"#fe6761"},"geometry":{"type":"Point","coordinates":[20.486433,53.742978]}},{"type":"Feature","properties":{"lines":"127, 130, 136, 307, N01","arr":["127","130","136","307","N01"],"mode":"bus","angle":-82.7,"side":-1,"extra":1,"ei":2,"l0":"127, ","c0":"#05617d","l1":"130, ","c1":"#4d4aba","l2":"136, ","c2":"#e16cd6","l3":"307, ","c3":"#6b5806","l4":"N01","c4":"#fe6761"},"geometry":{"type":"Point","coordinates":[20.4867,53.744858]}},{"type":"Feature","properties":{"lines":"127, 130, 136, 307, N01","arr":["127","130","136","307","N01"],"mode":"bus","angle":75.2,"extra":1,"ei":3,"l0":"127, ","c0":"#05617d","l1":"130, ","c1":"#4d4aba","l2":"136, ","c2":"#e16cd6","l3":"307, ","c3":"#6b5806","l4":"N01","c4":"#fe6761"},"geometry":{"type":"Point","coordinates":[20.487087,53.748603]}},{"type":"Feature","properties":{"lines":"127, 130, 136, 307, N01","arr":["127","130","136","307","N01"],"mode":"bus","angle":87.1,"extra":1,"ei":4,"l0":"127, ","c0":"#05617d","l1":"130, ","c1":"#4d4aba","l2":"136, ","c2":"#e16cd6","l3":"307, ","c3":"#6b5806","l4":"N01","c4":"#fe6761"},"geometry":{"type":"Point","coordinates":[20.486396,53.750439]}},{"type":"Feature","properties":{"lines":"127, 130, 136, 307, N01","arr":["127","130","136","307","N01"],"mode":"bus","angle":-89.8,"side":-1,"extra":1,"ei":5,"l0":"127, ","c0":"#05617d","l1":"130, ","c1":"#4d4aba","l2":"136, ","c2":"#e16cd6","l3":"307, ","c3":"#6b5806","l4":"N01","c4":"#fe6761"},"geometry":{"type":"Point","coordinates":[20.486323,53.752326]}},{"type":"Feature","properties":{"lines":"127","arr":["127"],"mode":"bus","angle":-85.5,"side":-1,"l0":"127","c0":"#05617d"},"geometry":{"type":"Point","coordinates":[20.486999,53.761207]}},{"type":"Feature","properties":{"lines":"127","arr":["127"],"mode":"bus","angle":-85.1,"side":-1,"extra":1,"ei":0,"l0":"127","c0":"#05617d"},"geometry":{"type":"Point","coordinates":[20.48664,53.756726]}},{"type":"Feature","properties":{"lines":"127","arr":["127"],"mode":"bus","angle":-88.6,"side":-1,"extra":1,"ei":1,"l0":"127","c0":"#05617d"},"geometry":{"type":"Point","coordinates":[20.486862,53.75861]}},{"type":"Feature","properties":{"lines":"127","arr":["127"],"mode":"bus","angle":77.4,"extra":1,"ei":2,"l0":"127","c0":"#05617d"},"geometry":{"type":"Point","coordinates":[20.486847,53.762375]}},{"type":"Feature","properties":{"lines":"127","arr":["127"],"mode":"bus","angle":86.3,"extra":1,"ei":3,"l0":"127","c0":"#05617d"},"geometry":{"type":"Point","coordinates":[20.486106,53.764211]}},{"type":"Feature","properties":{"lines":"127","arr":["127"],"mode":"bus","angle":-48.2,"side":-1,"extra":1,"ei":4,"l0":"127","c0":"#05617d"},"geometry":{"type":"Point","coordinates":[20.487329,53.765895]}},{"type":"Feature","properties":{"lines":"127","arr":["127"],"mode":"bus","angle":75,"side":-1,"mi":1,"l0":"127","c0":"#05617d"},"geometry":{"type":"Point","coordinates":[20.486538,53.7664]}},{"type":"Feature","properties":{"lines":"128","arr":["128"],"mode":"bus","angle":-77.8,"mi":2,"l0":"128","c0":"#7b3aa8"},"geometry":{"type":"Point","coordinates":[20.549505,53.778514]}},{"type":"Feature","properties":{"lines":"128","arr":["128"],"mode":"bus","angle":-7.9,"mi":1,"l0":"128","c0":"#7b3aa8"},"geometry":{"type":"Point","coordinates":[20.549688,53.777338]}},{"type":"Feature","properties":{"lines":"128","arr":["128"],"mode":"bus","angle":-70.5,"mi":1,"l0":"128","c0":"#7b3aa8"},"geometry":{"type":"Point","coordinates":[20.474757,53.750156]}},{"type":"Feature","properties":{"lines":"128","arr":["128"],"mode":"bus","angle":-48.6,"l0":"128","c0":"#7b3aa8"},"geometry":{"type":"Point","coordinates":[20.476331,53.754005]}},{"type":"Feature","properties":{"lines":"128","arr":["128"],"mode":"bus","angle":-62.9,"extra":1,"ei":0,"l0":"128","c0":"#7b3aa8"},"geometry":{"type":"Point","coordinates":[20.472714,53.747427]}},{"type":"Feature","properties":{"lines":"128","arr":["128"],"mode":"bus","angle":-76.1,"extra":1,"ei":1,"l0":"128","c0":"#7b3aa8"},"geometry":{"type":"Point","coordinates":[20.476129,53.752708]}},{"type":"Feature","properties":{"lines":"128, 304","arr":["128","304"],"mode":"bus","angle":31.4,"mi":3,"l0":"128, ","c0":"#7b3aa8","l1":"304","c1":"#05617d"},"geometry":{"type":"Point","coordinates":[20.543781,53.782633]}},{"type":"Feature","properties":{"lines":"128, 304","arr":["128","304"],"mode":"bus","angle":34.9,"l0":"128, ","c0":"#7b3aa8","l1":"304","c1":"#05617d"},"geometry":{"type":"Point","coordinates":[20.548202,53.781054]}},{"type":"Feature","properties":{"lines":"128, 304","arr":["128","304"],"mode":"bus","angle":36.7,"extra":1,"ei":0,"l0":"128, ","c0":"#7b3aa8","l1":"304","c1":"#05617d"},"geometry":{"type":"Point","coordinates":[20.541355,53.783653]}},{"type":"Feature","properties":{"lines":"128, 304","arr":["128","304"],"mode":"bus","angle":71.6,"side":-1,"mi":1,"l0":"128, ","c0":"#7b3aa8","l1":"304","c1":"#05617d"},"geometry":{"type":"Point","coordinates":[20.549732,53.779613]}},{"type":"Feature","properties":{"lines":"128, 304","arr":["128","304"],"mode":"bus","angle":-81.1,"mi":2,"l0":"128, ","c0":"#7b3aa8","l1":"304","c1":"#05617d"},"geometry":{"type":"Point","coordinates":[20.549799,53.77933]}},{"type":"Feature","properties":{"lines":"128","arr":["128"],"mode":"bus","angle":-80.2,"l0":"128","c0":"#7b3aa8"},"geometry":{"type":"Point","coordinates":[20.549251,53.77776]}},{"type":"Feature","properties":{"lines":"132","arr":["132"],"mode":"bus","angle":17,"l0":"132","c0":"#ab0377"},"geometry":{"type":"Point","coordinates":[20.509924,53.742311]}},{"type":"Feature","properties":{"lines":"135","arr":["135"],"mode":"bus","angle":7.3,"mi":2,"l0":"135","c0":"#4d4aba"},"geometry":{"type":"Point","coordinates":[20.511301,53.766351]}},{"type":"Feature","properties":{"lines":"135","arr":["135"],"mode":"bus","angle":-57.9,"mi":5,"l0":"135","c0":"#4d4aba"},"geometry":{"type":"Point","coordinates":[20.504798,53.765772]}},{"type":"Feature","properties":{"lines":"135","arr":["135"],"mode":"bus","angle":79.3,"extra":1,"ei":0,"l0":"135","c0":"#4d4aba"},"geometry":{"type":"Point","coordinates":[20.513905,53.769024]}},{"type":"Feature","properties":{"lines":"135","arr":["135"],"mode":"bus","angle":-65.2,"extra":1,"ei":1,"l0":"135","c0":"#4d4aba"},"geometry":{"type":"Point","coordinates":[20.512872,53.767271]}},{"type":"Feature","properties":{"lines":"135","arr":["135"],"mode":"bus","angle":-24,"extra":1,"ei":2,"l0":"135","c0":"#4d4aba"},"geometry":{"type":"Point","coordinates":[20.507528,53.766405]}},{"type":"Feature","properties":{"lines":"135","arr":["135"],"mode":"bus","angle":-65.6,"mi":1,"l0":"135","c0":"#4d4aba"},"geometry":{"type":"Point","coordinates":[20.483668,53.770947]}},{"type":"Feature","properties":{"lines":"135","arr":["135"],"mode":"bus","angle":-64.1,"mi":3,"l0":"135","c0":"#4d4aba"},"geometry":{"type":"Point","coordinates":[20.485448,53.773988]}},{"type":"Feature","properties":{"lines":"135","arr":["135"],"mode":"bus","angle":25.8,"mi":1,"l0":"135","c0":"#4d4aba"},"geometry":{"type":"Point","coordinates":[20.519333,53.76444]}},{"type":"Feature","properties":{"lines":"135","arr":["135"],"mode":"bus","angle":82.1,"mi":2,"l0":"135","c0":"#4d4aba"},"geometry":{"type":"Point","coordinates":[20.476878,53.773171]}},{"type":"Feature","properties":{"lines":"135","arr":["135"],"mode":"bus","angle":84.8,"l0":"135","c0":"#4d4aba"},"geometry":{"type":"Point","coordinates":[20.468298,53.782406]}},{"type":"Feature","properties":{"lines":"135","arr":["135"],"mode":"bus","angle":59.3,"extra":1,"ei":0,"l0":"135","c0":"#4d4aba"},"geometry":{"type":"Point","coordinates":[20.468518,53.780017]}},{"type":"Feature","properties":{"lines":"135","arr":["135"],"mode":"bus","angle":43.1,"extra":1,"ei":1,"l0":"135","c0":"#4d4aba"},"geometry":{"type":"Point","coordinates":[20.468293,53.783675]}},{"type":"Feature","properties":{"lines":"135","arr":["135"],"mode":"bus","angle":9.4,"extra":1,"ei":2,"l0":"135","c0":"#4d4aba"},"geometry":{"type":"Point","coordinates":[20.465179,53.784067]}},{"type":"Feature","properties":{"lines":"135","arr":["135"],"mode":"bus","angle":82.8,"mi":1,"l0":"135","c0":"#4d4aba"},"geometry":{"type":"Point","coordinates":[20.464814,53.781118]}},{"type":"Feature","properties":{"lines":"135","arr":["135"],"mode":"bus","angle":-77.7,"extra":1,"ei":0,"l0":"135","c0":"#4d4aba"},"geometry":{"type":"Point","coordinates":[20.46453,53.783175]}},{"type":"Feature","properties":{"lines":"135","arr":["135"],"mode":"bus","angle":88.3,"extra":1,"ei":1,"l0":"135","c0":"#4d4aba"},"geometry":{"type":"Point","coordinates":[20.46497,53.779422]}},{"type":"Feature","properties":{"lines":"135","arr":["135"],"mode":"bus","angle":-79.8,"l0":"135","c0":"#4d4aba"},"geometry":{"type":"Point","coordinates":[20.478307,53.773445]}},{"type":"Feature","properties":{"lines":"135","arr":["135"],"mode":"bus","angle":-8.3,"mi":4,"l0":"135","c0":"#4d4aba"},"geometry":{"type":"Point","coordinates":[20.523972,53.766364]}},{"type":"Feature","properties":{"lines":"135","arr":["135"],"mode":"bus","angle":76.4,"extra":1,"ei":0,"l0":"135","c0":"#4d4aba"},"geometry":{"type":"Point","coordinates":[20.519472,53.768826]}},{"type":"Feature","properties":{"lines":"135","arr":["135"],"mode":"bus","angle":25.3,"extra":1,"ei":1,"l0":"135","c0":"#4d4aba"},"geometry":{"type":"Point","coordinates":[20.520943,53.767247]}},{"type":"Feature","properties":{"lines":"135","arr":["135"],"mode":"bus","angle":-48.9,"mi":3,"l0":"135","c0":"#4d4aba"},"geometry":{"type":"Point","coordinates":[20.523554,53.763688]}},{"type":"Feature","properties":{"lines":"135","arr":["135"],"mode":"bus","angle":-58.2,"l0":"135","c0":"#4d4aba"},"geometry":{"type":"Point","coordinates":[20.518485,53.764312]}},{"type":"Feature","properties":{"lines":"135","arr":["135"],"mode":"bus","angle":80.5,"extra":1,"ei":0,"l0":"135","c0":"#4d4aba"},"geometry":{"type":"Point","coordinates":[20.523832,53.765444]}},{"type":"Feature","properties":{"lines":"135","arr":["135"],"mode":"bus","angle":34.1,"extra":1,"ei":1,"l0":"135","c0":"#4d4aba"},"geometry":{"type":"Point","coordinates":[20.520388,53.763556]}},{"type":"Feature","properties":{"lines":"136","arr":["136"],"mode":"bus","angle":-66.3,"l0":"136","c0":"#e16cd6"},"geometry":{"type":"Point","coordinates":[20.480445,53.735536]}},{"type":"Feature","properties":{"lines":"136","arr":["136"],"mode":"bus","angle":-79.5,"extra":1,"ei":0,"l0":"136","c0":"#e16cd6"},"geometry":{"type":"Point","coordinates":[20.479033,53.731866]}},{"type":"Feature","properties":{"lines":"136","arr":["136"],"mode":"bus","angle":-73.8,"extra":1,"ei":1,"l0":"136","c0":"#e16cd6"},"geometry":{"type":"Point","coordinates":[20.479886,53.733683]}},{"type":"Feature","properties":{"lines":"136","arr":["136"],"mode":"bus","angle":-46.8,"extra":1,"ei":2,"l0":"136","c0":"#e16cd6"},"geometry":{"type":"Point","coordinates":[20.482031,53.737142]}},{"type":"Feature","properties":{"lines":"136","arr":["136"],"mode":"bus","angle":77.9,"extra":1,"ei":3,"l0":"136","c0":"#e16cd6"},"geometry":{"type":"Point","coordinates":[20.482771,53.738869]}},{"type":"Feature","properties":{"lines":"136","arr":["136"],"mode":"bus","angle":-34,"l0":"136","c0":"#e16cd6"},"geometry":{"type":"Point","coordinates":[20.484376,53.785918]}},{"type":"Feature","properties":{"lines":"141","arr":["141"],"mode":"bus","angle":-89.3,"l0":"141","c0":"#f661b9"},"geometry":{"type":"Point","coordinates":[20.512416,53.780463]}},{"type":"Feature","properties":{"lines":"141","arr":["141"],"mode":"bus","angle":-59.6,"side":-1,"mi":1,"l0":"141","c0":"#f661b9"},"geometry":{"type":"Point","coordinates":[20.506909,53.784961]}},{"type":"Feature","properties":{"lines":"141","arr":["141"],"mode":"bus","angle":-87.5,"mi":1,"l0":"141","c0":"#f661b9"},"geometry":{"type":"Point","coordinates":[20.531118,53.785865]}},{"type":"Feature","properties":{"lines":"141","arr":["141"],"mode":"bus","angle":-55.4,"l0":"141","c0":"#f661b9"},"geometry":{"type":"Point","coordinates":[20.537983,53.782523]}},{"type":"Feature","properties":{"lines":"141","arr":["141"],"mode":"bus","angle":-54.5,"extra":1,"ei":0,"l0":"141","c0":"#f661b9"},"geometry":{"type":"Point","coordinates":[20.539275,53.783544]}},{"type":"Feature","properties":{"lines":"145","arr":["145"],"mode":"bus","angle":-48.7,"mi":2,"l0":"145","c0":"#e47e2b"},"geometry":{"type":"Point","coordinates":[20.401545,53.802939]}},{"type":"Feature","properties":{"lines":"145","arr":["145"],"mode":"bus","angle":19.2,"mi":1,"l0":"145","c0":"#e47e2b"},"geometry":{"type":"Point","coordinates":[20.399057,53.80154]}},{"type":"Feature","properties":{"lines":"145","arr":["145"],"mode":"bus","angle":3.3,"l0":"145","c0":"#e47e2b"},"geometry":{"type":"Point","coordinates":[20.39304,53.800899]}},{"type":"Feature","properties":{"lines":"145","arr":["145"],"mode":"bus","angle":-17.4,"extra":1,"ei":0,"l0":"145","c0":"#e47e2b"},"geometry":{"type":"Point","coordinates":[20.396682,53.801207]}},{"type":"Feature","properties":{"lines":"145","arr":["145"],"mode":"bus","angle":-23,"extra":1,"ei":1,"l0":"145","c0":"#e47e2b"},"geometry":{"type":"Point","coordinates":[20.39038,53.800787]}},{"type":"Feature","properties":{"lines":"145","arr":["145"],"mode":"bus","angle":20.3,"mi":3,"l0":"145","c0":"#e47e2b"},"geometry":{"type":"Point","coordinates":[20.380898,53.798391]}},{"type":"Feature","properties":{"lines":"145","arr":["145"],"mode":"bus","angle":23.3,"extra":1,"ei":0,"l0":"145","c0":"#e47e2b"},"geometry":{"type":"Point","coordinates":[20.374553,53.799544]}},{"type":"Feature","properties":{"lines":"145","arr":["145"],"mode":"bus","angle":14.3,"extra":1,"ei":1,"l0":"145","c0":"#e47e2b"},"geometry":{"type":"Point","coordinates":[20.377481,53.798791]}},{"type":"Feature","properties":{"lines":"145","arr":["145"],"mode":"bus","angle":-28.9,"extra":1,"ei":2,"l0":"145","c0":"#e47e2b"},"geometry":{"type":"Point","coordinates":[20.383666,53.798374]}},{"type":"Feature","properties":{"lines":"145","arr":["145"],"mode":"bus","angle":-33.9,"extra":1,"ei":3,"l0":"145","c0":"#e47e2b"},"geometry":{"type":"Point","coordinates":[20.386036,53.799613]}},{"type":"Feature","properties":{"lines":"145","arr":["145"],"mode":"bus","angle":81.9,"mi":1,"l0":"145","c0":"#e47e2b"},"geometry":{"type":"Point","coordinates":[20.365454,53.802773]}},{"type":"Feature","properties":{"lines":"145","arr":["145"],"mode":"bus","angle":-29.4,"extra":1,"ei":0,"l0":"145","c0":"#e47e2b"},"geometry":{"type":"Point","coordinates":[20.371534,53.799329]}},{"type":"Feature","properties":{"lines":"145","arr":["145"],"mode":"bus","angle":5.9,"extra":1,"ei":1,"l0":"145","c0":"#e47e2b"},"geometry":{"type":"Point","coordinates":[20.368576,53.798722]}},{"type":"Feature","properties":{"lines":"145","arr":["145"],"mode":"bus","angle":61.6,"extra":1,"ei":2,"l0":"145","c0":"#e47e2b"},"geometry":{"type":"Point","coordinates":[20.365744,53.799527]}},{"type":"Feature","properties":{"lines":"145","arr":["145"],"mode":"bus","angle":88.3,"extra":1,"ei":3,"l0":"145","c0":"#e47e2b"},"geometry":{"type":"Point","coordinates":[20.365544,53.801366]}},{"type":"Feature","properties":{"lines":"145","arr":["145"],"mode":"bus","angle":-65.4,"extra":1,"ei":4,"l0":"145","c0":"#e47e2b"},"geometry":{"type":"Point","coordinates":[20.365897,53.805047]}},{"type":"Feature","properties":{"lines":"145","arr":["145"],"mode":"bus","angle":-51,"extra":1,"ei":5,"l0":"145","c0":"#e47e2b"},"geometry":{"type":"Point","coordinates":[20.367582,53.806646]}},{"type":"Feature","properties":{"lines":"145","arr":["145"],"mode":"bus","angle":-54,"extra":1,"ei":6,"l0":"145","c0":"#e47e2b"},"geometry":{"type":"Point","coordinates":[20.369931,53.807913]}},{"type":"Feature","properties":{"lines":"145","arr":["145"],"mode":"bus","angle":-18,"l0":"145","c0":"#e47e2b"},"geometry":{"type":"Point","coordinates":[20.37171,53.80944]}},{"type":"Feature","properties":{"lines":"145","arr":["145"],"mode":"bus","angle":70,"mi":2,"l0":"145","c0":"#e47e2b"},"geometry":{"type":"Point","coordinates":[20.30112,53.800687]}},{"type":"Feature","properties":{"lines":"145","arr":["145"],"mode":"bus","angle":-74.7,"mi":3,"l0":"145","c0":"#e47e2b"},"geometry":{"type":"Point","coordinates":[20.30002,53.807782]}},{"type":"Feature","properties":{"lines":"145","arr":["145"],"mode":"bus","angle":-74.4,"extra":1,"ei":0,"l0":"145","c0":"#e47e2b"},"geometry":{"type":"Point","coordinates":[20.301083,53.809994]}},{"type":"Feature","properties":{"lines":"145","arr":["145"],"mode":"bus","angle":-74,"extra":1,"ei":1,"l0":"145","c0":"#e47e2b"},"geometry":{"type":"Point","coordinates":[20.299341,53.806359]}},{"type":"Feature","properties":{"lines":"145","arr":["145"],"mode":"bus","angle":-20.1,"l0":"145","c0":"#e47e2b"},"geometry":{"type":"Point","coordinates":[20.334299,53.803822]}},{"type":"Feature","properties":{"lines":"145","arr":["145"],"mode":"bus","angle":-21.2,"extra":1,"ei":0,"l0":"145","c0":"#e47e2b"},"geometry":{"type":"Point","coordinates":[20.299338,53.799632]}},{"type":"Feature","properties":{"lines":"145","arr":["145"],"mode":"bus","angle":-29.4,"extra":1,"ei":1,"l0":"145","c0":"#e47e2b"},"geometry":{"type":"Point","coordinates":[20.302268,53.800379]}},{"type":"Feature","properties":{"lines":"145","arr":["145"],"mode":"bus","angle":-19.3,"extra":1,"ei":2,"l0":"145","c0":"#e47e2b"},"geometry":{"type":"Point","coordinates":[20.305074,53.80128]}},{"type":"Feature","properties":{"lines":"145","arr":["145"],"mode":"bus","angle":30.9,"extra":1,"ei":3,"l0":"145","c0":"#e47e2b"},"geometry":{"type":"Point","coordinates":[20.308167,53.801362]}},{"type":"Feature","properties":{"lines":"145","arr":["145"],"mode":"bus","angle":-25.8,"extra":1,"ei":4,"l0":"145","c0":"#e47e2b"},"geometry":{"type":"Point","coordinates":[20.310972,53.800859]}},{"type":"Feature","properties":{"lines":"145","arr":["145"],"mode":"bus","angle":-1.7,"extra":1,"ei":5,"l0":"145","c0":"#e47e2b"},"geometry":{"type":"Point","coordinates":[20.314062,53.801195]}},{"type":"Feature","properties":{"lines":"145","arr":["145"],"mode":"bus","angle":-1.8,"extra":1,"ei":6,"l0":"145","c0":"#e47e2b"},"geometry":{"type":"Point","coordinates":[20.317182,53.801507]}},{"type":"Feature","properties":{"lines":"145","arr":["145"],"mode":"bus","angle":-6.5,"extra":1,"ei":7,"l0":"145","c0":"#e47e2b"},"geometry":{"type":"Point","coordinates":[20.320331,53.801449]}},{"type":"Feature","properties":{"lines":"145","arr":["145"],"mode":"bus","angle":-19.6,"extra":1,"ei":8,"l0":"145","c0":"#e47e2b"},"geometry":{"type":"Point","coordinates":[20.323489,53.801685]}},{"type":"Feature","properties":{"lines":"145","arr":["145"],"mode":"bus","angle":-11,"extra":1,"ei":9,"l0":"145","c0":"#e47e2b"},"geometry":{"type":"Point","coordinates":[20.326573,53.802165]}},{"type":"Feature","properties":{"lines":"145","arr":["145"],"mode":"bus","angle":-24.1,"extra":1,"ei":10,"l0":"145","c0":"#e47e2b"},"geometry":{"type":"Point","coordinates":[20.32969,53.80256]}},{"type":"Feature","properties":{"lines":"145","arr":["145"],"mode":"bus","angle":-13.1,"extra":1,"ei":11,"l0":"145","c0":"#e47e2b"},"geometry":{"type":"Point","coordinates":[20.338627,53.804545]}},{"type":"Feature","properties":{"lines":"145","arr":["145"],"mode":"bus","angle":-15.6,"extra":1,"ei":12,"l0":"145","c0":"#e47e2b"},"geometry":{"type":"Point","coordinates":[20.341719,53.805024]}},{"type":"Feature","properties":{"lines":"145","arr":["145"],"mode":"bus","angle":-5.5,"extra":1,"ei":13,"l0":"145","c0":"#e47e2b"},"geometry":{"type":"Point","coordinates":[20.344849,53.80538]}},{"type":"Feature","properties":{"lines":"145","arr":["145"],"mode":"bus","angle":-1.6,"extra":1,"ei":14,"l0":"145","c0":"#e47e2b"},"geometry":{"type":"Point","coordinates":[20.348041,53.805477]}},{"type":"Feature","properties":{"lines":"145","arr":["145"],"mode":"bus","angle":-16.5,"extra":1,"ei":15,"l0":"145","c0":"#e47e2b"},"geometry":{"type":"Point","coordinates":[20.351175,53.805787]}},{"type":"Feature","properties":{"lines":"145","arr":["145"],"mode":"bus","angle":-20.1,"extra":1,"ei":16,"l0":"145","c0":"#e47e2b"},"geometry":{"type":"Point","coordinates":[20.354196,53.806404]}},{"type":"Feature","properties":{"lines":"145","arr":["145"],"mode":"bus","angle":-20.1,"extra":1,"ei":17,"l0":"145","c0":"#e47e2b"},"geometry":{"type":"Point","coordinates":[20.357199,53.807052]}},{"type":"Feature","properties":{"lines":"145","arr":["145"],"mode":"bus","angle":-16.5,"extra":1,"ei":18,"l0":"145","c0":"#e47e2b"},"geometry":{"type":"Point","coordinates":[20.360199,53.807702]}},{"type":"Feature","properties":{"lines":"145","arr":["145"],"mode":"bus","angle":-18.6,"extra":1,"ei":19,"l0":"145","c0":"#e47e2b"},"geometry":{"type":"Point","coordinates":[20.363293,53.80817]}},{"type":"Feature","properties":{"lines":"145","arr":["145"],"mode":"bus","angle":-19,"extra":1,"ei":20,"l0":"145","c0":"#e47e2b"},"geometry":{"type":"Point","coordinates":[20.36632,53.808778]}},{"type":"Feature","properties":{"lines":"145","arr":["145"],"mode":"bus","angle":-19.5,"extra":1,"ei":21,"l0":"145","c0":"#e47e2b"},"geometry":{"type":"Point","coordinates":[20.369339,53.809399]}},{"type":"Feature","properties":{"lines":"145","arr":["145"],"mode":"bus","angle":71,"l0":"145","c0":"#e47e2b"},"geometry":{"type":"Point","coordinates":[20.299756,53.803033]}},{"type":"Feature","properties":{"lines":"145","arr":["145"],"mode":"bus","angle":-74.4,"mi":1,"l0":"145","c0":"#e47e2b"},"geometry":{"type":"Point","coordinates":[20.297211,53.801941]}},{"type":"Feature","properties":{"lines":"145","arr":["145"],"mode":"bus","angle":-74,"extra":1,"ei":0,"l0":"145","c0":"#e47e2b"},"geometry":{"type":"Point","coordinates":[20.298077,53.803755]}},{"type":"Feature","properties":{"lines":"145","arr":["145"],"mode":"bus","angle":74.1,"extra":1,"ei":1,"l0":"145","c0":"#e47e2b"},"geometry":{"type":"Point","coordinates":[20.297429,53.8001]}},{"type":"Feature","properties":{"lines":"145","arr":["145"],"mode":"bus","angle":-85.6,"l0":"145","c0":"#e47e2b"},"geometry":{"type":"Point","coordinates":[20.302949,53.817973]}},{"type":"Feature","properties":{"lines":"145","arr":["145"],"mode":"bus","angle":79.8,"extra":1,"ei":0,"l0":"145","c0":"#e47e2b"},"geometry":{"type":"Point","coordinates":[20.305504,53.823865]}},{"type":"Feature","properties":{"lines":"145","arr":["145"],"mode":"bus","angle":-75.3,"extra":1,"ei":1,"l0":"145","c0":"#e47e2b"},"geometry":{"type":"Point","coordinates":[20.305173,53.822002]}},{"type":"Feature","properties":{"lines":"145","arr":["145"],"mode":"bus","angle":-62,"extra":1,"ei":2,"l0":"145","c0":"#e47e2b"},"geometry":{"type":"Point","coordinates":[20.303519,53.820397]}},{"type":"Feature","properties":{"lines":"145","arr":["145"],"mode":"bus","angle":-69.5,"extra":1,"ei":3,"l0":"145","c0":"#e47e2b"},"geometry":{"type":"Point","coordinates":[20.30231,53.81673]}},{"type":"Feature","properties":{"lines":"145","arr":["145"],"mode":"bus","angle":-86.7,"extra":1,"ei":4,"l0":"145","c0":"#e47e2b"},"geometry":{"type":"Point","coordinates":[20.30161,53.814902]}},{"type":"Feature","properties":{"lines":"145","arr":["145"],"mode":"bus","angle":-88.5,"extra":1,"ei":5,"l0":"145","c0":"#e47e2b"},"geometry":{"type":"Point","coordinates":[20.301503,53.813015]}},{"type":"Feature","properties":{"lines":"145","arr":["145"],"mode":"bus","angle":-88.1,"extra":1,"ei":6,"l0":"145","c0":"#e47e2b"},"geometry":{"type":"Point","coordinates":[20.301409,53.811127]}},{"type":"Feature","properties":{"lines":"145","arr":["145"],"mode":"bus","angle":-35.8,"l0":"145","c0":"#e47e2b"},"geometry":{"type":"Point","coordinates":[20.308155,53.826428]}},{"type":"Feature","properties":{"lines":"145","arr":["145"],"mode":"bus","angle":-56.7,"extra":1,"ei":0,"l0":"145","c0":"#e47e2b"},"geometry":{"type":"Point","coordinates":[20.309942,53.827374]}},{"type":"Feature","properties":{"lines":"145","arr":["145"],"mode":"bus","angle":-56.2,"extra":1,"ei":1,"l0":"145","c0":"#e47e2b"},"geometry":{"type":"Point","coordinates":[20.305291,53.824837]}},{"type":"Feature","properties":{"lines":"205","arr":["205"],"mode":"bus","angle":-43.5,"mi":2,"l0":"205","c0":"#9789ff"},"geometry":{"type":"Point","coordinates":[20.49309,53.732565]}},{"type":"Feature","properties":{"lines":"205","arr":["205"],"mode":"bus","angle":39.5,"l0":"205","c0":"#9789ff"},"geometry":{"type":"Point","coordinates":[20.492232,53.733377]}},{"type":"Feature","properties":{"lines":"205","arr":["205"],"mode":"bus","angle":64.6,"l0":"205","c0":"#9789ff"},"geometry":{"type":"Point","coordinates":[20.492905,53.755049]}},{"type":"Feature","properties":{"lines":"205","arr":["205"],"mode":"bus","angle":35.1,"mi":1,"l0":"205","c0":"#9789ff"},"geometry":{"type":"Point","coordinates":[20.491322,53.732831]}},{"type":"Feature","properties":{"lines":"304","arr":["304"],"mode":"bus","angle":-39.8,"l0":"304","c0":"#05617d"},"geometry":{"type":"Point","coordinates":[20.569463,53.780971]}},{"type":"Feature","properties":{"lines":"304","arr":["304"],"mode":"bus","angle":11.1,"extra":1,"ei":0,"l0":"304","c0":"#05617d"},"geometry":{"type":"Point","coordinates":[20.551193,53.778639]}},{"type":"Feature","properties":{"lines":"304","arr":["304"],"mode":"bus","angle":35.3,"extra":1,"ei":1,"l0":"304","c0":"#05617d"},"geometry":{"type":"Point","coordinates":[20.554232,53.778111]}},{"type":"Feature","properties":{"lines":"304","arr":["304"],"mode":"bus","angle":38.9,"extra":1,"ei":2,"l0":"304","c0":"#05617d"},"geometry":{"type":"Point","coordinates":[20.556689,53.776903]}},{"type":"Feature","properties":{"lines":"304","arr":["304"],"mode":"bus","angle":22.1,"extra":1,"ei":3,"l0":"304","c0":"#05617d"},"geometry":{"type":"Point","coordinates":[20.559544,53.776076]}},{"type":"Feature","properties":{"lines":"304","arr":["304"],"mode":"bus","angle":-52.8,"extra":1,"ei":4,"l0":"304","c0":"#05617d"},"geometry":{"type":"Point","coordinates":[20.561887,53.776299]}},{"type":"Feature","properties":{"lines":"304","arr":["304"],"mode":"bus","angle":-41.5,"extra":1,"ei":5,"l0":"304","c0":"#05617d"},"geometry":{"type":"Point","coordinates":[20.564726,53.777088]}},{"type":"Feature","properties":{"lines":"304","arr":["304"],"mode":"bus","angle":-74.8,"extra":1,"ei":6,"l0":"304","c0":"#05617d"},"geometry":{"type":"Point","coordinates":[20.5655,53.778843]}},{"type":"Feature","properties":{"lines":"304","arr":["304"],"mode":"bus","angle":-39.7,"extra":1,"ei":7,"l0":"304","c0":"#05617d"},"geometry":{"type":"Point","coordinates":[20.567761,53.780136]}},{"type":"Feature","properties":{"lines":"304","arr":["304"],"mode":"bus","angle":-39.7,"extra":1,"ei":8,"l0":"304","c0":"#05617d"},"geometry":{"type":"Point","coordinates":[20.572676,53.782552]}},{"type":"Feature","properties":{"lines":"304","arr":["304"],"mode":"bus","angle":-38.9,"extra":1,"ei":9,"l0":"304","c0":"#05617d"},"geometry":{"type":"Point","coordinates":[20.575132,53.783761]}},{"type":"Feature","properties":{"lines":"304","arr":["304"],"mode":"bus","angle":-28.6,"extra":1,"ei":10,"l0":"304","c0":"#05617d"},"geometry":{"type":"Point","coordinates":[20.577786,53.784809]}},{"type":"Feature","properties":{"lines":"304","arr":["304"],"mode":"bus","angle":-17.6,"extra":1,"ei":11,"l0":"304","c0":"#05617d"},"geometry":{"type":"Point","coordinates":[20.58071,53.785564]}},{"type":"Feature","properties":{"lines":"304","arr":["304"],"mode":"bus","angle":-11,"extra":1,"ei":12,"l0":"304","c0":"#05617d"},"geometry":{"type":"Point","coordinates":[20.5838,53.786045]}},{"type":"Feature","properties":{"lines":"304","arr":["304"],"mode":"bus","angle":-1.7,"extra":1,"ei":13,"l0":"304","c0":"#05617d"},"geometry":{"type":"Point","coordinates":[20.586986,53.786185]}},{"type":"Feature","properties":{"lines":"304","arr":["304"],"mode":"bus","angle":0.1,"extra":1,"ei":14,"l0":"304","c0":"#05617d"},"geometry":{"type":"Point","coordinates":[20.590182,53.786187]}},{"type":"Feature","properties":{"lines":"304","arr":["304"],"mode":"bus","angle":-88.7,"l0":"304","c0":"#05617d"},"geometry":{"type":"Point","coordinates":[20.59255,53.787238]}},{"type":"Feature","properties":{"lines":"307","arr":["307"],"mode":"bus","angle":75.3,"l0":"307","c0":"#6b5806"},"geometry":{"type":"Point","coordinates":[20.450695,53.775856]}},{"type":"Feature","properties":{"lines":"307","arr":["307"],"mode":"bus","angle":6,"mi":1,"l0":"307","c0":"#6b5806"},"geometry":{"type":"Point","coordinates":[20.450506,53.777079]}},{"type":"Feature","properties":{"lines":"307","arr":["307"],"mode":"bus","angle":45.3,"mi":2,"l0":"307","c0":"#6b5806"},"geometry":{"type":"Point","coordinates":[20.442556,53.772475]}},{"type":"Feature","properties":{"lines":"N01","arr":["N01"],"mode":"bus","angle":-11.7,"side":-1,"l0":"N01","c0":"#fe6761"},"geometry":{"type":"Point","coordinates":[20.509423,53.742074]}},{"type":"Feature","properties":{"lines":"N02","arr":["N02"],"mode":"bus","angle":83.3,"side":-1,"l0":"N02","c0":"#b20b42"},"geometry":{"type":"Point","coordinates":[20.475625,53.773158]}},{"type":"Feature","properties":{"lines":"N02","arr":["N02"],"mode":"bus","angle":16.9,"l0":"N02","c0":"#b20b42"},"geometry":{"type":"Point","coordinates":[20.422723,53.767462]}},{"type":"Feature","properties":{"lines":"N02","arr":["N02"],"mode":"bus","angle":14.1,"extra":1,"ei":0,"l0":"N02","c0":"#b20b42"},"geometry":{"type":"Point","coordinates":[20.419695,53.768267]}},{"type":"Feature","properties":{"lines":"N02","arr":["N02"],"mode":"bus","angle":-18.2,"extra":1,"ei":1,"l0":"N02","c0":"#b20b42"},"geometry":{"type":"Point","coordinates":[20.42572,53.767693]}},{"type":"Feature","properties":{"lines":"1, 5","arr":["1","5","101","105","107","109","111","113","119","128","135","136","N01","N02"],"mode":"tram","angle":-42.2,"side":-1,"l0":"1, ","c0":"#446303","l1":"5, ","c1":"#0357b2","l2":"101, ","c2":"#1cab97","l3":"105, ","c3":"#8e4604","l4":"107, ","c4":"#c17aef","l5":"109, ","c5":"#126804","l6":"111, ","c6":"#79a620","l7":"113, ","c7":"#03636c","l8":"119, ","c8":"#119efc","l9":"128, ","c9":"#7b3aa8","l10":"135, ","c10":"#4d4aba","l11":"136, ","c11":"#e16cd6","l12":"N01, ","c12":"#fe6761","l13":"N02","c13":"#b20b42"},"geometry":{"type":"Point","coordinates":[20.478196,53.778037]}},{"type":"Feature","properties":{"lines":"1, 5","arr":["1","5","101","105","106","107","109","110","111","113","117","119","128","135","136","N01","N02"],"mode":"tram","angle":5.7,"side":-1,"l0":"1, ","c0":"#446303","l1":"5, ","c1":"#0357b2","l2":"101, ","c2":"#1cab97","l3":"105, ","c3":"#8e4604","l4":"106, ","c4":"#6b5806","l5":"107, ","c5":"#c17aef","l6":"109, ","c6":"#126804","l7":"110, ","c7":"#cf8a11","l8":"111, ","c8":"#79a620","l9":"113, ","c9":"#03636c","l10":"117, ","c10":"#11a2e3","l11":"119, ","c11":"#119efc","l12":"128, ","c12":"#7b3aa8","l13":"135, ","c13":"#4d4aba","l14":"136, ","c14":"#e16cd6","l15":"N01, ","c15":"#fe6761","l16":"N02","c16":"#b20b42"},"geometry":{"type":"Point","coordinates":[20.48024,53.778369]}},{"type":"Feature","properties":{"lines":"1, 5","arr":["1","5","105","106","107","111","113","117","128","N01"],"mode":"tram","angle":24.1,"l0":"1, ","c0":"#446303","l1":"5, ","c1":"#0357b2","l2":"105, ","c2":"#8e4604","l3":"106, ","c3":"#6b5806","l4":"107, ","c4":"#c17aef","l5":"111, ","c5":"#79a620","l6":"113, ","c6":"#03636c","l7":"117, ","c7":"#11a2e3","l8":"128, ","c8":"#7b3aa8","l9":"N01","c9":"#fe6761"},"geometry":{"type":"Point","coordinates":[20.486411,53.776788]}},{"type":"Feature","properties":{"lines":"1, 5","arr":["1","5","101","105","106","107","109","110","111","113","117","128","N01"],"mode":"tram","angle":65.5,"l0":"1, ","c0":"#446303","l1":"5, ","c1":"#0357b2","l2":"101, ","c2":"#1cab97","l3":"105, ","c3":"#8e4604","l4":"106, ","c4":"#6b5806","l5":"107, ","c5":"#c17aef","l6":"109, ","c6":"#126804","l7":"110, ","c7":"#cf8a11","l8":"111, ","c8":"#79a620","l9":"113, ","c9":"#03636c","l10":"117, ","c10":"#11a2e3","l11":"128, ","c11":"#7b3aa8","l12":"N01","c12":"#fe6761"},"geometry":{"type":"Point","coordinates":[20.480767,53.778281]}},{"type":"Feature","properties":{"lines":"1, 5","arr":["1","5","101","105","106","107","109","110","111","113","117","128","N01"],"mode":"tram","angle":24,"extra":1,"ei":0,"l0":"1, ","c0":"#446303","l1":"5, ","c1":"#0357b2","l2":"101, ","c2":"#1cab97","l3":"105, ","c3":"#8e4604","l4":"106, ","c4":"#6b5806","l5":"107, ","c5":"#c17aef","l6":"109, ","c6":"#126804","l7":"110, ","c7":"#cf8a11","l8":"111, ","c8":"#79a620","l9":"113, ","c9":"#03636c","l10":"117, ","c10":"#11a2e3","l11":"128, ","c11":"#7b3aa8","l12":"N01","c12":"#fe6761"},"geometry":{"type":"Point","coordinates":[20.484171,53.77738]}},{"type":"Feature","properties":{"lines":"1, 5","arr":["1","5","105","106","107","111","113","117","128","N01"],"mode":"tram","angle":24.2,"mi":1,"l0":"1, ","c0":"#446303","l1":"5, ","c1":"#0357b2","l2":"105, ","c2":"#8e4604","l3":"106, ","c3":"#6b5806","l4":"107, ","c4":"#c17aef","l5":"111, ","c5":"#79a620","l6":"113, ","c6":"#03636c","l7":"117, ","c7":"#11a2e3","l8":"128, ","c8":"#7b3aa8","l9":"N01","c9":"#fe6761"},"geometry":{"type":"Point","coordinates":[20.486441,53.77681]}},{"type":"Feature","properties":{"lines":"1","arr":["1"],"mode":"tram","angle":62.6,"side":-1,"l0":"1","c0":"#446303"},"geometry":{"type":"Point","coordinates":[20.487503,53.776441]}},{"type":"Feature","properties":{"lines":"1","arr":["1"],"mode":"tram","angle":-6,"l0":"1","c0":"#446303"},"geometry":{"type":"Point","coordinates":[20.502049,53.736654]}},{"type":"Feature","properties":{"lines":"1","arr":["1"],"mode":"tram","angle":65.7,"side":-1,"mi":1,"l0":"1","c0":"#446303"},"geometry":{"type":"Point","coordinates":[20.487595,53.776443]}},{"type":"Feature","properties":{"lines":"1, 2, 3","arr":["1","2","3","105","107","111","N01"],"mode":"tram","angle":-62.3,"mi":1,"l0":"1, ","c0":"#446303","l1":"2, ","c1":"#b11526","l2":"3, ","c2":"#095d97","l3":"105, ","c3":"#8e4604","l4":"107, ","c4":"#c17aef","l5":"111, ","c5":"#79a620","l6":"N01","c6":"#fe6761"},"geometry":{"type":"Point","coordinates":[20.486838,53.775471]}},{"type":"Feature","properties":{"lines":"1, 2, 3","arr":["1","2","3","105","107","111","135","N01"],"mode":"tram","angle":50.2,"l0":"1, ","c0":"#446303","l1":"2, ","c1":"#b11526","l2":"3, ","c2":"#095d97","l3":"105, ","c3":"#8e4604","l4":"107, ","c4":"#c17aef","l5":"111, ","c5":"#79a620","l6":"135, ","c6":"#4d4aba","l7":"N01","c7":"#fe6761"},"geometry":{"type":"Point","coordinates":[20.487581,53.773021]}},{"type":"Feature","properties":{"lines":"1, 2, 3","arr":["1","2","3"],"mode":"tram","angle":77.3,"side":-1,"l0":"1, ","c0":"#446303","l1":"2, ","c1":"#b11526","l2":"3","c2":"#095d97"},"geometry":{"type":"Point","coordinates":[20.489189,53.768541]}},{"type":"Feature","properties":{"lines":"1, 2, 3","arr":["1","2","3"],"mode":"tram","angle":-79.3,"extra":1,"ei":0,"l0":"1, ","c0":"#446303","l1":"2, ","c1":"#b11526","l2":"3","c2":"#095d97"},"geometry":{"type":"Point","coordinates":[20.488786,53.770597]}},{"type":"Feature","properties":{"lines":"1, 2, 3","arr":["1","2","3"],"mode":"tram","angle":-47.7,"extra":1,"ei":1,"l0":"1, ","c0":"#446303","l1":"2, ","c1":"#b11526","l2":"3","c2":"#095d97"},"geometry":{"type":"Point","coordinates":[20.48843,53.767012]}},{"type":"Feature","properties":{"lines":"1, 2, 3","arr":["1","2","3","127"],"mode":"tram","angle":-87.2,"mi":1,"l0":"1, ","c0":"#446303","l1":"2, ","c1":"#b11526","l2":"3, ","c2":"#095d97","l3":"127","c3":"#05617d"},"geometry":{"type":"Point","coordinates":[20.486546,53.761128]}},{"type":"Feature","properties":{"lines":"1, 2, 3","arr":["1","2","3","127"],"mode":"tram","angle":-67.1,"extra":1,"ei":0,"l0":"1, ","c0":"#446303","l1":"2, ","c1":"#b11526","l2":"3, ","c2":"#095d97","l3":"127","c3":"#05617d"},"geometry":{"type":"Point","coordinates":[20.486058,53.765213]}},{"type":"Feature","properties":{"lines":"1, 2, 3","arr":["1","2","3","127"],"mode":"tram","angle":76.9,"side":-1,"extra":1,"ei":1,"l0":"1, ","c0":"#446303","l1":"2, ","c1":"#b11526","l2":"3, ","c2":"#095d97","l3":"127","c3":"#05617d"},"geometry":{"type":"Point","coordinates":[20.486116,53.76337]}},{"type":"Feature","properties":{"lines":"1, 2, 3","arr":["1","2","3","127"],"mode":"tram","angle":-88.6,"extra":1,"ei":2,"l0":"1, ","c0":"#446303","l1":"2, ","c1":"#b11526","l2":"3, ","c2":"#095d97","l3":"127","c3":"#05617d"},"geometry":{"type":"Point","coordinates":[20.486399,53.759627]}},{"type":"Feature","properties":{"lines":"1, 2, 3","arr":["1","2","3","127"],"mode":"tram","angle":-85.5,"extra":1,"ei":3,"l0":"1, ","c0":"#446303","l1":"2, ","c1":"#b11526","l2":"3, ","c2":"#095d97","l3":"127","c3":"#05617d"},"geometry":{"type":"Point","coordinates":[20.486296,53.75774]}},{"type":"Feature","properties":{"lines":"1, 2, 3","arr":["1","2","3","127"],"mode":"tram","angle":-87.4,"l0":"1, ","c0":"#446303","l1":"2, ","c1":"#b11526","l2":"3, ","c2":"#095d97","l3":"127","c3":"#05617d"},"geometry":{"type":"Point","coordinates":[20.486605,53.761121]}},{"type":"Feature","properties":{"lines":"1, 2, 3","arr":["1","2","3","127"],"mode":"tram","angle":-84.2,"extra":1,"ei":0,"l0":"1, ","c0":"#446303","l1":"2, ","c1":"#b11526","l2":"3, ","c2":"#095d97","l3":"127","c3":"#05617d"},"geometry":{"type":"Point","coordinates":[20.48625,53.757071]}},{"type":"Feature","properties":{"lines":"1, 2, 3","arr":["1","2","3","127"],"mode":"tram","angle":-89.4,"extra":1,"ei":1,"l0":"1, ","c0":"#446303","l1":"2, ","c1":"#b11526","l2":"3, ","c2":"#095d97","l3":"127","c3":"#05617d"},"geometry":{"type":"Point","coordinates":[20.48645,53.758955]}},{"type":"Feature","properties":{"lines":"1, 2, 3","arr":["1","2","3","127"],"mode":"tram","angle":76.8,"side":-1,"extra":1,"ei":2,"l0":"1, ","c0":"#446303","l1":"2, ","c1":"#b11526","l2":"3, ","c2":"#095d97","l3":"127","c3":"#05617d"},"geometry":{"type":"Point","coordinates":[20.486421,53.762714]}},{"type":"Feature","properties":{"lines":"1, 2, 3","arr":["1","2","3","127"],"mode":"tram","angle":-85.6,"extra":1,"ei":3,"l0":"1, ","c0":"#446303","l1":"2, ","c1":"#b11526","l2":"3, ","c2":"#095d97","l3":"127","c3":"#05617d"},"geometry":{"type":"Point","coordinates":[20.485836,53.764564]}},{"type":"Feature","properties":{"lines":"1, 2, 3","arr":["1","2","3"],"mode":"tram","angle":75.9,"mi":1,"l0":"1, ","c0":"#446303","l1":"2, ","c1":"#b11526","l2":"3","c2":"#095d97"},"geometry":{"type":"Point","coordinates":[20.489193,53.768684]}},{"type":"Feature","properties":{"lines":"1, 2, 3","arr":["1","2","3"],"mode":"tram","angle":-47.6,"extra":1,"ei":0,"l0":"1, ","c0":"#446303","l1":"2, ","c1":"#b11526","l2":"3","c2":"#095d97"},"geometry":{"type":"Point","coordinates":[20.487916,53.766626]}},{"type":"Feature","properties":{"lines":"1, 2, 3","arr":["1","2","3"],"mode":"tram","angle":-89.3,"side":-1,"extra":1,"ei":1,"l0":"1, ","c0":"#446303","l1":"2, ","c1":"#b11526","l2":"3","c2":"#095d97"},"geometry":{"type":"Point","coordinates":[20.488768,53.770081]}},{"type":"Feature","properties":{"lines":"1, 2, 3","arr":["1","2","3","105","107","111","135","N01"],"mode":"tram","angle":67.1,"mi":2,"l0":"1, ","c0":"#446303","l1":"2, ","c1":"#b11526","l2":"3, ","c2":"#095d97","l3":"105, ","c3":"#8e4604","l4":"107, ","c4":"#c17aef","l5":"111, ","c5":"#79a620","l6":"135, ","c6":"#4d4aba","l7":"N01","c7":"#fe6761"},"geometry":{"type":"Point","coordinates":[20.486576,53.7741]}},{"type":"Feature","properties":{"lines":"1, 2, 3","arr":["1","2","3","105","107","111","N01"],"mode":"tram","angle":-62.3,"l0":"1, ","c0":"#446303","l1":"2, ","c1":"#b11526","l2":"3, ","c2":"#095d97","l3":"105, ","c3":"#8e4604","l4":"107, ","c4":"#c17aef","l5":"111, ","c5":"#79a620","l6":"N01","c6":"#fe6761"},"geometry":{"type":"Point","coordinates":[20.486893,53.775457]}},{"type":"Feature","properties":{"lines":"1, 2","arr":["1","2","111","121","127","130","136","205","307","N01"],"mode":"tram","angle":-88.4,"mi":1,"l0":"1, ","c0":"#446303","l1":"2, ","c1":"#b11526","l2":"111, ","c2":"#79a620","l3":"121, ","c3":"#1cab97","l4":"127, ","c4":"#05617d","l5":"130, ","c5":"#4d4aba","l6":"136, ","c6":"#e16cd6","l7":"205, ","c7":"#9789ff","l8":"307, ","c8":"#6b5806","l9":"N01","c9":"#fe6761"},"geometry":{"type":"Point","coordinates":[20.485842,53.754407]}},{"type":"Feature","properties":{"lines":"1, 2","arr":["1","2","111","121","127","130","136","205","307","N01"],"mode":"tram","angle":89.6,"side":-1,"extra":1,"ei":0,"l0":"1, ","c0":"#446303","l1":"2, ","c1":"#b11526","l2":"111, ","c2":"#79a620","l3":"121, ","c3":"#1cab97","l4":"127, ","c4":"#05617d","l5":"130, ","c5":"#4d4aba","l6":"136, ","c6":"#e16cd6","l7":"205, ","c7":"#9789ff","l8":"307, ","c8":"#6b5806","l9":"N01","c9":"#fe6761"},"geometry":{"type":"Point","coordinates":[20.48584,53.753204]}},{"type":"Feature","properties":{"lines":"1, 2","arr":["1","2","127","130","136","307"],"mode":"tram","angle":-83.1,"l0":"1, ","c0":"#446303","l1":"2, ","c1":"#b11526","l2":"127, ","c2":"#05617d","l3":"130, ","c3":"#4d4aba","l4":"136, ","c4":"#e16cd6","l5":"307","c5":"#6b5806"},"geometry":{"type":"Point","coordinates":[20.486596,53.746438]}},{"type":"Feature","properties":{"lines":"1, 2","arr":["1","2","127","130","136","307"],"mode":"tram","angle":88.5,"side":-1,"extra":1,"ei":0,"l0":"1, ","c0":"#446303","l1":"2, ","c1":"#b11526","l2":"127, ","c2":"#05617d","l3":"130, ","c3":"#4d4aba","l4":"136, ","c4":"#e16cd6","l5":"307","c5":"#6b5806"},"geometry":{"type":"Point","coordinates":[20.48591,53.751834]}},{"type":"Feature","properties":{"lines":"1, 2","arr":["1","2","127","130","136","307"],"mode":"tram","angle":81.5,"side":-1,"extra":1,"ei":1,"l0":"1, ","c0":"#446303","l1":"2, ","c1":"#b11526","l2":"127, ","c2":"#05617d","l3":"130, ","c3":"#4d4aba","l4":"136, ","c4":"#e16cd6","l5":"307","c5":"#6b5806"},"geometry":{"type":"Point","coordinates":[20.486033,53.749948]}},{"type":"Feature","properties":{"lines":"1, 2","arr":["1","2","127","130","136","307"],"mode":"tram","angle":83.7,"side":-1,"extra":1,"ei":2,"l0":"1, ","c0":"#446303","l1":"2, ","c1":"#b11526","l2":"127, ","c2":"#05617d","l3":"130, ","c3":"#4d4aba","l4":"136, ","c4":"#e16cd6","l5":"307","c5":"#6b5806"},"geometry":{"type":"Point","coordinates":[20.48678,53.748115]}},{"type":"Feature","properties":{"lines":"1, 2","arr":["1","2","127","130","136","307"],"mode":"tram","angle":-82,"extra":1,"ei":3,"l0":"1, ","c0":"#446303","l1":"2, ","c1":"#b11526","l2":"127, ","c2":"#05617d","l3":"130, ","c3":"#4d4aba","l4":"136, ","c4":"#e16cd6","l5":"307","c5":"#6b5806"},"geometry":{"type":"Point","coordinates":[20.486269,53.744356]}},{"type":"Feature","properties":{"lines":"1, 2","arr":["1","2","127","130","136","307"],"mode":"tram","angle":-88.4,"extra":1,"ei":4,"l0":"1, ","c0":"#446303","l1":"2, ","c1":"#b11526","l2":"127, ","c2":"#05617d","l3":"130, ","c3":"#4d4aba","l4":"136, ","c4":"#e16cd6","l5":"307","c5":"#6b5806"},"geometry":{"type":"Point","coordinates":[20.486034,53.742476]}},{"type":"Feature","properties":{"lines":"1, 2","arr":["1","2","127","130","136","307"],"mode":"tram","angle":89.1,"side":-1,"extra":1,"ei":5,"l0":"1, ","c0":"#446303","l1":"2, ","c1":"#b11526","l2":"127, ","c2":"#05617d","l3":"130, ","c3":"#4d4aba","l4":"136, ","c4":"#e16cd6","l5":"307","c5":"#6b5806"},"geometry":{"type":"Point","coordinates":[20.486037,53.740587]}},{"type":"Feature","properties":{"lines":"1, 2","arr":["1","2","126"],"mode":"tram","angle":83.5,"side":-1,"mi":1,"l0":"1, ","c0":"#446303","l1":"2, ","c1":"#b11526","l2":"126","c2":"#2d8c1b"},"geometry":{"type":"Point","coordinates":[20.484702,53.736511]}},{"type":"Feature","properties":{"lines":"1, 2","arr":["1","2","126"],"mode":"tram","angle":-84.2,"extra":1,"ei":0,"l0":"1, ","c0":"#446303","l1":"2, ","c1":"#b11526","l2":"126","c2":"#2d8c1b"},"geometry":{"type":"Point","coordinates":[20.486068,53.739104]}},{"type":"Feature","properties":{"lines":"1, 2","arr":["1","2","126"],"mode":"tram","angle":36.1,"side":-1,"extra":1,"ei":1,"l0":"1, ","c0":"#446303","l1":"2, ","c1":"#b11526","l2":"126","c2":"#2d8c1b"},"geometry":{"type":"Point","coordinates":[20.487599,53.734309]}},{"type":"Feature","properties":{"lines":"1, 2","arr":["1","2"],"mode":"tram","angle":34,"side":-1,"mi":2,"l0":"1, ","c0":"#446303","l1":"2","c1":"#b11526"},"geometry":{"type":"Point","coordinates":[20.489046,53.733548]}},{"type":"Feature","properties":{"lines":"1, 2","arr":["1","2","205"],"mode":"tram","angle":-41.7,"l0":"1, ","c0":"#446303","l1":"2, ","c1":"#b11526","l2":"205","c2":"#9789ff"},"geometry":{"type":"Point","coordinates":[20.492305,53.735109]}},{"type":"Feature","properties":{"lines":"1, 2","arr":["1","2","205"],"mode":"tram","angle":-52.7,"extra":1,"ei":0,"l0":"1, ","c0":"#446303","l1":"2, ","c1":"#b11526","l2":"205","c2":"#9789ff"},"geometry":{"type":"Point","coordinates":[20.491006,53.7342]}},{"type":"Feature","properties":{"lines":"1, 2","arr":["1","2","127","205"],"mode":"tram","angle":-10.1,"l0":"1, ","c0":"#446303","l1":"2, ","c1":"#b11526","l2":"127, ","c2":"#05617d","l3":"205","c3":"#9789ff"},"geometry":{"type":"Point","coordinates":[20.498593,53.736261]}},{"type":"Feature","properties":{"lines":"1, 2","arr":["1","2"],"mode":"tram","angle":-9.9,"mi":1,"l0":"1, ","c0":"#446303","l1":"2","c1":"#b11526"},"geometry":{"type":"Point","coordinates":[20.502142,53.736628]}},{"type":"Feature","properties":{"lines":"1, 2","arr":["1","2"],"mode":"tram","angle":-9.9,"l0":"1, ","c0":"#446303","l1":"2","c1":"#b11526"},"geometry":{"type":"Point","coordinates":[20.498905,53.73633]}},{"type":"Feature","properties":{"lines":"1, 2","arr":["1","2"],"mode":"tram","angle":-13.8,"extra":1,"ei":0,"l0":"1, ","c0":"#446303","l1":"2","c1":"#b11526"},"geometry":{"type":"Point","coordinates":[20.49691,53.736093]}},{"type":"Feature","properties":{"lines":"1, 2","arr":["1","2","205"],"mode":"tram","angle":-35.6,"mi":1,"l0":"1, ","c0":"#446303","l1":"2, ","c1":"#b11526","l2":"205","c2":"#9789ff"},"geometry":{"type":"Point","coordinates":[20.492624,53.735297]}},{"type":"Feature","properties":{"lines":"1, 2","arr":["1","2","205"],"mode":"tram","angle":-15.8,"extra":1,"ei":0,"l0":"1, ","c0":"#446303","l1":"2, ","c1":"#b11526","l2":"205","c2":"#9789ff"},"geometry":{"type":"Point","coordinates":[20.494638,53.735815]}},{"type":"Feature","properties":{"lines":"1, 2","arr":["1","2","126"],"mode":"tram","angle":70.5,"side":-1,"l0":"1, ","c0":"#446303","l1":"2, ","c1":"#b11526","l2":"126","c2":"#2d8c1b"},"geometry":{"type":"Point","coordinates":[20.484961,53.736015]}},{"type":"Feature","properties":{"lines":"1, 2","arr":["1","2","126"],"mode":"tram","angle":44.6,"side":-1,"extra":1,"ei":0,"l0":"1, ","c0":"#446303","l1":"2, ","c1":"#b11526","l2":"126","c2":"#2d8c1b"},"geometry":{"type":"Point","coordinates":[20.488741,53.733782]}},{"type":"Feature","properties":{"lines":"1, 2","arr":["1","2","126"],"mode":"tram","angle":40.5,"side":-1,"extra":1,"ei":1,"l0":"1, ","c0":"#446303","l1":"2, ","c1":"#b11526","l2":"126","c2":"#2d8c1b"},"geometry":{"type":"Point","coordinates":[20.486212,53.734932]}},{"type":"Feature","properties":{"lines":"1, 2","arr":["1","2","126"],"mode":"tram","angle":-61.5,"extra":1,"ei":2,"l0":"1, ","c0":"#446303","l1":"2, ","c1":"#b11526","l2":"126","c2":"#2d8c1b"},"geometry":{"type":"Point","coordinates":[20.485654,53.738337]}},{"type":"Feature","properties":{"lines":"1, 2","arr":["1","2","127","130","136","307"],"mode":"tram","angle":-83.2,"mi":1,"l0":"1, ","c0":"#446303","l1":"2, ","c1":"#b11526","l2":"127, ","c2":"#05617d","l3":"130, ","c3":"#4d4aba","l4":"136, ","c4":"#e16cd6","l5":"307","c5":"#6b5806"},"geometry":{"type":"Point","coordinates":[20.486666,53.746488]}},{"type":"Feature","properties":{"lines":"1, 2","arr":["1","2","127","130","136","307"],"mode":"tram","angle":89.2,"side":-1,"extra":1,"ei":0,"l0":"1, ","c0":"#446303","l1":"2, ","c1":"#b11526","l2":"127, ","c2":"#05617d","l3":"130, ","c3":"#4d4aba","l4":"136, ","c4":"#e16cd6","l5":"307","c5":"#6b5806"},"geometry":{"type":"Point","coordinates":[20.48608,53.741155]}},{"type":"Feature","properties":{"lines":"1, 2","arr":["1","2","127","130","136","307"],"mode":"tram","angle":-87.9,"extra":1,"ei":1,"l0":"1, ","c0":"#446303","l1":"2, ","c1":"#b11526","l2":"127, ","c2":"#05617d","l3":"130, ","c3":"#4d4aba","l4":"136, ","c4":"#e16cd6","l5":"307","c5":"#6b5806"},"geometry":{"type":"Point","coordinates":[20.486124,53.743043]}},{"type":"Feature","properties":{"lines":"1, 2","arr":["1","2","127","130","136","307"],"mode":"tram","angle":-85.2,"extra":1,"ei":2,"l0":"1, ","c0":"#446303","l1":"2, ","c1":"#b11526","l2":"127, ","c2":"#05617d","l3":"130, ","c3":"#4d4aba","l4":"136, ","c4":"#e16cd6","l5":"307","c5":"#6b5806"},"geometry":{"type":"Point","coordinates":[20.486426,53.744921]}},{"type":"Feature","properties":{"lines":"1, 2","arr":["1","2","127","130","136","307"],"mode":"tram","angle":74.8,"side":-1,"extra":1,"ei":3,"l0":"1, ","c0":"#446303","l1":"2, ","c1":"#b11526","l2":"127, ","c2":"#05617d","l3":"130, ","c3":"#4d4aba","l4":"136, ","c4":"#e16cd6","l5":"307","c5":"#6b5806"},"geometry":{"type":"Point","coordinates":[20.48666,53.748673]}},{"type":"Feature","properties":{"lines":"1, 2","arr":["1","2","127","130","136","307"],"mode":"tram","angle":87.4,"side":-1,"extra":1,"ei":4,"l0":"1, ","c0":"#446303","l1":"2, ","c1":"#b11526","l2":"127, ","c2":"#05617d","l3":"130, ","c3":"#4d4aba","l4":"136, ","c4":"#e16cd6","l5":"307","c5":"#6b5806"},"geometry":{"type":"Point","coordinates":[20.486002,53.750513]}},{"type":"Feature","properties":{"lines":"1, 2","arr":["1","2","127","130","136","307"],"mode":"tram","angle":87.2,"side":-1,"extra":1,"ei":5,"l0":"1, ","c0":"#446303","l1":"2, ","c1":"#b11526","l2":"127, ","c2":"#05617d","l3":"130, ","c3":"#4d4aba","l4":"136, ","c4":"#e16cd6","l5":"307","c5":"#6b5806"},"geometry":{"type":"Point","coordinates":[20.485925,53.752401]}},{"type":"Feature","properties":{"lines":"1, 2","arr":["1","2","111","121","127","130","136","205","307","N01"],"mode":"tram","angle":-88.3,"l0":"1, ","c0":"#446303","l1":"2, ","c1":"#b11526","l2":"111, ","c2":"#79a620","l3":"121, ","c3":"#1cab97","l4":"127, ","c4":"#05617d","l5":"130, ","c5":"#4d4aba","l6":"136, ","c6":"#e16cd6","l7":"205, ","c7":"#9789ff","l8":"307, ","c8":"#6b5806","l9":"N01","c9":"#fe6761"},"geometry":{"type":"Point","coordinates":[20.485905,53.754425]}},{"type":"Feature","properties":{"lines":"1, 2, 3","arr":["1","2","3","105","107","111","135","N01"],"mode":"tram","angle":49.9,"mi":1,"l0":"1, ","c0":"#446303","l1":"2, ","c1":"#b11526","l2":"3, ","c2":"#095d97","l3":"105, ","c3":"#8e4604","l4":"107, ","c4":"#c17aef","l5":"111, ","c5":"#79a620","l6":"135, ","c6":"#4d4aba","l7":"N01","c7":"#fe6761"},"geometry":{"type":"Point","coordinates":[20.488109,53.772692]}},{"type":"Feature","properties":{"lines":"2, 3, 4","arr":["2","3","4","101","103","106","107","114","115","121","126","128","131","132","304","N01"],"mode":"tram","angle":-39.5,"l0":"2, ","c0":"#b11526","l1":"3, ","c1":"#095d97","l2":"4, ","c2":"#126804","l3":"101, ","c3":"#1cab97","l4":"103, ","c4":"#b59607","l5":"106, ","c5":"#6b5806","l6":"107, ","c6":"#c17aef","l7":"114, ","c7":"#119efc","l8":"115, ","c8":"#79a620","l9":"121, ","c9":"#1cab97","l10":"126, ","c10":"#2d8c1b","l11":"128, ","c11":"#7b3aa8","l12":"131, ","c12":"#a72d06","l13":"132, ","c13":"#ab0377","l14":"304, ","c14":"#05617d","l15":"N01","c15":"#fe6761"},"geometry":{"type":"Point","coordinates":[20.49618,53.783673]}},{"type":"Feature","properties":{"lines":"2, 3, 4","arr":["2","3","4"],"mode":"tram","angle":-52.2,"mi":2,"l0":"2, ","c0":"#b11526","l1":"3, ","c1":"#095d97","l2":"4","c2":"#126804"},"geometry":{"type":"Point","coordinates":[20.493254,53.782]}},{"type":"Feature","properties":{"lines":"2, 3, 4","arr":["2","3","4","109"],"mode":"tram","angle":-53.6,"mi":1,"l0":"2, ","c0":"#b11526","l1":"3, ","c1":"#095d97","l2":"4, ","c2":"#126804","l3":"109","c3":"#126804"},"geometry":{"type":"Point","coordinates":[20.491264,53.780494]}},{"type":"Feature","properties":{"lines":"2, 3, 4","arr":["2","3","4","110"],"mode":"tram","angle":-65,"l0":"2, ","c0":"#b11526","l1":"3, ","c1":"#095d97","l2":"4, ","c2":"#126804","l3":"110","c3":"#cf8a11"},"geometry":{"type":"Point","coordinates":[20.48969,53.778957]}},{"type":"Feature","properties":{"lines":"2, 3, 4","arr":["2","3","4"],"mode":"tram","angle":-65.6,"l0":"2, ","c0":"#b11526","l1":"3, ","c1":"#095d97","l2":"4","c2":"#126804"},"geometry":{"type":"Point","coordinates":[20.488573,53.777516]}},{"type":"Feature","properties":{"lines":"2, 3, 4","arr":["2","3","4"],"mode":"tram","angle":-65.5,"mi":3,"l0":"2, ","c0":"#b11526","l1":"3, ","c1":"#095d97","l2":"4","c2":"#126804"},"geometry":{"type":"Point","coordinates":[20.488549,53.777418]}},{"type":"Feature","properties":{"lines":"2, 3, 4","arr":["2","3","4","110"],"mode":"tram","angle":-64.9,"side":-1,"mi":1,"l0":"2, ","c0":"#b11526","l1":"3, ","c1":"#095d97","l2":"4, ","c2":"#126804","l3":"110","c3":"#cf8a11"},"geometry":{"type":"Point","coordinates":[20.489696,53.778901]}},{"type":"Feature","properties":{"lines":"2, 3, 4","arr":["2","3","4","109"],"mode":"tram","angle":-54.8,"side":-1,"l0":"2, ","c0":"#b11526","l1":"3, ","c1":"#095d97","l2":"4, ","c2":"#126804","l3":"109","c3":"#126804"},"geometry":{"type":"Point","coordinates":[20.491264,53.78044]}},{"type":"Feature","properties":{"lines":"2, 3, 4","arr":["2","3","4"],"mode":"tram","angle":-52.2,"mi":1,"l0":"2, ","c0":"#b11526","l1":"3, ","c1":"#095d97","l2":"4","c2":"#126804"},"geometry":{"type":"Point","coordinates":[20.493248,53.781949]}},{"type":"Feature","properties":{"lines":"2, 3, 4","arr":["2","3","4","101","103","106","107","114","115","121","126","128","131","132","304","N01"],"mode":"tram","angle":-39.4,"side":-1,"mi":1,"l0":"2, ","c0":"#b11526","l1":"3, ","c1":"#095d97","l2":"4, ","c2":"#126804","l3":"101, ","c3":"#1cab97","l4":"103, ","c4":"#b59607","l5":"106, ","c5":"#6b5806","l6":"107, ","c6":"#c17aef","l7":"114, ","c7":"#119efc","l8":"115, ","c8":"#79a620","l9":"121, ","c9":"#1cab97","l10":"126, ","c10":"#2d8c1b","l11":"128, ","c11":"#7b3aa8","l12":"131, ","c12":"#a72d06","l13":"132, ","c13":"#ab0377","l14":"304, ","c14":"#05617d","l15":"N01","c15":"#fe6761"},"geometry":{"type":"Point","coordinates":[20.496147,53.78362]}},{"type":"Feature","properties":{"lines":"2, 3, 4","arr":["2","3","4","101","103","106","107","114","115","121","126","128","131","132","304","N01"],"mode":"tram","angle":-8.2,"side":-1,"extra":1,"ei":0,"l0":"2, ","c0":"#b11526","l1":"3, ","c1":"#095d97","l2":"4, ","c2":"#126804","l3":"101, ","c3":"#1cab97","l4":"103, ","c4":"#b59607","l5":"106, ","c5":"#6b5806","l6":"107, ","c6":"#c17aef","l7":"114, ","c7":"#119efc","l8":"115, ","c8":"#79a620","l9":"121, ","c9":"#1cab97","l10":"126, ","c10":"#2d8c1b","l11":"128, ","c11":"#7b3aa8","l12":"131, ","c12":"#a72d06","l13":"132, ","c13":"#ab0377","l14":"304, ","c14":"#05617d","l15":"N01","c15":"#fe6761"},"geometry":{"type":"Point","coordinates":[20.498043,53.784267]}},{"type":"Feature","properties":{"lines":"2, 3","arr":["2","3"],"mode":"tram","angle":-62.3,"l0":"2, ","c0":"#b11526","l1":"3","c1":"#095d97"},"geometry":{"type":"Point","coordinates":[20.487714,53.776454]}},{"type":"Feature","properties":{"lines":"2, 3","arr":["2","3"],"mode":"tram","angle":-62.2,"side":-1,"mi":1,"l0":"2, ","c0":"#b11526","l1":"3","c1":"#095d97"},"geometry":{"type":"Point","coordinates":[20.487777,53.776432]}},{"type":"Feature","properties":{"lines":"2","arr":["2"],"mode":"tram","angle":-17.8,"l0":"2","c0":"#b11526"},"geometry":{"type":"Point","coordinates":[20.502225,53.736731]}},{"type":"Feature","properties":{"lines":"3","arr":["3","130","136","307","N01"],"mode":"tram","angle":-29.4,"l0":"3, ","c0":"#095d97","l1":"130, ","c1":"#4d4aba","l2":"136, ","c2":"#e16cd6","l3":"307, ","c3":"#6b5806","l4":"N01","c4":"#fe6761"},"geometry":{"type":"Point","coordinates":[20.481653,53.75502]}},{"type":"Feature","properties":{"lines":"3","arr":["3","130","136","307","N01"],"mode":"tram","angle":-3.2,"extra":1,"ei":0,"l0":"3, ","c0":"#095d97","l1":"130, ","c1":"#4d4aba","l2":"136, ","c2":"#e16cd6","l3":"307, ","c3":"#6b5806","l4":"N01","c4":"#fe6761"},"geometry":{"type":"Point","coordinates":[20.484673,53.755924]}},{"type":"Feature","properties":{"lines":"3","arr":["3","130","136","307","N01"],"mode":"tram","angle":-5.5,"extra":1,"ei":1,"l0":"3, ","c0":"#095d97","l1":"130, ","c1":"#4d4aba","l2":"136, ","c2":"#e16cd6","l3":"307, ","c3":"#6b5806","l4":"N01","c4":"#fe6761"},"geometry":{"type":"Point","coordinates":[20.478809,53.754598]}},{"type":"Feature","properties":{"lines":"3","arr":["3","128","130","136","307","N01"],"mode":"tram","angle":27.1,"l0":"3, ","c0":"#095d97","l1":"128, ","c1":"#7b3aa8","l2":"130, ","c2":"#4d4aba","l3":"136, ","c3":"#e16cd6","l4":"307, ","c4":"#6b5806","l5":"N01","c5":"#fe6761"},"geometry":{"type":"Point","coordinates":[20.47337,53.755443]}},{"type":"Feature","properties":{"lines":"3","arr":["3","128","130","136","307","N01"],"mode":"tram","angle":27.3,"extra":1,"ei":0,"l0":"3, ","c0":"#095d97","l1":"128, ","c1":"#7b3aa8","l2":"130, ","c2":"#4d4aba","l3":"136, ","c3":"#e16cd6","l4":"307, ","c4":"#6b5806","l5":"N01","c5":"#fe6761"},"geometry":{"type":"Point","coordinates":[20.475225,53.754879]}},{"type":"Feature","properties":{"lines":"3","arr":["3","119","130","136","307","N01"],"mode":"tram","angle":36,"l0":"3, ","c0":"#095d97","l1":"119, ","c1":"#119efc","l2":"130, ","c2":"#4d4aba","l3":"136, ","c3":"#e16cd6","l4":"307, ","c4":"#6b5806","l5":"N01","c5":"#fe6761"},"geometry":{"type":"Point","coordinates":[20.465384,53.75711]}},{"type":"Feature","properties":{"lines":"3","arr":["3","128","130","136","307","N01"],"mode":"tram","angle":8.5,"mi":1,"l0":"3, ","c0":"#095d97","l1":"128, ","c1":"#7b3aa8","l2":"130, ","c2":"#4d4aba","l3":"136, ","c3":"#e16cd6","l4":"307, ","c4":"#6b5806","l5":"N01","c5":"#fe6761"},"geometry":{"type":"Point","coordinates":[20.468903,53.756247]}},{"type":"Feature","properties":{"lines":"4","arr":["4"],"mode":"tram","angle":78.4,"l0":"4","c0":"#126804"},"geometry":{"type":"Point","coordinates":[20.487829,53.776475]}},{"type":"Feature","properties":{"lines":"4","arr":["4"],"mode":"tram","angle":72.1,"mi":1,"l0":"4","c0":"#126804"},"geometry":{"type":"Point","coordinates":[20.487921,53.776458]}},{"type":"Feature","properties":{"lines":"4, 5","arr":["4","5","106","113","117","128"],"mode":"tram","angle":21.5,"mi":1,"l0":"4, ","c0":"#126804","l1":"5, ","c1":"#0357b2","l2":"106, ","c2":"#6b5806","l3":"113, ","c3":"#03636c","l4":"117, ","c4":"#11a2e3","l5":"128","c5":"#7b3aa8"},"geometry":{"type":"Point","coordinates":[20.491449,53.775417]}},{"type":"Feature","properties":{"lines":"4, 5","arr":["4","5","106","113","117","128"],"mode":"tram","angle":25.5,"extra":1,"ei":0,"l0":"4, ","c0":"#126804","l1":"5, ","c1":"#0357b2","l2":"106, ","c2":"#6b5806","l3":"113, ","c3":"#03636c","l4":"117, ","c4":"#11a2e3","l5":"128","c5":"#7b3aa8"},"geometry":{"type":"Point","coordinates":[20.489503,53.775898]}},{"type":"Feature","properties":{"lines":"4, 5","arr":["4","5","106","113","128"],"mode":"tram","angle":26.1,"l0":"4, ","c0":"#126804","l1":"5, ","c1":"#0357b2","l2":"106, ","c2":"#6b5806","l3":"113, ","c3":"#03636c","l4":"128","c4":"#7b3aa8"},"geometry":{"type":"Point","coordinates":[20.497583,53.773747]}},{"type":"Feature","properties":{"lines":"4, 5","arr":["4","5","106","113","126","128","132"],"mode":"tram","angle":25.1,"l0":"4, ","c0":"#126804","l1":"5, ","c1":"#0357b2","l2":"106, ","c2":"#6b5806","l3":"113, ","c3":"#03636c","l4":"126, ","c4":"#2d8c1b","l5":"128, ","c5":"#7b3aa8","l6":"132","c6":"#ab0377"},"geometry":{"type":"Point","coordinates":[20.500687,53.772892]}},{"type":"Feature","properties":{"lines":"4, 5","arr":["4","5","113","126","132"],"mode":"tram","angle":24.6,"side":-1,"l0":"4, ","c0":"#126804","l1":"5, ","c1":"#0357b2","l2":"113, ","c2":"#03636c","l3":"126, ","c3":"#2d8c1b","l4":"132","c4":"#ab0377"},"geometry":{"type":"Point","coordinates":[20.504979,53.771681]}},{"type":"Feature","properties":{"lines":"4, 5","arr":["4","5","113","126","132"],"mode":"tram","angle":27.5,"side":-1,"extra":1,"ei":0,"l0":"4, ","c0":"#126804","l1":"5, ","c1":"#0357b2","l2":"113, ","c2":"#03636c","l3":"126, ","c3":"#2d8c1b","l4":"132","c4":"#ab0377"},"geometry":{"type":"Point","coordinates":[20.502464,53.772377]}},{"type":"Feature","properties":{"lines":"4, 5","arr":["4","5","113","126","132"],"mode":"tram","angle":30.1,"extra":1,"ei":1,"l0":"4, ","c0":"#126804","l1":"5, ","c1":"#0357b2","l2":"113, ","c2":"#03636c","l3":"126, ","c3":"#2d8c1b","l4":"132","c4":"#ab0377"},"geometry":{"type":"Point","coordinates":[20.508308,53.770849]}},{"type":"Feature","properties":{"lines":"4, 5","arr":["4","5","113","121","126","132","141"],"mode":"tram","angle":-54.3,"l0":"4, ","c0":"#126804","l1":"5, ","c1":"#0357b2","l2":"113, ","c2":"#03636c","l3":"121, ","c3":"#1cab97","l4":"126, ","c4":"#2d8c1b","l5":"132, ","c5":"#ab0377","l6":"141","c6":"#f661b9"},"geometry":{"type":"Point","coordinates":[20.506631,53.768256]}},{"type":"Feature","properties":{"lines":"4, 5","arr":["4","5","113","121","126","132","141"],"mode":"tram","angle":-63.4,"extra":1,"ei":0,"l0":"4, ","c0":"#126804","l1":"5, ","c1":"#0357b2","l2":"113, ","c2":"#03636c","l3":"121, ","c3":"#1cab97","l4":"126, ","c4":"#2d8c1b","l5":"132, ","c5":"#ab0377","l6":"141","c6":"#f661b9"},"geometry":{"type":"Point","coordinates":[20.508009,53.769679]}},{"type":"Feature","properties":{"lines":"4, 5","arr":["4","5","113","121","126","132","141"],"mode":"tram","angle":-51.1,"extra":1,"ei":1,"l0":"4, ","c0":"#126804","l1":"5, ","c1":"#0357b2","l2":"113, ","c2":"#03636c","l3":"121, ","c3":"#1cab97","l4":"126, ","c4":"#2d8c1b","l5":"132, ","c5":"#ab0377","l6":"141","c6":"#f661b9"},"geometry":{"type":"Point","coordinates":[20.504417,53.766568]}},{"type":"Feature","properties":{"lines":"4, 5","arr":["4","5","111","113","117","121","126","131","132","141"],"mode":"tram","angle":-59.8,"l0":"4, ","c0":"#126804","l1":"5, ","c1":"#0357b2","l2":"111, ","c2":"#79a620","l3":"113, ","c3":"#03636c","l4":"117, ","c4":"#11a2e3","l5":"121, ","c5":"#1cab97","l6":"126, ","c6":"#2d8c1b","l7":"131, ","c7":"#a72d06","l8":"132, ","c8":"#ab0377","l9":"141","c9":"#f661b9"},"geometry":{"type":"Point","coordinates":[20.502171,53.764628]}},{"type":"Feature","properties":{"lines":"4, 5","arr":["4","5","111","117","121","126","131","132","141"],"mode":"tram","angle":82.6,"side":-1,"mi":1,"l0":"4, ","c0":"#126804","l1":"5, ","c1":"#0357b2","l2":"111, ","c2":"#79a620","l3":"117, ","c3":"#11a2e3","l4":"121, ","c4":"#1cab97","l5":"126, ","c5":"#2d8c1b","l6":"131, ","c6":"#a72d06","l7":"132, ","c7":"#ab0377","l8":"141","c8":"#f661b9"},"geometry":{"type":"Point","coordinates":[20.499736,53.760826]}},{"type":"Feature","properties":{"lines":"4, 5","arr":["4","5","111","117","121","126","131","132","141"],"mode":"tram","angle":-71.9,"extra":1,"ei":0,"l0":"4, ","c0":"#126804","l1":"5, ","c1":"#0357b2","l2":"111, ","c2":"#79a620","l3":"117, ","c3":"#11a2e3","l4":"121, ","c4":"#1cab97","l5":"126, ","c5":"#2d8c1b","l6":"131, ","c6":"#a72d06","l7":"132, ","c7":"#ab0377","l8":"141","c8":"#f661b9"},"geometry":{"type":"Point","coordinates":[20.499897,53.762113]}},{"type":"Feature","properties":{"lines":"4, 5","arr":["4","5"],"mode":"tram","angle":77.7,"l0":"4, ","c0":"#126804","l1":"5","c1":"#0357b2"},"geometry":{"type":"Point","coordinates":[20.499738,53.758393]}},{"type":"Feature","properties":{"lines":"4, 5","arr":["4","5","117","126","131","132","141"],"mode":"tram","angle":39.7,"side":-1,"mi":1,"l0":"4, ","c0":"#126804","l1":"5, ","c1":"#0357b2","l2":"117, ","c2":"#11a2e3","l3":"126, ","c3":"#2d8c1b","l4":"131, ","c4":"#a72d06","l5":"132, ","c5":"#ab0377","l6":"141","c6":"#f661b9"},"geometry":{"type":"Point","coordinates":[20.503391,53.75648]}},{"type":"Feature","properties":{"lines":"4, 5","arr":["4","5","117","126","131","132","141"],"mode":"tram","angle":35,"side":-1,"extra":1,"ei":0,"l0":"4, ","c0":"#126804","l1":"5, ","c1":"#0357b2","l2":"117, ","c2":"#11a2e3","l3":"126, ","c3":"#2d8c1b","l4":"131, ","c4":"#a72d06","l5":"132, ","c5":"#ab0377","l6":"141","c6":"#f661b9"},"geometry":{"type":"Point","coordinates":[20.500662,53.757413]}},{"type":"Feature","properties":{"lines":"4, 5","arr":["4","5","117","126","131","132","141"],"mode":"tram","angle":-57.7,"extra":1,"ei":1,"l0":"4, ","c0":"#126804","l1":"5, ","c1":"#0357b2","l2":"117, ","c2":"#11a2e3","l3":"126, ","c3":"#2d8c1b","l4":"131, ","c4":"#a72d06","l5":"132, ","c5":"#ab0377","l6":"141","c6":"#f661b9"},"geometry":{"type":"Point","coordinates":[20.503651,53.754764]}},{"type":"Feature","properties":{"lines":"4, 5","arr":["4","5"],"mode":"tram","angle":-72.8,"mi":2,"l0":"4, ","c0":"#126804","l1":"5","c1":"#0357b2"},"geometry":{"type":"Point","coordinates":[20.502454,53.753618]}},{"type":"Feature","properties":{"lines":"4, 5","arr":["4","5","117","121","126","131","132","141","205","N01"],"mode":"tram","angle":61.8,"side":-1,"mi":1,"l0":"4, ","c0":"#126804","l1":"5, ","c1":"#0357b2","l2":"117, ","c2":"#11a2e3","l3":"121, ","c3":"#1cab97","l4":"126, ","c4":"#2d8c1b","l5":"131, ","c5":"#a72d06","l6":"132, ","c6":"#ab0377","l7":"141, ","c7":"#f661b9","l8":"205, ","c8":"#9789ff","l9":"N01","c9":"#fe6761"},"geometry":{"type":"Point","coordinates":[20.507265,53.748324]}},{"type":"Feature","properties":{"lines":"4, 5","arr":["4","5","117","121","126","131","132","141","205","N01"],"mode":"tram","angle":86.2,"side":-1,"extra":1,"ei":0,"l0":"4, ","c0":"#126804","l1":"5, ","c1":"#0357b2","l2":"117, ","c2":"#11a2e3","l3":"121, ","c3":"#1cab97","l4":"126, ","c4":"#2d8c1b","l5":"131, ","c5":"#a72d06","l6":"132, ","c6":"#ab0377","l7":"141, ","c7":"#f661b9","l8":"205, ","c8":"#9789ff","l9":"N01","c9":"#fe6761"},"geometry":{"type":"Point","coordinates":[20.502269,53.752232]}},{"type":"Feature","properties":{"lines":"4, 5","arr":["4","5","117","121","126","131","132","141","205","N01"],"mode":"tram","angle":57.8,"side":-1,"extra":1,"ei":1,"l0":"4, ","c0":"#126804","l1":"5, ","c1":"#0357b2","l2":"117, ","c2":"#11a2e3","l3":"121, ","c3":"#1cab97","l4":"126, ","c4":"#2d8c1b","l5":"131, ","c5":"#a72d06","l6":"132, ","c6":"#ab0377","l7":"141, ","c7":"#f661b9","l8":"205, ","c8":"#9789ff","l9":"N01","c9":"#fe6761"},"geometry":{"type":"Point","coordinates":[20.503283,53.750463]}},{"type":"Feature","properties":{"lines":"4, 5","arr":["4","5","117","121","126","131","132","141","205","N01"],"mode":"tram","angle":32,"side":-1,"extra":1,"ei":2,"l0":"4, ","c0":"#126804","l1":"5, ","c1":"#0357b2","l2":"117, ","c2":"#11a2e3","l3":"121, ","c3":"#1cab97","l4":"126, ","c4":"#2d8c1b","l5":"131, ","c5":"#a72d06","l6":"132, ","c6":"#ab0377","l7":"141, ","c7":"#f661b9","l8":"205, ","c8":"#9789ff","l9":"N01","c9":"#fe6761"},"geometry":{"type":"Point","coordinates":[20.505613,53.749226]}},{"type":"Feature","properties":{"lines":"4, 5","arr":["4","5","117","121","126","131","132","141","205","N01"],"mode":"tram","angle":88.1,"side":-1,"extra":1,"ei":3,"l0":"4, ","c0":"#126804","l1":"5, ","c1":"#0357b2","l2":"117, ","c2":"#11a2e3","l3":"121, ","c3":"#1cab97","l4":"126, ","c4":"#2d8c1b","l5":"131, ","c5":"#a72d06","l6":"132, ","c6":"#ab0377","l7":"141, ","c7":"#f661b9","l8":"205, ","c8":"#9789ff","l9":"N01","c9":"#fe6761"},"geometry":{"type":"Point","coordinates":[20.507733,53.745934]}},{"type":"Feature","properties":{"lines":"4, 5","arr":["4","5","117","121","126","131","132","141","205","N01"],"mode":"tram","angle":75.9,"side":-1,"extra":1,"ei":4,"l0":"4, ","c0":"#126804","l1":"5, ","c1":"#0357b2","l2":"117, ","c2":"#11a2e3","l3":"121, ","c3":"#1cab97","l4":"126, ","c4":"#2d8c1b","l5":"131, ","c5":"#a72d06","l6":"132, ","c6":"#ab0377","l7":"141, ","c7":"#f661b9","l8":"205, ","c8":"#9789ff","l9":"N01","c9":"#fe6761"},"geometry":{"type":"Point","coordinates":[20.508456,53.744138]}},{"type":"Feature","properties":{"lines":"4, 5","arr":["4","5","127","130","132","307","N01"],"mode":"tram","angle":14.6,"l0":"4, ","c0":"#126804","l1":"5, ","c1":"#0357b2","l2":"127, ","c2":"#05617d","l3":"130, ","c3":"#4d4aba","l4":"132, ","c4":"#ab0377","l5":"307, ","c5":"#6b5806","l6":"N01","c6":"#fe6761"},"geometry":{"type":"Point","coordinates":[20.509674,53.742104]}},{"type":"Feature","properties":{"lines":"4, 5","arr":["4","5","130","132","307","N01"],"mode":"tram","angle":41.9,"side":-1,"l0":"4, ","c0":"#126804","l1":"5, ","c1":"#0357b2","l2":"130, ","c2":"#4d4aba","l3":"132, ","c3":"#ab0377","l4":"307, ","c4":"#6b5806","l5":"N01","c5":"#fe6761"},"geometry":{"type":"Point","coordinates":[20.514153,53.741336]}},{"type":"Feature","properties":{"lines":"4, 5","arr":["4","5","130","132","307","N01"],"mode":"tram","angle":3.2,"extra":1,"ei":0,"l0":"4, ","c0":"#126804","l1":"5, ","c1":"#0357b2","l2":"130, ","c2":"#4d4aba","l3":"132, ","c3":"#ab0377","l4":"307, ","c4":"#6b5806","l5":"N01","c5":"#fe6761"},"geometry":{"type":"Point","coordinates":[20.511623,53.742284]}},{"type":"Feature","properties":{"lines":"4, 5","arr":["4","5","130","132","307","N01"],"mode":"tram","angle":15.1,"side":-1,"extra":1,"ei":1,"l0":"4, ","c0":"#126804","l1":"5, ","c1":"#0357b2","l2":"130, ","c2":"#4d4aba","l3":"132, ","c3":"#ab0377","l4":"307, ","c4":"#6b5806","l5":"N01","c5":"#fe6761"},"geometry":{"type":"Point","coordinates":[20.516788,53.740168]}},{"type":"Feature","properties":{"lines":"4, 5","arr":["4","5"],"mode":"tram","angle":-9.1,"l0":"4, ","c0":"#126804","l1":"5","c1":"#0357b2"},"geometry":{"type":"Point","coordinates":[20.518514,53.740226]}},{"type":"Feature","properties":{"lines":"4, 5","arr":["4","5","130","132","307","N01"],"mode":"tram","angle":41.9,"side":-1,"mi":1,"l0":"4, ","c0":"#126804","l1":"5, ","c1":"#0357b2","l2":"130, ","c2":"#4d4aba","l3":"132, ","c3":"#ab0377","l4":"307, ","c4":"#6b5806","l5":"N01","c5":"#fe6761"},"geometry":{"type":"Point","coordinates":[20.513894,53.74151]}},{"type":"Feature","properties":{"lines":"4, 5","arr":["4","5","130","132","307","N01"],"mode":"tram","angle":22.2,"extra":1,"ei":0,"l0":"4, ","c0":"#126804","l1":"5, ","c1":"#0357b2","l2":"130, ","c2":"#4d4aba","l3":"132, ","c3":"#ab0377","l4":"307, ","c4":"#6b5806","l5":"N01","c5":"#fe6761"},"geometry":{"type":"Point","coordinates":[20.51648,53.740267]}},{"type":"Feature","properties":{"lines":"4, 5","arr":["4","5","130","132","307","N01"],"mode":"tram","angle":-4.6,"extra":1,"ei":1,"l0":"4, ","c0":"#126804","l1":"5, ","c1":"#0357b2","l2":"130, ","c2":"#4d4aba","l3":"132, ","c3":"#ab0377","l4":"307, ","c4":"#6b5806","l5":"N01","c5":"#fe6761"},"geometry":{"type":"Point","coordinates":[20.511295,53.742313]}},{"type":"Feature","properties":{"lines":"4, 5","arr":["4","5","117","121","126","131","132","141","205","N01"],"mode":"tram","angle":59.2,"side":-1,"l0":"4, ","c0":"#126804","l1":"5, ","c1":"#0357b2","l2":"117, ","c2":"#11a2e3","l3":"121, ","c3":"#1cab97","l4":"126, ","c4":"#2d8c1b","l5":"131, ","c5":"#a72d06","l6":"132, ","c6":"#ab0377","l7":"141, ","c7":"#f661b9","l8":"205, ","c8":"#9789ff","l9":"N01","c9":"#fe6761"},"geometry":{"type":"Point","coordinates":[20.507251,53.748415]}},{"type":"Feature","properties":{"lines":"4, 5","arr":["4","5","117","121","126","131","132","141","205","N01"],"mode":"tram","angle":73.3,"extra":1,"ei":0,"l0":"4, ","c0":"#126804","l1":"5, ","c1":"#0357b2","l2":"117, ","c2":"#11a2e3","l3":"121, ","c3":"#1cab97","l4":"126, ","c4":"#2d8c1b","l5":"131, ","c5":"#a72d06","l6":"132, ","c6":"#ab0377","l7":"141, ","c7":"#f661b9","l8":"205, ","c8":"#9789ff","l9":"N01","c9":"#fe6761"},"geometry":{"type":"Point","coordinates":[20.508987,53.743131]}},{"type":"Feature","properties":{"lines":"4, 5","arr":["4","5","117","121","126","131","132","141","205","N01"],"mode":"tram","angle":66,"side":-1,"extra":1,"ei":1,"l0":"4, ","c0":"#126804","l1":"5, ","c1":"#0357b2","l2":"117, ","c2":"#11a2e3","l3":"121, ","c3":"#1cab97","l4":"126, ","c4":"#2d8c1b","l5":"131, ","c5":"#a72d06","l6":"132, ","c6":"#ab0377","l7":"141, ","c7":"#f661b9","l8":"205, ","c8":"#9789ff","l9":"N01","c9":"#fe6761"},"geometry":{"type":"Point","coordinates":[20.507949,53.7449]}},{"type":"Feature","properties":{"lines":"4, 5","arr":["4","5","117","121","126","131","132","141","205","N01"],"mode":"tram","angle":88,"side":-1,"extra":1,"ei":2,"l0":"4, ","c0":"#126804","l1":"5, ","c1":"#0357b2","l2":"117, ","c2":"#11a2e3","l3":"121, ","c3":"#1cab97","l4":"126, ","c4":"#2d8c1b","l5":"131, ","c5":"#a72d06","l6":"132, ","c6":"#ab0377","l7":"141, ","c7":"#f661b9","l8":"205, ","c8":"#9789ff","l9":"N01","c9":"#fe6761"},"geometry":{"type":"Point","coordinates":[20.507746,53.746777]}},{"type":"Feature","properties":{"lines":"4, 5","arr":["4","5","117","121","126","131","132","141","205","N01"],"mode":"tram","angle":33,"side":-1,"extra":1,"ei":3,"l0":"4, ","c0":"#126804","l1":"5, ","c1":"#0357b2","l2":"117, ","c2":"#11a2e3","l3":"121, ","c3":"#1cab97","l4":"126, ","c4":"#2d8c1b","l5":"131, ","c5":"#a72d06","l6":"132, ","c6":"#ab0377","l7":"141, ","c7":"#f661b9","l8":"205, ","c8":"#9789ff","l9":"N01","c9":"#fe6761"},"geometry":{"type":"Point","coordinates":[20.504487,53.749684]}},{"type":"Feature","properties":{"lines":"4, 5","arr":["4","5","117","121","126","131","132","141","205","N01"],"mode":"tram","angle":69.5,"side":-1,"extra":1,"ei":4,"l0":"4, ","c0":"#126804","l1":"5, ","c1":"#0357b2","l2":"117, ","c2":"#11a2e3","l3":"121, ","c3":"#1cab97","l4":"126, ","c4":"#2d8c1b","l5":"131, ","c5":"#a72d06","l6":"132, ","c6":"#ab0377","l7":"141, ","c7":"#f661b9","l8":"205, ","c8":"#9789ff","l9":"N01","c9":"#fe6761"},"geometry":{"type":"Point","coordinates":[20.502702,53.751215]}},{"type":"Feature","properties":{"lines":"4, 5","arr":["4","5","117","121","126","131","132","141","205","N01"],"mode":"tram","angle":-83.5,"extra":1,"ei":5,"l0":"4, ","c0":"#126804","l1":"5, ","c1":"#0357b2","l2":"117, ","c2":"#11a2e3","l3":"121, ","c3":"#1cab97","l4":"126, ","c4":"#2d8c1b","l5":"131, ","c5":"#a72d06","l6":"132, ","c6":"#ab0377","l7":"141, ","c7":"#f661b9","l8":"205, ","c8":"#9789ff","l9":"N01","c9":"#fe6761"},"geometry":{"type":"Point","coordinates":[20.502393,53.753074]}},{"type":"Feature","properties":{"lines":"4, 5","arr":["4","5","117","126","131","132","141"],"mode":"tram","angle":51.7,"side":-1,"l0":"4, ","c0":"#126804","l1":"5, ","c1":"#0357b2","l2":"117, ","c2":"#11a2e3","l3":"126, ","c3":"#2d8c1b","l4":"131, ","c4":"#a72d06","l5":"132, ","c5":"#ab0377","l6":"141","c6":"#f661b9"},"geometry":{"type":"Point","coordinates":[20.50376,53.756317]}},{"type":"Feature","properties":{"lines":"4, 5","arr":["4","5","117","126","131","132","141"],"mode":"tram","angle":-56.8,"extra":1,"ei":0,"l0":"4, ","c0":"#126804","l1":"5, ","c1":"#0357b2","l2":"117, ","c2":"#11a2e3","l3":"126, ","c3":"#2d8c1b","l4":"131, ","c4":"#a72d06","l5":"132, ","c5":"#ab0377","l6":"141","c6":"#f661b9"},"geometry":{"type":"Point","coordinates":[20.503339,53.754416]}},{"type":"Feature","properties":{"lines":"4, 5","arr":["4","5","117","126","131","132","141"],"mode":"tram","angle":32.8,"side":-1,"extra":1,"ei":1,"l0":"4, ","c0":"#126804","l1":"5, ","c1":"#0357b2","l2":"117, ","c2":"#11a2e3","l3":"126, ","c3":"#2d8c1b","l4":"131, ","c4":"#a72d06","l5":"132, ","c5":"#ab0377","l6":"141","c6":"#f661b9"},"geometry":{"type":"Point","coordinates":[20.50134,53.757187]}},{"type":"Feature","properties":{"lines":"4, 5","arr":["4","5"],"mode":"tram","angle":77.7,"mi":1,"l0":"4, ","c0":"#126804","l1":"5","c1":"#0357b2"},"geometry":{"type":"Point","coordinates":[20.499757,53.758479]}},{"type":"Feature","properties":{"lines":"4, 5","arr":["4","5","111","117","121","126","131","132","141"],"mode":"tram","angle":83.9,"side":-1,"l0":"4, ","c0":"#126804","l1":"5, ","c1":"#0357b2","l2":"111, ","c2":"#79a620","l3":"117, ","c3":"#11a2e3","l4":"121, ","c4":"#1cab97","l5":"126, ","c5":"#2d8c1b","l6":"131, ","c6":"#a72d06","l7":"132, ","c7":"#ab0377","l8":"141","c8":"#f661b9"},"geometry":{"type":"Point","coordinates":[20.499776,53.760913]}},{"type":"Feature","properties":{"lines":"4, 5","arr":["4","5","111","117","121","126","131","132","141"],"mode":"tram","angle":-79.1,"extra":1,"ei":0,"l0":"4, ","c0":"#126804","l1":"5, ","c1":"#0357b2","l2":"111, ","c2":"#79a620","l3":"117, ","c3":"#11a2e3","l4":"121, ","c4":"#1cab97","l5":"126, ","c5":"#2d8c1b","l6":"131, ","c6":"#a72d06","l7":"132, ","c7":"#ab0377","l8":"141","c8":"#f661b9"},"geometry":{"type":"Point","coordinates":[20.499857,53.75973]}},{"type":"Feature","properties":{"lines":"4, 5","arr":["4","5","111","113","117","121","126","131","132","141"],"mode":"tram","angle":-59.9,"mi":1,"l0":"4, ","c0":"#126804","l1":"5, ","c1":"#0357b2","l2":"111, ","c2":"#79a620","l3":"113, ","c3":"#03636c","l4":"117, ","c4":"#11a2e3","l5":"121, ","c5":"#1cab97","l6":"126, ","c6":"#2d8c1b","l7":"131, ","c7":"#a72d06","l8":"132, ","c8":"#ab0377","l9":"141","c9":"#f661b9"},"geometry":{"type":"Point","coordinates":[20.50222,53.764606]}},{"type":"Feature","properties":{"lines":"4, 5","arr":["4","5","113","121","126","132","141"],"mode":"tram","angle":-55.1,"mi":1,"l0":"4, ","c0":"#126804","l1":"5, ","c1":"#0357b2","l2":"113, ","c2":"#03636c","l3":"121, ","c3":"#1cab97","l4":"126, ","c4":"#2d8c1b","l5":"132, ","c5":"#ab0377","l6":"141","c6":"#f661b9"},"geometry":{"type":"Point","coordinates":[20.50679,53.768325]}},{"type":"Feature","properties":{"lines":"4, 5","arr":["4","5","113","121","126","132","141"],"mode":"tram","angle":-51.6,"extra":1,"ei":0,"l0":"4, ","c0":"#126804","l1":"5, ","c1":"#0357b2","l2":"113, ","c2":"#03636c","l3":"121, ","c3":"#1cab97","l4":"126, ","c4":"#2d8c1b","l5":"132, ","c5":"#ab0377","l6":"141","c6":"#f661b9"},"geometry":{"type":"Point","coordinates":[20.504991,53.76693]}},{"type":"Feature","properties":{"lines":"4, 5","arr":["4","5","113","121","126","132","141"],"mode":"tram","angle":-63.6,"extra":1,"ei":1,"l0":"4, ","c0":"#126804","l1":"5, ","c1":"#0357b2","l2":"113, ","c2":"#03636c","l3":"121, ","c3":"#1cab97","l4":"126, ","c4":"#2d8c1b","l5":"132, ","c5":"#ab0377","l6":"141","c6":"#f661b9"},"geometry":{"type":"Point","coordinates":[20.508431,53.770099]}},{"type":"Feature","properties":{"lines":"4, 5","arr":["4","5","113","126","132"],"mode":"tram","angle":24.6,"side":-1,"mi":1,"l0":"4, ","c0":"#126804","l1":"5, ","c1":"#0357b2","l2":"113, ","c2":"#03636c","l3":"126, ","c3":"#2d8c1b","l4":"132","c4":"#ab0377"},"geometry":{"type":"Point","coordinates":[20.504773,53.771771]}},{"type":"Feature","properties":{"lines":"4, 5","arr":["4","5","113","126","132"],"mode":"tram","angle":21.6,"extra":1,"ei":0,"l0":"4, ","c0":"#126804","l1":"5, ","c1":"#0357b2","l2":"113, ","c2":"#03636c","l3":"126, ","c3":"#2d8c1b","l4":"132","c4":"#ab0377"},"geometry":{"type":"Point","coordinates":[20.507337,53.77114]}},{"type":"Feature","properties":{"lines":"4, 5","arr":["4","5","113","126","132"],"mode":"tram","angle":25.7,"side":-1,"extra":1,"ei":1,"l0":"4, ","c0":"#126804","l1":"5, ","c1":"#0357b2","l2":"113, ","c2":"#03636c","l3":"126, ","c3":"#2d8c1b","l4":"132","c4":"#ab0377"},"geometry":{"type":"Point","coordinates":[20.501516,53.772697]}},{"type":"Feature","properties":{"lines":"4, 5","arr":["4","5","106","113","128"],"mode":"tram","angle":25.8,"mi":1,"l0":"4, ","c0":"#126804","l1":"5, ","c1":"#0357b2","l2":"106, ","c2":"#6b5806","l3":"113, ","c3":"#03636c","l4":"128","c4":"#7b3aa8"},"geometry":{"type":"Point","coordinates":[20.49772,53.773741]}},{"type":"Feature","properties":{"lines":"4, 5","arr":["4","5","106","113","117","128"],"mode":"tram","angle":22.2,"l0":"4, ","c0":"#126804","l1":"5, ","c1":"#0357b2","l2":"106, ","c2":"#6b5806","l3":"113, ","c3":"#03636c","l4":"117, ","c4":"#11a2e3","l5":"128","c5":"#7b3aa8"},"geometry":{"type":"Point","coordinates":[20.491561,53.775424]}},{"type":"Feature","properties":{"lines":"4, 5","arr":["4","5","106","113","117","128"],"mode":"tram","angle":25.6,"extra":1,"ei":0,"l0":"4, ","c0":"#126804","l1":"5, ","c1":"#0357b2","l2":"106, ","c2":"#6b5806","l3":"113, ","c3":"#03636c","l4":"117, ","c4":"#11a2e3","l5":"128","c5":"#7b3aa8"},"geometry":{"type":"Point","coordinates":[20.493501,53.774885]}},{"type":"Feature","properties":{"lines":"5","arr":["5","105","106","107","111","113","117","128","N01"],"mode":"tram","angle":28.2,"l0":"5, ","c0":"#0357b2","l1":"105, ","c1":"#8e4604","l2":"106, ","c2":"#6b5806","l3":"107, ","c3":"#c17aef","l4":"111, ","c4":"#79a620","l5":"113, ","c5":"#03636c","l6":"117, ","c6":"#11a2e3","l7":"128, ","c7":"#7b3aa8","l8":"N01","c8":"#fe6761"},"geometry":{"type":"Point","coordinates":[20.487634,53.776451]}},{"type":"Feature","properties":{"lines":"5","arr":["5"],"mode":"tram","angle":28.5,"l0":"5","c0":"#0357b2"},"geometry":{"type":"Point","coordinates":[20.487723,53.776455]}},{"type":"Feature","properties":{"lines":"131, 132","arr":["131","132"],"mode":"bus","angle":11.1,"l0":"131, ","c0":"#a72d06","l1":"132","c1":"#ab0377"},"geometry":{"type":"Point","coordinates":[20.546089,53.803891]}}]}