{"type":"FeatureCollection","features":[{"type":"Feature","geometry":{"type":"Point","coordinates":[20.539002,53.79581]},"properties":{"name":"Track (Tracka)","lines":"101","arr":["101"],"terminus":1,"mode":"bus","color":"#0059a9","colorDark":"#00294f","angle":356.8,"snapDist":3,"label":1}},{"type":"Feature","geometry":{"type":"Point","coordinates":[20.533349,53.795697]},"properties":{"name":"Tracka (Tracka)","lines":"101","arr":["101"],"terminus":0,"mode":"bus","color":"#0059a9","colorDark":"#00294f","angle":13.8,"snapDist":0,"label":1}},{"type":"Feature","geometry":{"type":"Point","coordinates":[20.527192,53.797442]},"properties":{"name":"Karolin (Tracka)","lines":"101","arr":["101"],"terminus":0,"mode":"bus","color":"#0059a9","colorDark":"#00294f","angle":29.5,"snapDist":4,"label":1}},{"type":"Feature","geometry":{"type":"Point","coordinates":[20.546192,53.803879]},"properties":{"name":"Indykpol (Jesienna)","lines":"101, 131, 132","arr":["101","131","132"],"terminus":1,"mode":"bus","color":"#0059a9","colorDark":"#00294f","angle":-169,"snapDist":8,"label":1}},{"type":"Feature","geometry":{"type":"Point","coordinates":[20.541771,53.802391]},"properties":{"name":"Indykpol-Biuro (Jesienna)","lines":"101, 131, 132","arr":["101","131","132"],"terminus":0,"mode":"bus","color":"#0059a9","colorDark":"#00294f","angle":282.5,"snapDist":4,"label":1}},{"type":"Feature","geometry":{"type":"Point","coordinates":[20.536711,53.798563]},"properties":{"name":"Zalbki (Zientary-Malewskiej)","lines":"101, 115, 124, 131, 132","arr":["101","115","124","131","132"],"terminus":0,"mode":"bus","color":"#0059a9","colorDark":"#00294f","angle":357.4,"snapDist":0,"label":1}},{"type":"Feature","geometry":{"type":"Point","coordinates":[20.52781,53.79782]},"properties":{"name":"Karolin (Zientary-Malewskiej)","lines":"101, 115, 124, 131, 132","arr":["101","115","124","131","132"],"terminus":0,"mode":"bus","color":"#0059a9","colorDark":"#00294f","angle":350.8,"snapDist":4,"label":1}},{"type":"Feature","geometry":{"type":"Point","coordinates":[20.515681,53.793476]},"properties":{"name":"Zielona Górka (Zientary-Malewskiej)","lines":"101, 115, 124, 131, 132","arr":["101","115","124","131","132"],"terminus":0,"mode":"bus","color":"#0059a9","colorDark":"#00294f","angle":319.5,"snapDist":5,"label":1}},{"type":"Feature","geometry":{"type":"Point","coordinates":[20.513301,53.791543]},"properties":{"name":"Morwowa (Zientary-Malewskiej)","lines":"101, 115, 124, 131, 132","arr":["101","115","124","131","132"],"terminus":0,"mode":"bus","color":"#0059a9","colorDark":"#00294f","angle":299.3,"snapDist":8,"label":1}},{"type":"Feature","geometry":{"type":"Point","coordinates":[20.509637,53.790792]},"properties":{"name":"Poprzeczna (Poprzeczna)","lines":"101, 115, 119, 124, 131, 132","arr":["101","115","119","124","131","132"],"terminus":1,"mode":"bus","color":"#0059a9","colorDark":"#00294f","angle":24.6,"snapDist":8,"label":1}},{"type":"Feature","geometry":{"type":"Point","coordinates":[20.50428,53.79148]},"properties":{"name":"Cmentarz Poprzeczna (Cicha)","lines":"101, 119","arr":["101","119"],"terminus":0,"mode":"bus","color":"#0059a9","colorDark":"#00294f","angle":296,"snapDist":2,"label":1}},{"type":"Feature","geometry":{"type":"Point","coordinates":[20.499589,53.789165]},"properties":{"name":"Cicha (Zientary-Malewskiej)","lines":"101, 119","arr":["101","119"],"terminus":0,"mode":"bus","color":"#0059a9","colorDark":"#00294f","angle":324,"snapDist":5,"label":1}},{"type":"Feature","geometry":{"type":"Point","coordinates":[20.494699,53.787592]},"properties":{"name":"Paderewskiego (Paderewskiego)","lines":"101, 119","arr":["101","119"],"terminus":0,"mode":"bus","color":"#0059a9","colorDark":"#00294f","angle":26.8,"snapDist":3,"label":1}},{"type":"Feature","geometry":{"type":"Point","coordinates":[20.491605,53.787836]},"properties":{"name":"Limanowskiego (Limanowskiego)","lines":"101, 107, 108, 109, 112, 115, 124, 126, 131, 132, N02","arr":["101","107","108","109","112","115","124","126","131","132","N02"],"terminus":0,"mode":"bus","color":"#0059a9","colorDark":"#00294f","angle":259.9,"snapDist":11,"label":1}},{"type":"Feature","geometry":{"type":"Point","coordinates":[20.491238,53.78548]},"properties":{"name":"Wiadukt Powstańców Węgierskich 1956 (Limanowskiego)","lines":"101, 107, 108, 109, 112, 115, 124, 126, 131, 132, N02","arr":["101","107","108","109","112","115","124","126","131","132","N02"],"terminus":0,"mode":"bus","color":"#0059a9","colorDark":"#00294f","angle":262.2,"snapDist":5,"label":1}},{"type":"Feature","geometry":{"type":"Point","coordinates":[20.496141,53.784684]},"properties":{"name":"Dworzec Główny (Partyzantów)","lines":"101","arr":["101"],"terminus":0,"mode":"bus","color":"#0059a9","colorDark":"#00294f","angle":161.5,"snapDist":10,"label":0}},{"type":"Feature","geometry":{"type":"Point","coordinates":[20.494784,53.783035]},"properties":{"name":"Kętrzyńskiego (Kościuszki)","lines":"101, 114, 115, 304","arr":["101","114","115","304"],"terminus":0,"mode":"bus","color":"#0059a9","colorDark":"#00294f","angle":320,"snapDist":1,"label":1}},{"type":"Feature","geometry":{"type":"Point","coordinates":[20.490988,53.783431]},"properties":{"name":"Plac Bema (Partyzantów)","lines":"101, 109, 119, N02","arr":["101","109","119","N02"],"terminus":0,"mode":"bus","color":"#0059a9","colorDark":"#00294f","angle":333.1,"snapDist":3,"label":1}},{"type":"Feature","geometry":{"type":"Point","coordinates":[20.487705,53.78266]},"properties":{"name":"Kajki (Partyzantów)","lines":"101, 109, 119, N02","arr":["101","109","119","N02"],"terminus":0,"mode":"bus","color":"#0059a9","colorDark":"#00294f","angle":342.3,"snapDist":3,"label":1}},{"type":"Feature","geometry":{"type":"Point","coordinates":[20.487206,53.779304]},"properties":{"name":"Mickiewicza (Kopernika)","lines":"101","arr":["101"],"terminus":0,"mode":"bus","color":"#0059a9","colorDark":"#00294f","angle":304.8,"snapDist":5,"label":1}},{"type":"Feature","geometry":{"type":"Point","coordinates":[20.482304,53.777891]},"properties":{"name":"Centrum (Piłsudskiego)","lines":"101, 105, 106, 107, 109, 110, 111, 113, 117, 128, N01","arr":["101","105","106","107","109","110","111","113","117","128","N01"],"terminus":0,"mode":"bus","color":"#0059a9","colorDark":"#00294f","angle":24.2,"snapDist":1,"label":1}},{"type":"Feature","geometry":{"type":"Point","coordinates":[20.478675,53.77725]},"properties":{"name":"Wysoka Brama (pl. Jedności Słowiańskiej)","lines":"101, 105, 107, 109, 111, 113, 119, 128, 135, 136, N01, N02","arr":["101","105","107","109","111","113","119","128","135","136","N01","N02"],"terminus":1,"mode":"bus","color":"#0059a9","colorDark":"#00294f","angle":236.8,"snapDist":10,"label":1}},{"type":"Feature","geometry":{"type":"Point","coordinates":[20.475182,53.773513]},"properties":{"name":"Plac Roosevelta (Mochnackiego)","lines":"101, 107, 111, 127, 145, N02","arr":["101","107","111","127","145","N02"],"terminus":1,"mode":"bus","color":"#0059a9","colorDark":"#00294f","angle":31.3,"snapDist":9,"label":1}},{"type":"Feature","geometry":{"type":"Point","coordinates":[20.469238,53.776093]},"properties":{"name":"Grunwaldzka (Grunwaldzka)","lines":"101, 107, 111, 127, 145, N02","arr":["101","107","111","127","145","N02"],"terminus":0,"mode":"bus","color":"#0059a9","colorDark":"#00294f","angle":28,"snapDist":7,"label":1}},{"type":"Feature","geometry":{"type":"Point","coordinates":[20.463087,53.778599]},"properties":{"name":"Jezioro Długie (Bałtycka)","lines":"101, 106, 111, 127, 145, N02","arr":["101","106","111","127","145","N02"],"terminus":0,"mode":"bus","color":"#0059a9","colorDark":"#00294f","angle":49.4,"snapDist":2,"label":1}},{"type":"Feature","geometry":{"type":"Point","coordinates":[20.457741,53.781788]},"properties":{"name":"Jeziorna (Bałtycka)","lines":"101, 106, 111, 127, 145, N02","arr":["101","106","111","127","145","N02"],"terminus":0,"mode":"bus","color":"#0059a9","colorDark":"#00294f","angle":44.7,"snapDist":2,"label":1}},{"type":"Feature","geometry":{"type":"Point","coordinates":[20.452714,53.784768]},"properties":{"name":"Zespół Szkół Ekonomicznych (Bałtycka)","lines":"101, 106, 111, 127, 145, N02","arr":["101","106","111","127","145","N02"],"terminus":0,"mode":"bus","color":"#0059a9","colorDark":"#00294f","angle":43.9,"snapDist":3,"label":1}},{"type":"Feature","geometry":{"type":"Point","coordinates":[20.444788,53.788873]},"properties":{"name":"Grabowa (Bałtycka)","lines":"101, 106, 111, 127, 145, N02","arr":["101","106","111","127","145","N02"],"terminus":0,"mode":"bus","color":"#0059a9","colorDark":"#00294f","angle":46.5,"snapDist":3,"label":1}},{"type":"Feature","geometry":{"type":"Point","coordinates":[20.439378,53.791202]},"properties":{"name":"Wędkarska (Bałtycka)","lines":"101, 106, 111, 127, 145, N02","arr":["101","106","111","127","145","N02"],"terminus":0,"mode":"bus","color":"#0059a9","colorDark":"#00294f","angle":33.8,"snapDist":3,"label":1}},{"type":"Feature","geometry":{"type":"Point","coordinates":[20.435321,53.792817]},"properties":{"name":"Letniskowa (Bałtycka)","lines":"101, 106, 111, 127, 145, N02","arr":["101","106","111","127","145","N02"],"terminus":0,"mode":"bus","color":"#0059a9","colorDark":"#00294f","angle":38.4,"snapDist":3,"label":1}},{"type":"Feature","geometry":{"type":"Point","coordinates":[20.431667,53.795353]},"properties":{"name":"Likusy (Bałtycka)","lines":"101, 106, 111, 127, 145, N02","arr":["101","106","111","127","145","N02"],"terminus":0,"mode":"bus","color":"#0059a9","colorDark":"#00294f","angle":60.5,"snapDist":2,"label":1}},{"type":"Feature","geometry":{"type":"Point","coordinates":[20.435688,53.798443]},"properties":{"name":"Żbicza (Hozjusza)","lines":"101, 127","arr":["101","127"],"terminus":0,"mode":"bus","color":"#0059a9","colorDark":"#00294f","angle":125.2,"snapDist":1,"label":1}},{"type":"Feature","geometry":{"type":"Point","coordinates":[20.440744,53.80046]},"properties":{"name":"Narcyzowa (Hozjusza)","lines":"101, 127","arr":["101","127"],"terminus":0,"mode":"bus","color":"#0059a9","colorDark":"#00294f","angle":137.7,"snapDist":4,"label":1}},{"type":"Feature","geometry":{"type":"Point","coordinates":[20.441848,53.80312]},"properties":{"name":"Seminarium Hosianum (Hozjusza)","lines":"101, 127","arr":["101","127"],"terminus":0,"mode":"bus","color":"#0059a9","colorDark":"#00294f","angle":84.2,"snapDist":1,"label":1}},{"type":"Feature","geometry":{"type":"Point","coordinates":[20.441781,53.804962]},"properties":{"name":"Jemioły (Hozjusza)","lines":"101, 127","arr":["101","127"],"terminus":0,"mode":"bus","color":"#0059a9","colorDark":"#00294f","angle":104.3,"snapDist":3,"label":1}},{"type":"Feature","geometry":{"type":"Point","coordinates":[20.440691,53.808212]},"properties":{"name":"Św. Arnolda (Hozjusza)","lines":"101, 127","arr":["101","127"],"terminus":0,"mode":"bus","color":"#0059a9","colorDark":"#00294f","angle":58.5,"snapDist":1,"label":1}},{"type":"Feature","geometry":{"type":"Point","coordinates":[20.439514,53.80968]},"properties":{"name":"Redykajny (Hozjusza)","lines":"101, 127","arr":["101","127"],"terminus":1,"mode":"bus","color":"#0059a9","colorDark":"#00294f","angle":95.9,"snapDist":1,"label":1}},{"type":"Feature","geometry":{"type":"Point","coordinates":[20.439567,53.809987]},"properties":{"name":"Redykajny (Hozjusza)","lines":"101, 127","arr":["101","127"],"terminus":1,"mode":"bus","color":"#0059a9","colorDark":"#00294f","angle":275.9,"snapDist":3,"label":0}},{"type":"Feature","geometry":{"type":"Point","coordinates":[20.441343,53.807559]},"properties":{"name":"Św. Arnolda (Hozjusza)","lines":"101, 127","arr":["101","127"],"terminus":0,"mode":"bus","color":"#0059a9","colorDark":"#00294f","angle":240.3,"snapDist":4,"label":0}},{"type":"Feature","geometry":{"type":"Point","coordinates":[20.44192,53.805283]},"properties":{"name":"Jemioły (Hozjusza)","lines":"101, 127","arr":["101","127"],"terminus":0,"mode":"bus","color":"#0059a9","colorDark":"#00294f","angle":284.3,"snapDist":8,"label":0}},{"type":"Feature","geometry":{"type":"Point","coordinates":[20.441955,53.802565]},"properties":{"name":"Seminarium Hosianum (Hozjusza)","lines":"101, 127","arr":["101","127"],"terminus":0,"mode":"bus","color":"#0059a9","colorDark":"#00294f","angle":261.6,"snapDist":5,"label":0}},{"type":"Feature","geometry":{"type":"Point","coordinates":[20.439803,53.800079]},"properties":{"name":"Narcyzowa (Hozjusza)","lines":"101, 127","arr":["101","127"],"terminus":0,"mode":"bus","color":"#0059a9","colorDark":"#00294f","angle":329.3,"snapDist":2,"label":0}},{"type":"Feature","geometry":{"type":"Point","coordinates":[20.434698,53.797482]},"properties":{"name":"Żbicza (Hozjusza)","lines":"101, 127","arr":["101","127"],"terminus":0,"mode":"bus","color":"#0059a9","colorDark":"#00294f","angle":299.6,"snapDist":4,"label":0}},{"type":"Feature","geometry":{"type":"Point","coordinates":[20.431714,53.795304]},"properties":{"name":"Likusy (Bałtycka)","lines":"101, 106, 111, 127, 145, N02","arr":["101","106","111","127","145","N02"],"terminus":0,"mode":"bus","color":"#0059a9","colorDark":"#00294f","angle":240.5,"snapDist":8,"label":0}},{"type":"Feature","geometry":{"type":"Point","coordinates":[20.435409,53.792776]},"properties":{"name":"Letniskowa (Bałtycka)","lines":"101, 106, 111, 127, 145, N02","arr":["101","106","111","127","145","N02"],"terminus":0,"mode":"bus","color":"#0059a9","colorDark":"#00294f","angle":218.4,"snapDist":9,"label":0}},{"type":"Feature","geometry":{"type":"Point","coordinates":[20.440791,53.790656]},"properties":{"name":"Wędkarska (Bałtycka)","lines":"101, 106, 111, 127, 145, N02","arr":["101","106","111","127","145","N02"],"terminus":0,"mode":"bus","color":"#0059a9","colorDark":"#00294f","angle":213,"snapDist":8,"label":0}},{"type":"Feature","geometry":{"type":"Point","coordinates":[20.445479,53.788139]},"properties":{"name":"Grabowa (Bałtycka)","lines":"101, 106, 111, 127, 145, N02","arr":["101","106","111","127","145","N02"],"terminus":0,"mode":"bus","color":"#0059a9","colorDark":"#00294f","angle":248.3,"snapDist":9,"label":0}},{"type":"Feature","geometry":{"type":"Point","coordinates":[20.451521,53.785295]},"properties":{"name":"Zespół Szkół Ekonomicznych (Bałtycka)","lines":"101, 106, 111, 127, 145, N02","arr":["101","106","111","127","145","N02"],"terminus":0,"mode":"bus","color":"#0059a9","colorDark":"#00294f","angle":224.1,"snapDist":7,"label":0}},{"type":"Feature","geometry":{"type":"Point","coordinates":[20.459175,53.780811]},"properties":{"name":"Jeziorna (Bałtycka)","lines":"101, 106, 111, 127, 145, N02","arr":["101","106","111","127","145","N02"],"terminus":0,"mode":"bus","color":"#0059a9","colorDark":"#00294f","angle":225.4,"snapDist":10,"label":0}},{"type":"Feature","geometry":{"type":"Point","coordinates":[20.466596,53.777114]},"properties":{"name":"Targowisko Miejskie (Grunwaldzka)","lines":"101, 107, 111, 127, 145, N02","arr":["101","107","111","127","145","N02"],"terminus":0,"mode":"bus","color":"#0059a9","colorDark":"#00294f","angle":214.9,"snapDist":9,"label":1}},{"type":"Feature","geometry":{"type":"Point","coordinates":[20.470502,53.775677]},"properties":{"name":"Grunwaldzka (Grunwaldzka)","lines":"101, 107, 111, 127, 145, N02","arr":["101","107","111","127","145","N02"],"terminus":0,"mode":"bus","color":"#0059a9","colorDark":"#00294f","angle":209.4,"snapDist":8,"label":0}},{"type":"Feature","geometry":{"type":"Point","coordinates":[20.477242,53.773596]},"properties":{"name":"Plac Roosevelta (Szrajbera)","lines":"101, 105, 107, 109, 111, 113, 119, 128, 135, 136, 145, N01, N02","arr":["101","105","107","109","111","113","119","128","135","136","145","N01","N02"],"terminus":1,"mode":"bus","color":"#0059a9","colorDark":"#00294f","angle":136.2,"snapDist":3,"label":1}},{"type":"Feature","geometry":{"type":"Point","coordinates":[20.4799,53.777783]},"properties":{"name":"Św. Wojciecha (Pieniężnego)","lines":"101, 105, 107, 109, 111, 113, 119, 128, 135, 136, N01, N02","arr":["101","105","107","109","111","113","119","128","135","136","N01","N02"],"terminus":0,"mode":"bus","color":"#0059a9","colorDark":"#00294f","angle":105.4,"snapDist":5,"label":1}},{"type":"Feature","geometry":{"type":"Point","coordinates":[20.482304,53.777891]},"properties":{"name":"Centrum (Piłsudskiego)","lines":"101, 105, 106, 107, 109, 110, 111, 113, 117, 128, N01","arr":["101","105","106","107","109","110","111","113","117","128","N01"],"terminus":0,"mode":"bus","color":"#0059a9","colorDark":"#00294f","angle":204.2,"snapDist":1,"label":0}},{"type":"Feature","geometry":{"type":"Point","coordinates":[20.487958,53.779798]},"properties":{"name":"Mickiewicza (Kopernika)","lines":"101","arr":["101"],"terminus":0,"mode":"bus","color":"#0059a9","colorDark":"#00294f","angle":141.9,"snapDist":2,"label":0}},{"type":"Feature","geometry":{"type":"Point","coordinates":[20.489864,53.781369]},"properties":{"name":"Plac Pułaskiego (pl. Pułaskiego)","lines":"101, 109","arr":["101","109"],"terminus":0,"mode":"bus","color":"#0059a9","colorDark":"#00294f","angle":298.7,"snapDist":3,"label":1}},{"type":"Feature","geometry":{"type":"Point","coordinates":[20.488189,53.782729]},"properties":{"name":"Kajki (Partyzantów)","lines":"101, 109, 119","arr":["101","109","119"],"terminus":0,"mode":"bus","color":"#0059a9","colorDark":"#00294f","angle":188.6,"snapDist":13,"label":0}},{"type":"Feature","geometry":{"type":"Point","coordinates":[20.491211,53.783498]},"properties":{"name":"Plac Bema (Partyzantów)","lines":"101, 109, 119","arr":["101","109","119"],"terminus":0,"mode":"bus","color":"#0059a9","colorDark":"#00294f","angle":153.1,"snapDist":9,"label":0}},{"type":"Feature","geometry":{"type":"Point","coordinates":[20.496141,53.784684]},"properties":{"name":"Dworzec Główny (Partyzantów)","lines":"101, 107, 108, 112, 124, 126, 131, 132, N02","arr":["101","107","108","112","124","126","131","132","N02"],"terminus":1,"mode":"bus","color":"#0059a9","colorDark":"#00294f","angle":161.5,"snapDist":10,"label":1}},{"type":"Feature","geometry":{"type":"Point","coordinates":[20.494784,53.783035]},"properties":{"name":"Kętrzyńskiego (Kościuszki)","lines":"101, 103, 106, 107, 121, 126, 128, 131, 132, N01","arr":["101","103","106","107","121","126","128","131","132","N01"],"terminus":0,"mode":"bus","color":"#0059a9","colorDark":"#00294f","angle":320,"snapDist":1,"label":0}},{"type":"Feature","geometry":{"type":"Point","coordinates":[20.49128,53.788944]},"properties":{"name":"Limanowskiego (Limanowskiego)","lines":"101, 107, 108, 109, 112, 124, 125, 126, 131, 132","arr":["101","107","108","109","112","124","125","126","131","132"],"terminus":0,"mode":"bus","color":"#0059a9","colorDark":"#00294f","angle":80,"snapDist":5,"label":0}},{"type":"Feature","geometry":{"type":"Point","coordinates":[20.495327,53.78935]},"properties":{"name":"Reymonta (Reymonta)","lines":"101, 119","arr":["101","119"],"terminus":0,"mode":"bus","color":"#0059a9","colorDark":"#00294f","angle":203,"snapDist":6,"label":1}},{"type":"Feature","geometry":{"type":"Point","coordinates":[20.499629,53.789183]},"properties":{"name":"Cicha (Zientary-Malewskiej)","lines":"101, 119","arr":["101","119"],"terminus":0,"mode":"bus","color":"#0059a9","colorDark":"#00294f","angle":144,"snapDist":5,"label":0}},{"type":"Feature","geometry":{"type":"Point","coordinates":[20.505433,53.791919]},"properties":{"name":"Cmentarz Poprzeczna (Poprzeczna)","lines":"101, 119, 124, 125, 131, 132","arr":["101","119","124","125","131","132"],"terminus":0,"mode":"bus","color":"#0059a9","colorDark":"#00294f","angle":204.4,"snapDist":8,"label":1}},{"type":"Feature","geometry":{"type":"Point","coordinates":[20.509143,53.790926]},"properties":{"name":"Poprzeczna (Poprzeczna)","lines":"101, 119, 124, 125, 131, 132","arr":["101","119","124","125","131","132"],"terminus":1,"mode":"bus","color":"#0059a9","colorDark":"#00294f","angle":205.2,"snapDist":2,"label":0}},{"type":"Feature","geometry":{"type":"Point","coordinates":[20.513041,53.791244]},"properties":{"name":"Truskawkowa (Zientary-Malewskiej)","lines":"101, 124, 125, 131, 132","arr":["101","124","125","131","132"],"terminus":0,"mode":"bus","color":"#0059a9","colorDark":"#00294f","angle":117,"snapDist":8,"label":1}},{"type":"Feature","geometry":{"type":"Point","coordinates":[20.513465,53.791712]},"properties":{"name":"Morwowa (Zientary-Malewskiej)","lines":"101, 124, 125, 131, 132","arr":["101","124","125","131","132"],"terminus":0,"mode":"bus","color":"#0059a9","colorDark":"#00294f","angle":122.8,"snapDist":4,"label":0}},{"type":"Feature","geometry":{"type":"Point","coordinates":[20.516736,53.794285]},"properties":{"name":"Zielona Górka (Zientary-Malewskiej)","lines":"101, 124, 125, 131, 132","arr":["101","124","125","131","132"],"terminus":0,"mode":"bus","color":"#0059a9","colorDark":"#00294f","angle":117.3,"snapDist":1,"label":0}},{"type":"Feature","geometry":{"type":"Point","coordinates":[20.52757,53.797797]},"properties":{"name":"Karolin (Zientary-Malewskiej)","lines":"101, 124, 125, 131, 132","arr":["101","124","125","131","132"],"terminus":0,"mode":"bus","color":"#0059a9","colorDark":"#00294f","angle":170.8,"snapDist":4,"label":0}},{"type":"Feature","geometry":{"type":"Point","coordinates":[20.536598,53.79856]},"properties":{"name":"Zalbki (Zientary-Malewskiej)","lines":"101, 124, 125, 131, 132","arr":["101","124","125","131","132"],"terminus":0,"mode":"bus","color":"#0059a9","colorDark":"#00294f","angle":177.4,"snapDist":3,"label":0}},{"type":"Feature","geometry":{"type":"Point","coordinates":[20.541784,53.802427]},"properties":{"name":"Indykpol-Biuro (Jesienna)","lines":"101, 131, 132","arr":["101","131","132"],"terminus":0,"mode":"bus","color":"#0059a9","colorDark":"#00294f","angle":102.5,"snapDist":1,"label":0}},{"type":"Feature","geometry":{"type":"Point","coordinates":[20.545986,53.803903]},"properties":{"name":"Indykpol (Jesienna)","lines":"101, 131, 132","arr":["101","131","132"],"terminus":1,"mode":"bus","color":"#0059a9","colorDark":"#00294f","angle":214.3,"snapDist":7,"label":0}},{"type":"Feature","geometry":{"type":"Point","coordinates":[20.527131,53.797462]},"properties":{"name":"Karolin (Tracka)","lines":"101","arr":["101"],"terminus":0,"mode":"bus","color":"#0059a9","colorDark":"#00294f","angle":209.5,"snapDist":7,"label":0}},{"type":"Feature","geometry":{"type":"Point","coordinates":[20.535494,53.795653]},"properties":{"name":"Tracka (Tracka)","lines":"101","arr":["101"],"terminus":0,"mode":"bus","color":"#0059a9","colorDark":"#00294f","angle":176,"snapDist":5,"label":0}},{"type":"Feature","geometry":{"type":"Point","coordinates":[20.539309,53.79582]},"properties":{"name":"Track (Tracka)","lines":"101","arr":["101"],"terminus":1,"mode":"bus","color":"#0059a9","colorDark":"#00294f","angle":176.8,"snapDist":13,"label":0}},{"type":"Feature","geometry":{"type":"Point","coordinates":[20.498348,53.784508]},"properties":{"name":"Dworzec Główny (pl. Konstytucji 3 Maja)","lines":"103, 106, 114, 115, 121, 128, 304, N01","arr":["103","106","114","115","121","128","304","N01"],"terminus":1,"mode":"bus","color":"#0059a9","colorDark":"#00294f","angle":351.9,"snapDist":10,"label":1}},{"type":"Feature","geometry":{"type":"Point","coordinates":[20.501426,53.77843]},"properties":{"name":"Kołobrzeska (Dworcowa)","lines":"103, 106, 107, 126, 128, 131, 132, N01","arr":["103","106","107","126","128","131","132","N01"],"terminus":0,"mode":"bus","color":"#0059a9","colorDark":"#00294f","angle":256.1,"snapDist":8,"label":1}},{"type":"Feature","geometry":{"type":"Point","coordinates":[20.502329,53.775123]},"properties":{"name":"Dworcowa-Przychodnia (Dworcowa)","lines":"103, 106, 107, 126, 128, 131, 132, N01","arr":["103","106","107","126","128","131","132","N01"],"terminus":0,"mode":"bus","color":"#0059a9","colorDark":"#00294f","angle":279.9,"snapDist":5,"label":1}},{"type":"Feature","geometry":{"type":"Point","coordinates":[20.500295,53.772312]},"properties":{"name":"Plac Inwalidów Wojennych (Dworcowa)","lines":"103, 107, 131, N01","arr":["103","107","131","N01"],"terminus":0,"mode":"bus","color":"#0059a9","colorDark":"#00294f","angle":287.6,"snapDist":7,"label":1}},{"type":"Feature","geometry":{"type":"Point","coordinates":[20.497192,53.768026]},"properties":{"name":"Szpital Dziecięcy (Dworcowa)","lines":"103, 105","arr":["103","105"],"terminus":0,"mode":"bus","color":"#0059a9","colorDark":"#00294f","angle":297.6,"snapDist":6,"label":1}},{"type":"Feature","geometry":{"type":"Point","coordinates":[20.494987,53.765516]},"properties":{"name":"Pstrowskiego-Dworcowa (Dworcowa)","lines":"103, 105","arr":["103","105"],"terminus":0,"mode":"bus","color":"#0059a9","colorDark":"#00294f","angle":297.8,"snapDist":8,"label":1}},{"type":"Feature","geometry":{"type":"Point","coordinates":[20.486412,53.766812]},"properties":{"name":"Pstrowskiego-Sikorskiego (Pstrowskiego)","lines":"103, 127","arr":["103","127"],"terminus":0,"mode":"bus","color":"#0059a9","colorDark":"#00294f","angle":25.3,"snapDist":9,"label":1}},{"type":"Feature","geometry":{"type":"Point","coordinates":[20.481137,53.770805]},"properties":{"name":"Szpital Miejski (Niepodległości)","lines":"103, 127, 135","arr":["103","127","135"],"terminus":0,"mode":"bus","color":"#0059a9","colorDark":"#00294f","angle":71.5,"snapDist":2,"label":1}},{"type":"Feature","geometry":{"type":"Point","coordinates":[20.475072,53.772674]},"properties":{"name":"Plac Roosevelta (Śliwy)","lines":"103, 105, 109, 113, 119, 128, 136, N01, N02","arr":["103","105","109","113","119","128","136","N01","N02"],"terminus":0,"mode":"bus","color":"#0059a9","colorDark":"#00294f","angle":320.5,"snapDist":2,"label":1}},{"type":"Feature","geometry":{"type":"Point","coordinates":[20.46906,53.769612]},"properties":{"name":"Osiedle Podgrodzie (Warszawska)","lines":"103, 109, 113, 119, 128, 136, N01, N02","arr":["103","109","113","119","128","136","N01","N02"],"terminus":0,"mode":"bus","color":"#0059a9","colorDark":"#00294f","angle":305.3,"snapDist":7,"label":1}},{"type":"Feature","geometry":{"type":"Point","coordinates":[20.466294,53.767375]},"properties":{"name":"Armii Krajowej (Warszawska)","lines":"103, 109, 113, 119, 128, 136, N01, N02","arr":["103","109","113","119","128","136","N01","N02"],"terminus":0,"mode":"bus","color":"#0059a9","colorDark":"#00294f","angle":306.2,"snapDist":4,"label":1}},{"type":"Feature","geometry":{"type":"Point","coordinates":[20.46254,53.760663]},"properties":{"name":"Uniwersytet-Rektorat (Warszawska)","lines":"103, 109, 136, 307, N01, N02","arr":["103","109","136","307","N01","N02"],"terminus":0,"mode":"bus","color":"#0059a9","colorDark":"#00294f","angle":285.3,"snapDist":8,"label":1}},{"type":"Feature","geometry":{"type":"Point","coordinates":[20.461301,53.757527]},"properties":{"name":"Uniwersytet-Prawocheńskiego (Warszawska)","lines":"103, 109, 119, 130, N02","arr":["103","109","119","130","N02"],"terminus":0,"mode":"bus","color":"#0059a9","colorDark":"#00294f","angle":272.6,"snapDist":9,"label":1}},{"type":"Feature","geometry":{"type":"Point","coordinates":[20.46108,53.754339]},"properties":{"name":"Uniwersytet-Stadion (Warszawska)","lines":"103, 109, 119, 130, N02","arr":["103","109","119","130","N02"],"terminus":0,"mode":"bus","color":"#0059a9","colorDark":"#00294f","angle":272.3,"snapDist":7,"label":1}},{"type":"Feature","geometry":{"type":"Point","coordinates":[20.4578,53.75166]},"properties":{"name":"Uniwersytet-Centrum Konferencyjne (Dybowskiego)","lines":"103, 109, 119, 130, N02","arr":["103","109","119","130","N02"],"terminus":0,"mode":"bus","color":"#0059a9","colorDark":"#00294f","angle":329,"snapDist":6,"label":1}},{"type":"Feature","geometry":{"type":"Point","coordinates":[20.451827,53.749544]},"properties":{"name":"Uniwersytet-Świetlista (Dybowskiego)","lines":"103, 109, 130, N02","arr":["103","109","130","N02"],"terminus":0,"mode":"bus","color":"#0059a9","colorDark":"#00294f","angle":326.9,"snapDist":3,"label":1}},{"type":"Feature","geometry":{"type":"Point","coordinates":[20.449773,53.74776]},"properties":{"name":"Uniwersytet-Słoneczna (Dybowskiego)","lines":"103, 109, 130, N02","arr":["103","109","130","N02"],"terminus":0,"mode":"bus","color":"#0059a9","colorDark":"#00294f","angle":300.9,"snapDist":2,"label":1}},{"type":"Feature","geometry":{"type":"Point","coordinates":[20.454781,53.744851]},"properties":{"name":"Stary Dwór (Słoneczna)","lines":"103, 119, 130","arr":["103","119","130"],"terminus":1,"mode":"bus","color":"#0059a9","colorDark":"#00294f","angle":237.7,"snapDist":5,"label":1}},{"type":"Feature","geometry":{"type":"Point","coordinates":[20.455328,53.744715]},"properties":{"name":"Stary Dwór (Słoneczna)","lines":"103, 119, 130","arr":["103","119","130"],"terminus":1,"mode":"bus","color":"#0059a9","colorDark":"#00294f","angle":178.6,"snapDist":6,"label":0}},{"type":"Feature","geometry":{"type":"Point","coordinates":[20.449933,53.747918]},"properties":{"name":"Uniwersytet-Słoneczna (Dybowskiego)","lines":"103, 109, 130, N02","arr":["103","109","130","N02"],"terminus":0,"mode":"bus","color":"#0059a9","colorDark":"#00294f","angle":120.9,"snapDist":4,"label":0}},{"type":"Feature","geometry":{"type":"Point","coordinates":[20.457651,53.751607]},"properties":{"name":"Uniwersytet-Centrum Konferencyjne (Dybowskiego)","lines":"103, 109, 119, 130, N02","arr":["103","109","119","130","N02"],"terminus":0,"mode":"bus","color":"#0059a9","colorDark":"#00294f","angle":148.6,"snapDist":8,"label":0}},{"type":"Feature","geometry":{"type":"Point","coordinates":[20.461325,53.755151]},"properties":{"name":"Uniwersytet-Stadion (Warszawska)","lines":"103, 109, 119, 130, N02","arr":["103","109","119","130","N02"],"terminus":0,"mode":"bus","color":"#0059a9","colorDark":"#00294f","angle":92.2,"snapDist":4,"label":0}},{"type":"Feature","geometry":{"type":"Point","coordinates":[20.461867,53.758803]},"properties":{"name":"Uniwersytet-Prawocheńskiego (Warszawska)","lines":"103, 109, 136, 307, N01, N02","arr":["103","109","136","307","N01","N02"],"terminus":0,"mode":"bus","color":"#0059a9","colorDark":"#00294f","angle":105.1,"snapDist":1,"label":0}},{"type":"Feature","geometry":{"type":"Point","coordinates":[20.463214,53.761663]},"properties":{"name":"Uniwersytet-Rektorat (Warszawska)","lines":"103, 109, 136, 307, N01, N02","arr":["103","109","136","307","N01","N02"],"terminus":0,"mode":"bus","color":"#0059a9","colorDark":"#00294f","angle":105.6,"snapDist":0,"label":0}},{"type":"Feature","geometry":{"type":"Point","coordinates":[20.466055,53.766993]},"properties":{"name":"Armii Krajowej (Warszawska)","lines":"103, 109, 113, 119, 128, 136, N01, N02","arr":["103","109","113","119","128","136","N01","N02"],"terminus":0,"mode":"bus","color":"#0059a9","colorDark":"#00294f","angle":123.9,"snapDist":4,"label":0}},{"type":"Feature","geometry":{"type":"Point","coordinates":[20.469001,53.769399]},"properties":{"name":"Osiedle Podgrodzie (Warszawska)","lines":"103, 109, 113, 119, 128, 136, N01, N02","arr":["103","109","113","119","128","136","N01","N02"],"terminus":0,"mode":"bus","color":"#0059a9","colorDark":"#00294f","angle":125.7,"snapDist":4,"label":0}},{"type":"Feature","geometry":{"type":"Point","coordinates":[20.478908,53.772206]},"properties":{"name":"Straż Pożarna (Niepodległości)","lines":"103, 127, 135","arr":["103","127","135"],"terminus":0,"mode":"bus","color":"#0059a9","colorDark":"#00294f","angle":210.9,"snapDist":6,"label":1}},{"type":"Feature","geometry":{"type":"Point","coordinates":[20.480802,53.770977]},"properties":{"name":"Szpital Miejski (Niepodległości)","lines":"103, 127, 135","arr":["103","127","135"],"terminus":0,"mode":"bus","color":"#0059a9","colorDark":"#00294f","angle":246,"snapDist":7,"label":0}},{"type":"Feature","geometry":{"type":"Point","coordinates":[20.484717,53.76713]},"properties":{"name":"Pstrowskiego-Sikorskiego (Pstrowskiego)","lines":"103, 127","arr":["103","127"],"terminus":0,"mode":"bus","color":"#0059a9","colorDark":"#00294f","angle":206,"snapDist":6,"label":0}},{"type":"Feature","geometry":{"type":"Point","coordinates":[20.495003,53.765274]},"properties":{"name":"Pstrowskiego-Dworcowa (Dworcowa)","lines":"103, 105","arr":["103","105"],"terminus":0,"mode":"bus","color":"#0059a9","colorDark":"#00294f","angle":117.6,"snapDist":4,"label":0}},{"type":"Feature","geometry":{"type":"Point","coordinates":[20.498291,53.768962]},"properties":{"name":"Szpital Dziecięcy (Dworcowa)","lines":"103, 107, 131, N01","arr":["103","107","131","N01"],"terminus":0,"mode":"bus","color":"#0059a9","colorDark":"#00294f","angle":118.4,"snapDist":5,"label":0}},{"type":"Feature","geometry":{"type":"Point","coordinates":[20.50104,53.773355]},"properties":{"name":"Dworcowa-Przychodnia (Dworcowa)","lines":"103, 106, 107, 126, 128, 131, 132, N01","arr":["103","106","107","126","128","131","132","N01"],"terminus":0,"mode":"bus","color":"#0059a9","colorDark":"#00294f","angle":120.2,"snapDist":5,"label":0}},{"type":"Feature","geometry":{"type":"Point","coordinates":[20.501734,53.77826]},"properties":{"name":"Kołobrzeska (Dworcowa)","lines":"103, 106, 107, 126, 128, 131, 132, N01","arr":["103","106","107","126","128","131","132","N01"],"terminus":0,"mode":"bus","color":"#0059a9","colorDark":"#00294f","angle":76.8,"snapDist":0,"label":0}},{"type":"Feature","geometry":{"type":"Point","coordinates":[20.4991,53.783404]},"properties":{"name":"Dworzec Główny (Dworcowa)","lines":"103, 114, 115, 125, 304, N01","arr":["103","114","115","125","304","N01"],"terminus":1,"mode":"bus","color":"#0059a9","colorDark":"#00294f","angle":73.3,"snapDist":2,"label":1}},{"type":"Feature","geometry":{"type":"Point","coordinates":[20.474461,53.767076]},"properties":{"name":"Borkowskiego (Borkowskiego)","lines":"105","arr":["105"],"terminus":1,"mode":"bus","color":"#0059a9","colorDark":"#00294f","angle":130.9,"snapDist":1,"label":1}},{"type":"Feature","geometry":{"type":"Point","coordinates":[20.476044,53.76872]},"properties":{"name":"Barczewskiego (Borkowskiego)","lines":"105","arr":["105"],"terminus":0,"mode":"bus","color":"#0059a9","colorDark":"#00294f","angle":110.5,"snapDist":0,"label":1}},{"type":"Feature","geometry":{"type":"Point","coordinates":[20.473586,53.769641]},"properties":{"name":"Osińskiego (Barczewskiego)","lines":"105","arr":["105"],"terminus":0,"mode":"bus","color":"#0059a9","colorDark":"#00294f","angle":19.6,"snapDist":1,"label":1}},{"type":"Feature","geometry":{"type":"Point","coordinates":[20.487163,53.775798]},"properties":{"name":"Skwer Wakara (Kościuszki)","lines":"105, 107, 111, N01","arr":["105","107","111","N01"],"terminus":0,"mode":"bus","color":"#0059a9","colorDark":"#00294f","angle":297.7,"snapDist":0,"label":1}},{"type":"Feature","geometry":{"type":"Point","coordinates":[20.491211,53.770908]},"properties":{"name":"Szpital Wojewódzki (Żołnierska)","lines":"105, 107, 111, 117, 135, N01","arr":["105","107","111","117","135","N01"],"terminus":0,"mode":"bus","color":"#0059a9","colorDark":"#00294f","angle":214.4,"snapDist":12,"label":1}},{"type":"Feature","geometry":{"type":"Point","coordinates":[20.496571,53.76891]},"properties":{"name":"Szpital Dziecięcy (Żołnierska)","lines":"105, 107, 111, 117, 135, N01","arr":["105","107","111","117","135","N01"],"terminus":0,"mode":"bus","color":"#0059a9","colorDark":"#00294f","angle":207.5,"snapDist":10,"label":1}},{"type":"Feature","geometry":{"type":"Point","coordinates":[20.495388,53.764353]},"properties":{"name":"Pstrowskiego-Dworcowa (Pstrowskiego)","lines":"105","arr":["105"],"terminus":0,"mode":"bus","color":"#0059a9","colorDark":"#00294f","angle":198.9,"snapDist":10,"label":1}},{"type":"Feature","geometry":{"type":"Point","coordinates":[20.50713,53.761494]},"properties":{"name":"Gdyńska (Pstrowskiego)","lines":"105, 113","arr":["105","113"],"terminus":0,"mode":"bus","color":"#0059a9","colorDark":"#00294f","angle":202,"snapDist":9,"label":1}},{"type":"Feature","geometry":{"type":"Point","coordinates":[20.516008,53.758159]},"properties":{"name":"Piękna Góra (Pstrowskiego)","lines":"105","arr":["105"],"terminus":0,"mode":"bus","color":"#0059a9","colorDark":"#00294f","angle":173.1,"snapDist":7,"label":1}},{"type":"Feature","geometry":{"type":"Point","coordinates":[20.52083,53.757756]},"properties":{"name":"Jezioro Skanda (Pstrowskiego)","lines":"105","arr":["105"],"terminus":0,"mode":"bus","color":"#0059a9","colorDark":"#00294f","angle":224.6,"snapDist":6,"label":1}},{"type":"Feature","geometry":{"type":"Point","coordinates":[20.536238,53.750217]},"properties":{"name":"Graniczna (Pstrowskiego)","lines":"105","arr":["105"],"terminus":0,"mode":"bus","color":"#0059a9","colorDark":"#00294f","angle":166.5,"snapDist":3,"label":1}},{"type":"Feature","geometry":{"type":"Point","coordinates":[20.550944,53.744655]},"properties":{"name":"Szczęsne I (Szczęsne)","lines":"105","arr":["105"],"terminus":0,"mode":"bus","color":"#0059a9","colorDark":"#00294f","angle":248.5,"snapDist":8,"label":1}},{"type":"Feature","geometry":{"type":"Point","coordinates":[20.557322,53.741115]},"properties":{"name":"Szczęsne II (Szczęsne)","lines":"105","arr":["105"],"terminus":0,"mode":"bus","color":"#0059a9","colorDark":"#00294f","angle":257.2,"snapDist":7,"label":1}},{"type":"Feature","geometry":{"type":"Point","coordinates":[20.574033,53.734977]},"properties":{"name":"Klewki (Klewki)","lines":"105","arr":["105"],"terminus":1,"mode":"bus","color":"#0059a9","colorDark":"#00294f","angle":207.2,"snapDist":6,"label":1}},{"type":"Feature","geometry":{"type":"Point","coordinates":[20.573893,53.735198]},"properties":{"name":"Klewki (Klewki)","lines":"105","arr":["105"],"terminus":1,"mode":"bus","color":"#0059a9","colorDark":"#00294f","angle":9.9,"snapDist":3,"label":0}},{"type":"Feature","geometry":{"type":"Point","coordinates":[20.556962,53.741882]},"properties":{"name":"Szczęsne II (Szczęsne)","lines":"105","arr":["105"],"terminus":0,"mode":"bus","color":"#0059a9","colorDark":"#00294f","angle":69.4,"snapDist":3,"label":0}},{"type":"Feature","geometry":{"type":"Point","coordinates":[20.550287,53.745354]},"properties":{"name":"Szczęsne I (Szczęsne)","lines":"105","arr":["105"],"terminus":0,"mode":"bus","color":"#0059a9","colorDark":"#00294f","angle":47.1,"snapDist":1,"label":0}},{"type":"Feature","geometry":{"type":"Point","coordinates":[20.535574,53.750124]},"properties":{"name":"Graniczna (Pstrowskiego)","lines":"105","arr":["105"],"terminus":0,"mode":"bus","color":"#0059a9","colorDark":"#00294f","angle":346.6,"snapDist":1,"label":0}},{"type":"Feature","geometry":{"type":"Point","coordinates":[20.514977,53.758586]},"properties":{"name":"Piękna Góra (Pstrowskiego)","lines":"105","arr":["105"],"terminus":0,"mode":"bus","color":"#0059a9","colorDark":"#00294f","angle":73.2,"snapDist":3,"label":0}},{"type":"Feature","geometry":{"type":"Point","coordinates":[20.513281,53.760341]},"properties":{"name":"Osiedle Mazurskie (Pstrowskiego)","lines":"105, 113","arr":["105","113"],"terminus":1,"mode":"bus","color":"#0059a9","colorDark":"#00294f","angle":30.9,"snapDist":1,"label":1}},{"type":"Feature","geometry":{"type":"Point","coordinates":[20.504742,53.762162]},"properties":{"name":"Gdyńska (Pstrowskiego)","lines":"105, 113","arr":["105","113"],"terminus":0,"mode":"bus","color":"#0059a9","colorDark":"#00294f","angle":20.7,"snapDist":4,"label":0}},{"type":"Feature","geometry":{"type":"Point","coordinates":[20.500106,53.7634]},"properties":{"name":"Pstrowskiego (Pstrowskiego)","lines":"105","arr":["105"],"terminus":0,"mode":"bus","color":"#0059a9","colorDark":"#00294f","angle":24.9,"snapDist":9,"label":1}},{"type":"Feature","geometry":{"type":"Point","coordinates":[20.496002,53.769103]},"properties":{"name":"Szpital Dziecięcy (Żołnierska)","lines":"105, 107, 111, 117, 135, N01","arr":["105","107","111","117","135","N01"],"terminus":0,"mode":"bus","color":"#0059a9","colorDark":"#00294f","angle":31.1,"snapDist":4,"label":0}},{"type":"Feature","geometry":{"type":"Point","coordinates":[20.491094,53.770956]},"properties":{"name":"Szpital Wojewódzki (Żołnierska)","lines":"105, 107, 111, 117, 135, N01","arr":["105","107","111","117","135","N01"],"terminus":0,"mode":"bus","color":"#0059a9","colorDark":"#00294f","angle":34.4,"snapDist":2,"label":0}},{"type":"Feature","geometry":{"type":"Point","coordinates":[20.487163,53.775798]},"properties":{"name":"Skwer Wakara (Kościuszki)","lines":"105, 107, 111, N01","arr":["105","107","111","N01"],"terminus":0,"mode":"bus","color":"#0059a9","colorDark":"#00294f","angle":117.7,"snapDist":0,"label":0}},{"type":"Feature","geometry":{"type":"Point","coordinates":[20.473181,53.769726]},"properties":{"name":"Osińskiego (Barczewskiego)","lines":"105","arr":["105"],"terminus":0,"mode":"bus","color":"#0059a9","colorDark":"#00294f","angle":199.6,"snapDist":4,"label":0}},{"type":"Feature","geometry":{"type":"Point","coordinates":[20.475714,53.768252]},"properties":{"name":"Barczewskiego (Borkowskiego)","lines":"105","arr":["105"],"terminus":0,"mode":"bus","color":"#0059a9","colorDark":"#00294f","angle":113.9,"snapDist":2,"label":0}},{"type":"Feature","geometry":{"type":"Point","coordinates":[20.474525,53.767119]},"properties":{"name":"Borkowskiego (Borkowskiego)","lines":"105","arr":["105"],"terminus":1,"mode":"bus","color":"#0059a9","colorDark":"#00294f","angle":310.9,"snapDist":2,"label":0}},{"type":"Feature","geometry":{"type":"Point","coordinates":[20.540052,53.783871]},"properties":{"name":"Cementowa (Cementowa)","lines":"106, 121, 128, 141","arr":["106","121","128","141"],"terminus":1,"mode":"bus","color":"#0059a9","colorDark":"#00294f","angle":65.3,"snapDist":2,"label":1}},{"type":"Feature","geometry":{"type":"Point","coordinates":[20.534503,53.78583]},"properties":{"name":"Zakład Gazowniczy (Lubelska)","lines":"106, 121, 128, 304","arr":["106","121","128","304"],"terminus":0,"mode":"bus","color":"#0059a9","colorDark":"#00294f","angle":11.2,"snapDist":2,"label":1}},{"type":"Feature","geometry":{"type":"Point","coordinates":[20.529156,53.782767]},"properties":{"name":"Towarowa-Budowlana (Towarowa)","lines":"106, 114, 125, 304","arr":["106","114","125","304"],"terminus":0,"mode":"bus","color":"#0059a9","colorDark":"#00294f","angle":343.7,"snapDist":11,"label":1}},{"type":"Feature","geometry":{"type":"Point","coordinates":[20.528484,53.777456]},"properties":{"name":"Sprzętowa (Sprzętowa)","lines":"106","arr":["106"],"terminus":0,"mode":"bus","color":"#0059a9","colorDark":"#00294f","angle":232.5,"snapDist":9,"label":1}},{"type":"Feature","geometry":{"type":"Point","coordinates":[20.531571,53.77524]},"properties":{"name":"Tor Kartingowy (Sprzętowa)","lines":"106","arr":["106"],"terminus":0,"mode":"bus","color":"#0059a9","colorDark":"#00294f","angle":136.3,"snapDist":14,"label":1}},{"type":"Feature","geometry":{"type":"Point","coordinates":[20.523639,53.781203]},"properties":{"name":"Wojewódzki Ośrodek Ruchu Drogowego (Towarowa)","lines":"106, 114, 125, 304","arr":["106","114","125","304"],"terminus":0,"mode":"bus","color":"#0059a9","colorDark":"#00294f","angle":353.8,"snapDist":5,"label":1}},{"type":"Feature","geometry":{"type":"Point","coordinates":[20.511079,53.78169]},"properties":{"name":"Obi (Towarowa)","lines":"106, 114, 125, 141, 304","arr":["106","114","125","141","304"],"terminus":0,"mode":"bus","color":"#0059a9","colorDark":"#00294f","angle":0.4,"snapDist":3,"label":1}},{"type":"Feature","geometry":{"type":"Point","coordinates":[20.507128,53.783322]},"properties":{"name":"Żelazna (Składowa)","lines":"106, 141","arr":["106","141"],"terminus":0,"mode":"bus","color":"#0059a9","colorDark":"#00294f","angle":70.2,"snapDist":2,"label":1}},{"type":"Feature","geometry":{"type":"Point","coordinates":[20.498361,53.773549]},"properties":{"name":"Hala Urania (Piłsudskiego)","lines":"106, 113, 128","arr":["106","113","128"],"terminus":0,"mode":"bus","color":"#0059a9","colorDark":"#00294f","angle":24.6,"snapDist":3,"label":1}},{"type":"Feature","geometry":{"type":"Point","coordinates":[20.489679,53.775866]},"properties":{"name":"Planetarium (Piłsudskiego)","lines":"106, 113, 117, 128","arr":["106","113","117","128"],"terminus":0,"mode":"bus","color":"#0059a9","colorDark":"#00294f","angle":25.4,"snapDist":4,"label":1}},{"type":"Feature","geometry":{"type":"Point","coordinates":[20.480332,53.779922]},"properties":{"name":"Teatr im. S. Jaracza (1 Maja)","lines":"106, 110, 117, 119, 135, 136, N02","arr":["106","110","117","119","135","136","N02"],"terminus":0,"mode":"bus","color":"#0059a9","colorDark":"#00294f","angle":95.6,"snapDist":4,"label":1}},{"type":"Feature","geometry":{"type":"Point","coordinates":[20.468379,53.778923]},"properties":{"name":"Bohaterów Monte Cassino (Bohaterów Bitwy Warszawskiej 1920)","lines":"106","arr":["106"],"terminus":0,"mode":"bus","color":"#0059a9","colorDark":"#00294f","angle":327.9,"snapDist":6,"label":1}},{"type":"Feature","geometry":{"type":"Point","coordinates":[20.426786,53.798078]},"properties":{"name":"Wioślarska (Bałtycka)","lines":"106, 111, 145, N02","arr":["106","111","145","N02"],"terminus":0,"mode":"bus","color":"#0059a9","colorDark":"#00294f","angle":32.8,"snapDist":3,"label":1}},{"type":"Feature","geometry":{"type":"Point","coordinates":[20.412236,53.800389]},"properties":{"name":"Kanarkowa (Bałtycka)","lines":"106, 111, 145, N02","arr":["106","111","145","N02"],"terminus":0,"mode":"bus","color":"#0059a9","colorDark":"#00294f","angle":33.1,"snapDist":3,"label":1}},{"type":"Feature","geometry":{"type":"Point","coordinates":[20.40802,53.801938]},"properties":{"name":"Poranna (Bałtycka)","lines":"106, 111, 145, N02","arr":["106","111","145","N02"],"terminus":0,"mode":"bus","color":"#0059a9","colorDark":"#00294f","angle":27,"snapDist":3,"label":1}},{"type":"Feature","geometry":{"type":"Point","coordinates":[20.405337,53.80286]},"properties":{"name":"Żurawia (Bałtycka)","lines":"106, 111, 145, N02","arr":["106","111","145","N02"],"terminus":0,"mode":"bus","color":"#0059a9","colorDark":"#00294f","angle":34.3,"snapDist":3,"label":1}},{"type":"Feature","geometry":{"type":"Point","coordinates":[20.400935,53.805464]},"properties":{"name":"Sokola (Bałtycka)","lines":"106, 111, N02","arr":["106","111","N02"],"terminus":0,"mode":"bus","color":"#0059a9","colorDark":"#00294f","angle":54.6,"snapDist":1,"label":1}},{"type":"Feature","geometry":{"type":"Point","coordinates":[20.394588,53.808635]},"properties":{"name":"Gutkowo (Bałtycka)","lines":"106, 111","arr":["106","111"],"terminus":1,"mode":"bus","color":"#0059a9","colorDark":"#00294f","angle":7.5,"snapDist":4,"label":1}},{"type":"Feature","geometry":{"type":"Point","coordinates":[20.394337,53.808654]},"properties":{"name":"Gutkowo (Słowicza)","lines":"106, 111, N02","arr":["106","111","N02"],"terminus":1,"mode":"bus","color":"#0059a9","colorDark":"#00294f","angle":187.5,"snapDist":4,"label":1}},{"type":"Feature","geometry":{"type":"Point","coordinates":[20.401639,53.804883]},"properties":{"name":"Sokola (Bałtycka)","lines":"106, 111, N02","arr":["106","111","N02"],"terminus":0,"mode":"bus","color":"#0059a9","colorDark":"#00294f","angle":233.4,"snapDist":8,"label":0}},{"type":"Feature","geometry":{"type":"Point","coordinates":[20.40469,53.803173]},"properties":{"name":"Żurawia (Bałtycka)","lines":"106, 111, 145, N02","arr":["106","111","145","N02"],"terminus":0,"mode":"bus","color":"#0059a9","colorDark":"#00294f","angle":221.7,"snapDist":8,"label":0}},{"type":"Feature","geometry":{"type":"Point","coordinates":[20.408942,53.801664]},"properties":{"name":"Poranna (Bałtycka)","lines":"106, 111, 145, N02","arr":["106","111","145","N02"],"terminus":0,"mode":"bus","color":"#0059a9","colorDark":"#00294f","angle":206.5,"snapDist":8,"label":0}},{"type":"Feature","geometry":{"type":"Point","coordinates":[20.41205,53.800467]},"properties":{"name":"Kanarkowa (Bałtycka)","lines":"106, 111, 145, N02","arr":["106","111","145","N02"],"terminus":0,"mode":"bus","color":"#0059a9","colorDark":"#00294f","angle":215.7,"snapDist":3,"label":0}},{"type":"Feature","geometry":{"type":"Point","coordinates":[20.427042,53.797981]},"properties":{"name":"Wioślarska (Bałtycka)","lines":"106, 111, 145, N02","arr":["106","111","145","N02"],"terminus":0,"mode":"bus","color":"#0059a9","colorDark":"#00294f","angle":212.6,"snapDist":4,"label":0}},{"type":"Feature","geometry":{"type":"Point","coordinates":[20.465293,53.778037]},"properties":{"name":"Dworzec Zachodni (Bohaterów Bitwy Warszawskiej 1920)","lines":"106, 135","arr":["106","135"],"terminus":0,"mode":"bus","color":"#0059a9","colorDark":"#00294f","angle":165.9,"snapDist":4,"label":1}},{"type":"Feature","geometry":{"type":"Point","coordinates":[20.470097,53.779415]},"properties":{"name":"Bohaterów Monte Cassino (Bohaterów Bitwy Warszawskiej 1920)","lines":"106, 135","arr":["106","135"],"terminus":0,"mode":"bus","color":"#0059a9","colorDark":"#00294f","angle":149.2,"snapDist":4,"label":0}},{"type":"Feature","geometry":{"type":"Point","coordinates":[20.480325,53.779878]},"properties":{"name":"Teatr im. S. Jaracza (1 Maja)","lines":"106, 110, 117, 119, 135, 136, N02","arr":["106","110","117","119","135","136","N02"],"terminus":0,"mode":"bus","color":"#0059a9","colorDark":"#00294f","angle":275.6,"snapDist":12,"label":0}},{"type":"Feature","geometry":{"type":"Point","coordinates":[20.489679,53.775866]},"properties":{"name":"Planetarium (Piłsudskiego)","lines":"106, 113, 117, 128","arr":["106","113","117","128"],"terminus":0,"mode":"bus","color":"#0059a9","colorDark":"#00294f","angle":205.4,"snapDist":4,"label":0}},{"type":"Feature","geometry":{"type":"Point","coordinates":[20.498361,53.773549]},"properties":{"name":"Hala Urania (Piłsudskiego)","lines":"106, 113, 128","arr":["106","113","128"],"terminus":0,"mode":"bus","color":"#0059a9","colorDark":"#00294f","angle":204.6,"snapDist":3,"label":0}},{"type":"Feature","geometry":{"type":"Point","coordinates":[20.498942,53.783977]},"properties":{"name":"Dworzec Główny (Dworcowa)","lines":"106, 114, 115, 121, 128, 304","arr":["106","114","115","121","128","304"],"terminus":1,"mode":"bus","color":"#0059a9","colorDark":"#00294f","angle":96.6,"snapDist":7,"label":0}},{"type":"Feature","geometry":{"type":"Point","coordinates":[20.507274,53.783017]},"properties":{"name":"Żelazna (Składowa)","lines":"106, 141","arr":["106","141"],"terminus":0,"mode":"bus","color":"#0059a9","colorDark":"#00294f","angle":256.7,"snapDist":8,"label":0}},{"type":"Feature","geometry":{"type":"Point","coordinates":[20.509051,53.781554]},"properties":{"name":"Składowa (Towarowa)","lines":"106, 114, 115, 141, 304","arr":["106","114","115","141","304"],"terminus":0,"mode":"bus","color":"#0059a9","colorDark":"#00294f","angle":180.6,"snapDist":4,"label":1}},{"type":"Feature","geometry":{"type":"Point","coordinates":[20.515941,53.781482]},"properties":{"name":"Obi (Towarowa)","lines":"106, 114, 115, 304","arr":["106","114","115","304"],"terminus":0,"mode":"bus","color":"#0059a9","colorDark":"#00294f","angle":183.2,"snapDist":1,"label":1}},{"type":"Feature","geometry":{"type":"Point","coordinates":[20.524922,53.780437]},"properties":{"name":"Wojewódzki Ośrodek Ruchu Drogowego (Sprzętowa)","lines":"106","arr":["106"],"terminus":0,"mode":"bus","color":"#0059a9","colorDark":"#00294f","angle":250.3,"snapDist":9,"label":1}},{"type":"Feature","geometry":{"type":"Point","coordinates":[20.528441,53.777489]},"properties":{"name":"Sprzętowa (Sprzętowa)","lines":"106","arr":["106"],"terminus":0,"mode":"bus","color":"#0059a9","colorDark":"#00294f","angle":232.5,"snapDist":9,"label":0}},{"type":"Feature","geometry":{"type":"Point","coordinates":[20.531518,53.775216]},"properties":{"name":"Tor Kartingowy (Sprzętowa)","lines":"106","arr":["106"],"terminus":0,"mode":"bus","color":"#0059a9","colorDark":"#00294f","angle":142,"snapDist":15,"label":0}},{"type":"Feature","geometry":{"type":"Point","coordinates":[20.525267,53.78142]},"properties":{"name":"Wojewódzki Ośrodek Ruchu Drogowego (Towarowa)","lines":"106, 114, 115, 304","arr":["106","114","115","304"],"terminus":0,"mode":"bus","color":"#0059a9","colorDark":"#00294f","angle":153.9,"snapDist":3,"label":0}},{"type":"Feature","geometry":{"type":"Point","coordinates":[20.530934,53.784554]},"properties":{"name":"Towarowa-Budowlana (Budowlana)","lines":"106, 141, 304","arr":["106","141","304"],"terminus":0,"mode":"bus","color":"#0059a9","colorDark":"#00294f","angle":102.1,"snapDist":2,"label":1}},{"type":"Feature","geometry":{"type":"Point","coordinates":[20.535108,53.785758]},"properties":{"name":"Zakład Gazowniczy (Lubelska)","lines":"106, 121, 128, 304","arr":["106","121","128","304"],"terminus":0,"mode":"bus","color":"#0059a9","colorDark":"#00294f","angle":191.8,"snapDist":9,"label":0}},{"type":"Feature","geometry":{"type":"Point","coordinates":[20.539631,53.783587]},"properties":{"name":"Cementowa (Cementowa)","lines":"106, 121, 141","arr":["106","121","141"],"terminus":1,"mode":"bus","color":"#0059a9","colorDark":"#00294f","angle":239.3,"snapDist":8,"label":0}},{"type":"Feature","geometry":{"type":"Point","coordinates":[20.481715,53.797248]},"properties":{"name":"Jakubowo (Parkowa)","lines":"107, 110, 117","arr":["107","110","117"],"terminus":1,"mode":"bus","color":"#0059a9","colorDark":"#00294f","angle":203.1,"snapDist":6,"label":1}},{"type":"Feature","geometry":{"type":"Point","coordinates":[20.483501,53.795796]},"properties":{"name":"Szpital MSWiA (Sybiraków)","lines":"107, N02","arr":["107","N02"],"terminus":0,"mode":"bus","color":"#0059a9","colorDark":"#00294f","angle":220.7,"snapDist":5,"label":1}},{"type":"Feature","geometry":{"type":"Point","coordinates":[20.48939,53.792206]},"properties":{"name":"Stacja Krwiodawstwa (Sybiraków)","lines":"107, N02","arr":["107","N02"],"terminus":0,"mode":"bus","color":"#0059a9","colorDark":"#00294f","angle":237.2,"snapDist":7,"label":1}},{"type":"Feature","geometry":{"type":"Point","coordinates":[20.450337,53.774163]},"properties":{"name":"Plaża Miejska (Sielska)","lines":"107, 113, N02","arr":["107","113","N02"],"terminus":0,"mode":"bus","color":"#0059a9","colorDark":"#00294f","angle":300.4,"snapDist":8,"label":1}},{"type":"Feature","geometry":{"type":"Point","coordinates":[20.444742,53.771635]},"properties":{"name":"Zatoka Miła (Sielska)","lines":"107, 113, N02","arr":["107","113","N02"],"terminus":0,"mode":"bus","color":"#0059a9","colorDark":"#00294f","angle":343,"snapDist":5,"label":1}},{"type":"Feature","geometry":{"type":"Point","coordinates":[20.43044,53.768645]},"properties":{"name":"Kłosowa (Sielska)","lines":"107, 113, N02","arr":["107","113","N02"],"terminus":0,"mode":"bus","color":"#0059a9","colorDark":"#00294f","angle":341.3,"snapDist":4,"label":1}},{"type":"Feature","geometry":{"type":"Point","coordinates":[20.428011,53.765789]},"properties":{"name":"Żytnia-Szkoła (Kłosowa)","lines":"107, 113","arr":["107","113"],"terminus":0,"mode":"bus","color":"#0059a9","colorDark":"#00294f","angle":270.5,"snapDist":5,"label":1}},{"type":"Feature","geometry":{"type":"Point","coordinates":[20.425345,53.761839]},"properties":{"name":"Dożynkowa (Kłosowa)","lines":"107, 113","arr":["107","113"],"terminus":0,"mode":"bus","color":"#0059a9","colorDark":"#00294f","angle":294.9,"snapDist":5,"label":1}},{"type":"Feature","geometry":{"type":"Point","coordinates":[20.419621,53.761869]},"properties":{"name":"Owocowa (Kłosowa)","lines":"107, 113","arr":["107","113"],"terminus":0,"mode":"bus","color":"#0059a9","colorDark":"#00294f","angle":36.8,"snapDist":1,"label":1}},{"type":"Feature","geometry":{"type":"Point","coordinates":[20.416928,53.765423]},"properties":{"name":"Rolna (Kłosowa)","lines":"107, 113","arr":["107","113"],"terminus":0,"mode":"bus","color":"#0059a9","colorDark":"#00294f","angle":120.3,"snapDist":1,"label":1}},{"type":"Feature","geometry":{"type":"Point","coordinates":[20.41713,53.767871]},"properties":{"name":"Dajtki (Zbożowa)","lines":"107","arr":["107"],"terminus":0,"mode":"bus","color":"#0059a9","colorDark":"#00294f","angle":92.5,"snapDist":1,"label":0}},{"type":"Feature","geometry":{"type":"Point","coordinates":[20.383687,53.770639]},"properties":{"name":"Kudypy-Leśne Arboretum (Kudypy)","lines":"107","arr":["107"],"terminus":0,"mode":"bus","color":"#0059a9","colorDark":"#00294f","angle":74.1,"snapDist":4,"label":1}},{"type":"Feature","geometry":{"type":"Point","coordinates":[20.375247,53.779608]},"properties":{"name":"Perkoza (Perkoza)","lines":"107","arr":["107"],"terminus":0,"mode":"bus","color":"#0059a9","colorDark":"#00294f","angle":31.4,"snapDist":7,"label":1}},{"type":"Feature","geometry":{"type":"Point","coordinates":[20.373315,53.781883]},"properties":{"name":"Łupstych (Żurawia)","lines":"107","arr":["107"],"terminus":1,"mode":"bus","color":"#0059a9","colorDark":"#00294f","angle":132.4,"snapDist":1,"label":1}},{"type":"Feature","geometry":{"type":"Point","coordinates":[20.373257,53.782118]},"properties":{"name":"Łupstych (Żurawia)","lines":"107","arr":["107"],"terminus":1,"mode":"bus","color":"#0059a9","colorDark":"#00294f","angle":337.2,"snapDist":2,"label":0}},{"type":"Feature","geometry":{"type":"Point","coordinates":[20.3766,53.77918]},"properties":{"name":"Perkoza (Perkoza)","lines":"107","arr":["107"],"terminus":0,"mode":"bus","color":"#0059a9","colorDark":"#00294f","angle":209.8,"snapDist":7,"label":0}},{"type":"Feature","geometry":{"type":"Point","coordinates":[20.385108,53.770451]},"properties":{"name":"Kudypy-Leśne Arboretum (Kudypy)","lines":"107","arr":["107"],"terminus":0,"mode":"bus","color":"#0059a9","colorDark":"#00294f","angle":168.1,"snapDist":7,"label":0}},{"type":"Feature","geometry":{"type":"Point","coordinates":[20.416859,53.768204]},"properties":{"name":"Dajtki (Zbożowa)","lines":"107, 113, N02","arr":["107","113","N02"],"terminus":1,"mode":"bus","color":"#0059a9","colorDark":"#00294f","angle":12.6,"snapDist":6,"label":1}},{"type":"Feature","geometry":{"type":"Point","coordinates":[20.416382,53.764682]},"properties":{"name":"Rolna (Kłosowa)","lines":"107, 113, N02","arr":["107","113","N02"],"terminus":0,"mode":"bus","color":"#0059a9","colorDark":"#00294f","angle":280.6,"snapDist":5,"label":0}},{"type":"Feature","geometry":{"type":"Point","coordinates":[20.418285,53.762757]},"properties":{"name":"Owocowa (Kłosowa)","lines":"107, 113, N02","arr":["107","113","N02"],"terminus":0,"mode":"bus","color":"#0059a9","colorDark":"#00294f","angle":219.1,"snapDist":7,"label":0}},{"type":"Feature","geometry":{"type":"Point","coordinates":[20.425809,53.762434]},"properties":{"name":"Dożynkowa (Kłosowa)","lines":"107, 113, N02","arr":["107","113","N02"],"terminus":0,"mode":"bus","color":"#0059a9","colorDark":"#00294f","angle":114,"snapDist":2,"label":0}},{"type":"Feature","geometry":{"type":"Point","coordinates":[20.427937,53.764725]},"properties":{"name":"Żytnia-Szkoła (Kłosowa)","lines":"107, 113, N02","arr":["107","113","N02"],"terminus":0,"mode":"bus","color":"#0059a9","colorDark":"#00294f","angle":102.9,"snapDist":2,"label":0}},{"type":"Feature","geometry":{"type":"Point","coordinates":[20.427817,53.768108]},"properties":{"name":"Kłosowa (Sielska)","lines":"107, 113, N02","arr":["107","113","N02"],"terminus":0,"mode":"bus","color":"#0059a9","colorDark":"#00294f","angle":160.7,"snapDist":7,"label":0}},{"type":"Feature","geometry":{"type":"Point","coordinates":[20.435428,53.769482]},"properties":{"name":"Okrągła (Sielska)","lines":"107, 113, N02","arr":["107","113","N02"],"terminus":0,"mode":"bus","color":"#0059a9","colorDark":"#00294f","angle":-16.2,"snapDist":7,"label":1}},{"type":"Feature","geometry":{"type":"Point","coordinates":[20.446748,53.771889]},"properties":{"name":"Zatoka Miła (Sielska)","lines":"107, 113, 307, N02","arr":["107","113","307","N02"],"terminus":0,"mode":"bus","color":"#0059a9","colorDark":"#00294f","angle":161.5,"snapDist":5,"label":0}},{"type":"Feature","geometry":{"type":"Point","coordinates":[20.450355,53.773962]},"properties":{"name":"Plaża Miejska (Sielska)","lines":"107, 113, 307, N02","arr":["107","113","307","N02"],"terminus":0,"mode":"bus","color":"#0059a9","colorDark":"#00294f","angle":117.6,"snapDist":3,"label":0}},{"type":"Feature","geometry":{"type":"Point","coordinates":[20.498312,53.784586]},"properties":{"name":"Dworzec Główny (pl. Konstytucji 3 Maja)","lines":"107, 108, 112, 124, 125, 126, 131, 132, N02","arr":["107","108","112","124","125","126","131","132","N02"],"terminus":1,"mode":"bus","color":"#0059a9","colorDark":"#00294f","angle":353.1,"snapDist":13,"label":0}},{"type":"Feature","geometry":{"type":"Point","coordinates":[20.488893,53.792642]},"properties":{"name":"Stacja Krwiodawstwa (Sybiraków)","lines":"107","arr":["107"],"terminus":0,"mode":"bus","color":"#0059a9","colorDark":"#00294f","angle":54.6,"snapDist":0,"label":0}},{"type":"Feature","geometry":{"type":"Point","coordinates":[20.483293,53.795902]},"properties":{"name":"Szpital MSWiA (Sybiraków)","lines":"107","arr":["107"],"terminus":0,"mode":"bus","color":"#0059a9","colorDark":"#00294f","angle":40.7,"snapDist":3,"label":0}},{"type":"Feature","geometry":{"type":"Point","coordinates":[20.482172,53.797629]},"properties":{"name":"Jakubowo (Wojska Polskiego)","lines":"107","arr":["107"],"terminus":1,"mode":"bus","color":"#0059a9","colorDark":"#00294f","angle":85.2,"snapDist":1,"label":1}},{"type":"Feature","geometry":{"type":"Point","coordinates":[20.495858,53.792839]},"properties":{"name":"Wrocławska (Jagiellońska)","lines":"108, 109, 112, 124, 125, 126, 131, 132, 136","arr":["108","109","112","124","125","126","131","132","136"],"terminus":0,"mode":"bus","color":"#0059a9","colorDark":"#00294f","angle":119.2,"snapDist":2,"label":1}},{"type":"Feature","geometry":{"type":"Point","coordinates":[20.499039,53.796323]},"properties":{"name":"Bydgoska (Jagiellońska)","lines":"108, 109, 112, 126, 136","arr":["108","109","112","126","136"],"terminus":0,"mode":"bus","color":"#0059a9","colorDark":"#00294f","angle":125.9,"snapDist":2,"label":1}},{"type":"Feature","geometry":{"type":"Point","coordinates":[20.501918,53.798185]},"properties":{"name":"Osiedle Podleśna (Jagiellońska)","lines":"108, 109, 112, 126, 136","arr":["108","109","112","126","136"],"terminus":1,"mode":"bus","color":"#0059a9","colorDark":"#00294f","angle":188.6,"snapDist":6,"label":1}},{"type":"Feature","geometry":{"type":"Point","coordinates":[20.506947,53.802755]},"properties":{"name":"Jagiellońska-Szpital (Jagiellońska)","lines":"108, 112, 126","arr":["108","112","126"],"terminus":0,"mode":"bus","color":"#0059a9","colorDark":"#00294f","angle":82.1,"snapDist":4,"label":0}},{"type":"Feature","geometry":{"type":"Point","coordinates":[20.512661,53.807433]},"properties":{"name":"Ośrodek Doradztwa Rolniczego (Jagiellońska)","lines":"108, 112, 126","arr":["108","112","126"],"terminus":0,"mode":"bus","color":"#0059a9","colorDark":"#00294f","angle":133,"snapDist":3,"label":1}},{"type":"Feature","geometry":{"type":"Point","coordinates":[20.517628,53.809411]},"properties":{"name":"Jagiellońska-Ogrody (Jagiellońska)","lines":"108, 112","arr":["108","112"],"terminus":0,"mode":"bus","color":"#0059a9","colorDark":"#00294f","angle":144.8,"snapDist":0,"label":0}},{"type":"Feature","geometry":{"type":"Point","coordinates":[20.523223,53.817909]},"properties":{"name":"Wadąg (Wadąg)","lines":"108","arr":["108"],"terminus":0,"mode":"bus","color":"#0059a9","colorDark":"#00294f","angle":104.3,"snapDist":3,"label":1}},{"type":"Feature","geometry":{"type":"Point","coordinates":[20.527141,53.824129]},"properties":{"name":"Myki-Ogrody II (Myki)","lines":"108","arr":["108"],"terminus":0,"mode":"bus","color":"#0059a9","colorDark":"#00294f","angle":104.1,"snapDist":1,"label":1}},{"type":"Feature","geometry":{"type":"Point","coordinates":[20.5277,53.82821]},"properties":{"name":"Myki-Ogrody I (Myki)","lines":"108","arr":["108"],"terminus":0,"mode":"bus","color":"#0059a9","colorDark":"#00294f","angle":91.5,"snapDist":3,"label":1}},{"type":"Feature","geometry":{"type":"Point","coordinates":[20.527249,53.832404]},"properties":{"name":"Kieźliny-Domagały Kapliczka (Słupy)","lines":"108","arr":["108"],"terminus":0,"mode":"bus","color":"#0059a9","colorDark":"#00294f","angle":84.2,"snapDist":5,"label":1}},{"type":"Feature","geometry":{"type":"Point","coordinates":[20.528964,53.834853]},"properties":{"name":"Słupy-Osiedle Leśne (Słupy)","lines":"108","arr":["108"],"terminus":0,"mode":"bus","color":"#0059a9","colorDark":"#00294f","angle":131.4,"snapDist":5,"label":1}},{"type":"Feature","geometry":{"type":"Point","coordinates":[20.532226,53.839895]},"properties":{"name":"Słupy-Kościół (Słupy)","lines":"108","arr":["108"],"terminus":0,"mode":"bus","color":"#0059a9","colorDark":"#00294f","angle":111.3,"snapDist":2,"label":1}},{"type":"Feature","geometry":{"type":"Point","coordinates":[20.534046,53.842908]},"properties":{"name":"Słupy (Słupy)","lines":"108, 112","arr":["108","112"],"terminus":0,"mode":"bus","color":"#0059a9","colorDark":"#00294f","angle":128.1,"snapDist":0,"label":1}},{"type":"Feature","geometry":{"type":"Point","coordinates":[20.52725,53.855739]},"properties":{"name":"Różnowo (Różnowo)","lines":"108, 112","arr":["108","112"],"terminus":0,"mode":"bus","color":"#0059a9","colorDark":"#00294f","angle":343.2,"snapDist":0,"label":1}},{"type":"Feature","geometry":{"type":"Point","coordinates":[20.517685,53.856658]},"properties":{"name":"Różnowo-Osiedle (Różnowo)","lines":"108","arr":["108"],"terminus":0,"mode":"bus","color":"#0059a9","colorDark":"#00294f","angle":26.7,"snapDist":1,"label":1}},{"type":"Feature","geometry":{"type":"Point","coordinates":[20.500884,53.857706]},"properties":{"name":"Różnowo Stare (Różnowo)","lines":"108","arr":["108"],"terminus":0,"mode":"bus","color":"#0059a9","colorDark":"#00294f","angle":9.4,"snapDist":3,"label":1}},{"type":"Feature","geometry":{"type":"Point","coordinates":[20.496417,53.851134]},"properties":{"name":"Różnowo-Przejście (Różnowo)","lines":"108","arr":["108"],"terminus":0,"mode":"bus","color":"#0059a9","colorDark":"#00294f","angle":307.7,"snapDist":3,"label":1}},{"type":"Feature","geometry":{"type":"Point","coordinates":[20.489778,53.845904]},"properties":{"name":"Różnowo-Kolonia (Różnowo)","lines":"108","arr":["108"],"terminus":0,"mode":"bus","color":"#0059a9","colorDark":"#00294f","angle":321.9,"snapDist":1,"label":1}},{"type":"Feature","geometry":{"type":"Point","coordinates":[20.484992,53.843129]},"properties":{"name":"Dywity-Cefarm (Dywity)","lines":"108","arr":["108"],"terminus":0,"mode":"bus","color":"#0059a9","colorDark":"#00294f","angle":294.6,"snapDist":8,"label":1}},{"type":"Feature","geometry":{"type":"Point","coordinates":[20.476046,53.836313]},"properties":{"name":"Dywity (Dywity)","lines":"108, 110","arr":["108","110"],"terminus":0,"mode":"bus","color":"#0059a9","colorDark":"#00294f","angle":347.8,"snapDist":2,"label":1}},{"type":"Feature","geometry":{"type":"Point","coordinates":[20.473362,53.833394]},"properties":{"name":"Dywity-Gminny Ośrodek Kultury (Dywity)","lines":"108, 110","arr":["108","110"],"terminus":0,"mode":"bus","color":"#0059a9","colorDark":"#00294f","angle":258.3,"snapDist":7,"label":1}},{"type":"Feature","geometry":{"type":"Point","coordinates":[20.47506,53.827955]},"properties":{"name":"Dywity-Grzybowa (Dywity)","lines":"108, 110","arr":["108","110"],"terminus":0,"mode":"bus","color":"#0059a9","colorDark":"#00294f","angle":259.7,"snapDist":8,"label":1}},{"type":"Feature","geometry":{"type":"Point","coordinates":[20.480931,53.822687]},"properties":{"name":"Cmentarz Dywity-Brama Zachodnia (Wadąska)","lines":"108, 117","arr":["108","117"],"terminus":0,"mode":"bus","color":"#0059a9","colorDark":"#00294f","angle":165.9,"snapDist":6,"label":1}},{"type":"Feature","geometry":{"type":"Point","coordinates":[20.492978,53.822272]},"properties":{"name":"Cmentarz Dywity-Brama Wschodnia (Wadąska)","lines":"108","arr":["108"],"terminus":0,"mode":"bus","color":"#0059a9","colorDark":"#00294f","angle":6.7,"snapDist":18,"label":0}},{"type":"Feature","geometry":{"type":"Point","coordinates":[20.507366,53.821525]},"properties":{"name":"Kieźliny-Przedszkole (Kieźliny)","lines":"108","arr":["108"],"terminus":0,"mode":"bus","color":"#0059a9","colorDark":"#00294f","angle":182.9,"snapDist":7,"label":1}},{"type":"Feature","geometry":{"type":"Point","coordinates":[20.511117,53.820981]},"properties":{"name":"Kieźliny-Kościół (Kieźliny)","lines":"108","arr":["108"],"terminus":0,"mode":"bus","color":"#0059a9","colorDark":"#00294f","angle":197.6,"snapDist":8,"label":1}},{"type":"Feature","geometry":{"type":"Point","coordinates":[20.522458,53.817231]},"properties":{"name":"Wadąg (Wadąg)","lines":"108","arr":["108"],"terminus":0,"mode":"bus","color":"#0059a9","colorDark":"#00294f","angle":197.5,"snapDist":8,"label":0}},{"type":"Feature","geometry":{"type":"Point","coordinates":[20.512389,53.80726]},"properties":{"name":"Ośrodek Doradztwa Rolniczego (Jagiellońska)","lines":"108, 112, 126","arr":["108","112","126"],"terminus":0,"mode":"bus","color":"#0059a9","colorDark":"#00294f","angle":-47.2,"snapDist":10,"label":0}},{"type":"Feature","geometry":{"type":"Point","coordinates":[20.506906,53.802666]},"properties":{"name":"Jagiellońska-Szpital (Jagiellońska)","lines":"108, 112, 126, 136","arr":["108","112","126","136"],"terminus":1,"mode":"bus","color":"#0059a9","colorDark":"#00294f","angle":135.2,"snapDist":2,"label":1}},{"type":"Feature","geometry":{"type":"Point","coordinates":[20.499801,53.796945]},"properties":{"name":"Bydgoska (Jagiellońska)","lines":"108, 109, 112, 126, 136","arr":["108","109","112","126","136"],"terminus":0,"mode":"bus","color":"#0059a9","colorDark":"#00294f","angle":-54.1,"snapDist":3,"label":0}},{"type":"Feature","geometry":{"type":"Point","coordinates":[20.496492,53.793677]},"properties":{"name":"Wrocławska (Jagiellońska)","lines":"108, 109, 112, 115, 124, 126, 131, 132, 136","arr":["108","109","112","115","124","126","131","132","136"],"terminus":0,"mode":"bus","color":"#0059a9","colorDark":"#00294f","angle":292.5,"snapDist":4,"label":0}},{"type":"Feature","geometry":{"type":"Point","coordinates":[20.493046,53.791197]},"properties":{"name":"Szewczenki (Jagiellońska)","lines":"108, 109, 112, 115, 124, 126, 131, 132, 136","arr":["108","109","112","115","124","126","131","132","136"],"terminus":0,"mode":"bus","color":"#0059a9","colorDark":"#00294f","angle":139,"snapDist":4,"label":1}},{"type":"Feature","geometry":{"type":"Point","coordinates":[20.502067,53.79845]},"properties":{"name":"Osiedle Podleśna (Wiosenna)","lines":"109","arr":["109"],"terminus":1,"mode":"bus","color":"#0059a9","colorDark":"#00294f","angle":23.4,"snapDist":4,"label":1}},{"type":"Feature","geometry":{"type":"Point","coordinates":[20.490394,53.781366]},"properties":{"name":"Plac Pułaskiego (pl. Pułaskiego)","lines":"109","arr":["109"],"terminus":0,"mode":"bus","color":"#0059a9","colorDark":"#00294f","angle":119.2,"snapDist":1,"label":0}},{"type":"Feature","geometry":{"type":"Point","coordinates":[20.490715,53.780079]},"properties":{"name":"Filharmonia (Kościuszki)","lines":"109","arr":["109"],"terminus":0,"mode":"bus","color":"#0059a9","colorDark":"#00294f","angle":122.5,"snapDist":6,"label":1}},{"type":"Feature","geometry":{"type":"Point","coordinates":[20.44874,53.751755]},"properties":{"name":"Słoneczny Stok (Słoneczna)","lines":"109","arr":["109"],"terminus":1,"mode":"bus","color":"#0059a9","colorDark":"#00294f","angle":187.6,"snapDist":6,"label":1}},{"type":"Feature","geometry":{"type":"Point","coordinates":[20.449084,53.751845]},"properties":{"name":"Słoneczny Stok (Słoneczna)","lines":"109, N02","arr":["109","N02"],"terminus":1,"mode":"bus","color":"#0059a9","colorDark":"#00294f","angle":334.3,"snapDist":5,"label":0}},{"type":"Feature","geometry":{"type":"Point","coordinates":[20.490685,53.780051]},"properties":{"name":"Filharmonia (Kościuszki)","lines":"109","arr":["109"],"terminus":0,"mode":"bus","color":"#0059a9","colorDark":"#00294f","angle":122.2,"snapDist":7,"label":0}},{"type":"Feature","geometry":{"type":"Point","coordinates":[20.528725,53.769323]},"properties":{"name":"Polmozbyt (Piłsudskiego)","lines":"110, 135","arr":["110","135"],"terminus":1,"mode":"bus","color":"#0059a9","colorDark":"#00294f","angle":134.7,"snapDist":5,"label":1}},{"type":"Feature","geometry":{"type":"Point","coordinates":[20.523169,53.769744]},"properties":{"name":"Michelin-Brama nr 3 (Piłsudskiego)","lines":"110, 135","arr":["110","135"],"terminus":0,"mode":"bus","color":"#0059a9","colorDark":"#00294f","angle":346.3,"snapDist":5,"label":1}},{"type":"Feature","geometry":{"type":"Point","coordinates":[20.509873,53.771371]},"properties":{"name":"Michelin-Biuro (Leonharda)","lines":"110, 121, 141","arr":["110","121","141"],"terminus":0,"mode":"bus","color":"#0059a9","colorDark":"#00294f","angle":113.6,"snapDist":3,"label":1}},{"type":"Feature","geometry":{"type":"Point","coordinates":[20.512209,53.775822]},"properties":{"name":"Michelin-Brama nr 6 (Leonharda)","lines":"110, 121, 141","arr":["110","121","141"],"terminus":0,"mode":"bus","color":"#0059a9","colorDark":"#00294f","angle":102.4,"snapDist":6,"label":1}},{"type":"Feature","geometry":{"type":"Point","coordinates":[20.510236,53.779242]},"properties":{"name":"Zajezdnia MPK (Kołobrzeska)","lines":"110, 121","arr":["110","121"],"terminus":0,"mode":"bus","color":"#0059a9","colorDark":"#00294f","angle":3.5,"snapDist":5,"label":1}},{"type":"Feature","geometry":{"type":"Point","coordinates":[20.502446,53.779206]},"properties":{"name":"Soplicy (Kołobrzeska)","lines":"110, 121","arr":["110","121"],"terminus":0,"mode":"bus","color":"#0059a9","colorDark":"#00294f","angle":344.5,"snapDist":4,"label":1}},{"type":"Feature","geometry":{"type":"Point","coordinates":[20.495191,53.77868]},"properties":{"name":"Westerplatte (Kołobrzeska)","lines":"110","arr":["110"],"terminus":0,"mode":"bus","color":"#0059a9","colorDark":"#00294f","angle":358.6,"snapDist":2,"label":1}},{"type":"Feature","geometry":{"type":"Point","coordinates":[20.491296,53.779069]},"properties":{"name":"Teatr Lalek (Kołobrzeska)","lines":"110","arr":["110"],"terminus":0,"mode":"bus","color":"#0059a9","colorDark":"#00294f","angle":26.1,"snapDist":1,"label":1}},{"type":"Feature","geometry":{"type":"Point","coordinates":[20.481888,53.784424]},"properties":{"name":"Wyspiańskiego (Wojska Polskiego)","lines":"110, 117, 136, N02","arr":["110","117","136","N02"],"terminus":0,"mode":"bus","color":"#0059a9","colorDark":"#00294f","angle":101.7,"snapDist":2,"label":1}},{"type":"Feature","geometry":{"type":"Point","coordinates":[20.482359,53.78875]},"properties":{"name":"Zespół Szkół Samochodowych (Wojska Polskiego)","lines":"110, 117, N02","arr":["110","117","N02"],"terminus":0,"mode":"bus","color":"#0059a9","colorDark":"#00294f","angle":89.9,"snapDist":1,"label":1}},{"type":"Feature","geometry":{"type":"Point","coordinates":[20.482309,53.79248]},"properties":{"name":"Radiowa (Wojska Polskiego)","lines":"110, 117, N02","arr":["110","117","N02"],"terminus":0,"mode":"bus","color":"#0059a9","colorDark":"#00294f","angle":89.4,"snapDist":0,"label":1}},{"type":"Feature","geometry":{"type":"Point","coordinates":[20.482278,53.79417]},"properties":{"name":"Szpital MSWiA (Wojska Polskiego)","lines":"110, 117, N02","arr":["110","117","N02"],"terminus":0,"mode":"bus","color":"#0059a9","colorDark":"#00294f","angle":89,"snapDist":1,"label":1}},{"type":"Feature","geometry":{"type":"Point","coordinates":[20.482175,53.797611]},"properties":{"name":"Jakubowo (Wojska Polskiego)","lines":"110, 117","arr":["110","117"],"terminus":0,"mode":"bus","color":"#0059a9","colorDark":"#00294f","angle":85.2,"snapDist":1,"label":0}},{"type":"Feature","geometry":{"type":"Point","coordinates":[20.476102,53.824401]},"properties":{"name":"Dywity-Osiedle Sterowców (Wojska Polskiego)","lines":"110, 112","arr":["110","112"],"terminus":0,"mode":"bus","color":"#0059a9","colorDark":"#00294f","angle":80.3,"snapDist":6,"label":1}},{"type":"Feature","geometry":{"type":"Point","coordinates":[20.474968,53.828256]},"properties":{"name":"Dywity-Grzybowa (Dywity)","lines":"110, 112","arr":["110","112"],"terminus":0,"mode":"bus","color":"#0059a9","colorDark":"#00294f","angle":79.7,"snapDist":2,"label":0}},{"type":"Feature","geometry":{"type":"Point","coordinates":[20.473396,53.833296]},"properties":{"name":"Dywity-Gminny Ośrodek Kultury (Dywity)","lines":"110, 112","arr":["110","112"],"terminus":0,"mode":"bus","color":"#0059a9","colorDark":"#00294f","angle":78.3,"snapDist":3,"label":0}},{"type":"Feature","geometry":{"type":"Point","coordinates":[20.475961,53.836302]},"properties":{"name":"Dywity (Dywity)","lines":"110","arr":["110"],"terminus":0,"mode":"bus","color":"#0059a9","colorDark":"#00294f","angle":140.5,"snapDist":7,"label":0}},{"type":"Feature","geometry":{"type":"Point","coordinates":[20.474461,53.836733]},"properties":{"name":"Dywity-Olsztyńska (Dywity)","lines":"110","arr":["110"],"terminus":0,"mode":"bus","color":"#0059a9","colorDark":"#00294f","angle":80.4,"snapDist":4,"label":1}},{"type":"Feature","geometry":{"type":"Point","coordinates":[20.465115,53.854849]},"properties":{"name":"Ługwałd DK51 (Ługwałd)","lines":"110","arr":["110"],"terminus":0,"mode":"bus","color":"#0059a9","colorDark":"#00294f","angle":76.4,"snapDist":1,"label":1}},{"type":"Feature","geometry":{"type":"Point","coordinates":[20.449995,53.865358]},"properties":{"name":"Spręcowo-Klasztor (Spręcowo)","lines":"110","arr":["110"],"terminus":0,"mode":"bus","color":"#0059a9","colorDark":"#00294f","angle":34.2,"snapDist":3,"label":1}},{"type":"Feature","geometry":{"type":"Point","coordinates":[20.43637,53.882289]},"properties":{"name":"Spręcowo-Świetlica (Spręcowo)","lines":"110","arr":["110"],"terminus":0,"mode":"bus","color":"#0059a9","colorDark":"#00294f","angle":255.9,"snapDist":8,"label":1}},{"type":"Feature","geometry":{"type":"Point","coordinates":[20.4377,53.87973]},"properties":{"name":"Spręcowo (Spręcowo)","lines":"110","arr":["110"],"terminus":0,"mode":"bus","color":"#0059a9","colorDark":"#00294f","angle":336.1,"snapDist":5,"label":1}},{"type":"Feature","geometry":{"type":"Point","coordinates":[20.438913,53.874907]},"properties":{"name":"Spręcowo-Szkoła (Spręcowo)","lines":"110","arr":["110"],"terminus":1,"mode":"bus","color":"#0059a9","colorDark":"#00294f","angle":-141.3,"snapDist":29,"label":1}},{"type":"Feature","geometry":{"type":"Point","coordinates":[20.438913,53.874907]},"properties":{"name":"Spręcowo-Szkoła (Spręcowo)","lines":"110","arr":["110"],"terminus":1,"mode":"bus","color":"#0059a9","colorDark":"#00294f","angle":218.7,"snapDist":29,"label":0}},{"type":"Feature","geometry":{"type":"Point","coordinates":[20.4377,53.87973]},"properties":{"name":"Spręcowo (Spręcowo)","lines":"110","arr":["110"],"terminus":0,"mode":"bus","color":"#0059a9","colorDark":"#00294f","angle":336.1,"snapDist":5,"label":0}},{"type":"Feature","geometry":{"type":"Point","coordinates":[20.436588,53.881815]},"properties":{"name":"Spręcowo-Świetlica (Spręcowo)","lines":"110","arr":["110"],"terminus":0,"mode":"bus","color":"#0059a9","colorDark":"#00294f","angle":72.9,"snapDist":5,"label":0}},{"type":"Feature","geometry":{"type":"Point","coordinates":[20.454068,53.863886]},"properties":{"name":"Spręcowo-Klasztor (Spręcowo)","lines":"110","arr":["110"],"terminus":0,"mode":"bus","color":"#0059a9","colorDark":"#00294f","angle":204.9,"snapDist":10,"label":1}},{"type":"Feature","geometry":{"type":"Point","coordinates":[20.465626,53.854162]},"properties":{"name":"Ługwałd DK51 (Ługwałd)","lines":"110","arr":["110"],"terminus":0,"mode":"bus","color":"#0059a9","colorDark":"#00294f","angle":234.1,"snapDist":6,"label":0}},{"type":"Feature","geometry":{"type":"Point","coordinates":[20.474263,53.837417]},"properties":{"name":"Dywity-Olsztyńska (Dywity)","lines":"110","arr":["110"],"terminus":0,"mode":"bus","color":"#0059a9","colorDark":"#00294f","angle":260.2,"snapDist":5,"label":0}},{"type":"Feature","geometry":{"type":"Point","coordinates":[20.476791,53.822168]},"properties":{"name":"Dywity-Osiedle Sterowców (Wojska Polskiego)","lines":"110, 117","arr":["110","117"],"terminus":0,"mode":"bus","color":"#0059a9","colorDark":"#00294f","angle":261.7,"snapDist":7,"label":1}},{"type":"Feature","geometry":{"type":"Point","coordinates":[20.482298,53.793179]},"properties":{"name":"Szpital MSWiA (Wojska Polskiego)","lines":"110, 117","arr":["110","117"],"terminus":0,"mode":"bus","color":"#0059a9","colorDark":"#00294f","angle":269.7,"snapDist":7,"label":0}},{"type":"Feature","geometry":{"type":"Point","coordinates":[20.482363,53.788182]},"properties":{"name":"Zespół Szkół Samochodowych (Wojska Polskiego)","lines":"110, 117","arr":["110","117"],"terminus":0,"mode":"bus","color":"#0059a9","colorDark":"#00294f","angle":269.6,"snapDist":9,"label":0}},{"type":"Feature","geometry":{"type":"Point","coordinates":[20.481721,53.784367]},"properties":{"name":"Wyspiańskiego (Wojska Polskiego)","lines":"110, 117, 136","arr":["110","117","136"],"terminus":0,"mode":"bus","color":"#0059a9","colorDark":"#00294f","angle":281.7,"snapDist":8,"label":0}},{"type":"Feature","geometry":{"type":"Point","coordinates":[20.491206,53.778443]},"properties":{"name":"Teatr Lalek (Głowackiego)","lines":"110","arr":["110"],"terminus":0,"mode":"bus","color":"#0059a9","colorDark":"#00294f","angle":115.3,"snapDist":1,"label":1}},{"type":"Feature","geometry":{"type":"Point","coordinates":[20.497639,53.778746]},"properties":{"name":"Westerplatte (Kołobrzeska)","lines":"110","arr":["110"],"terminus":0,"mode":"bus","color":"#0059a9","colorDark":"#00294f","angle":178.6,"snapDist":4,"label":0}},{"type":"Feature","geometry":{"type":"Point","coordinates":[20.503672,53.779386]},"properties":{"name":"Soplicy (Kołobrzeska)","lines":"110, 121","arr":["110","121"],"terminus":0,"mode":"bus","color":"#0059a9","colorDark":"#00294f","angle":166.6,"snapDist":2,"label":0}},{"type":"Feature","geometry":{"type":"Point","coordinates":[20.509816,53.779261]},"properties":{"name":"Zajezdnia MPK (Kołobrzeska)","lines":"110, 121","arr":["110","121"],"terminus":0,"mode":"bus","color":"#0059a9","colorDark":"#00294f","angle":184.8,"snapDist":13,"label":0}},{"type":"Feature","geometry":{"type":"Point","coordinates":[20.51238,53.77888]},"properties":{"name":"Zajezdnia MPK (Leonharda)","lines":"110, 121, 141","arr":["110","121","141"],"terminus":0,"mode":"bus","color":"#0059a9","colorDark":"#00294f","angle":271.2,"snapDist":5,"label":1}},{"type":"Feature","geometry":{"type":"Point","coordinates":[20.511626,53.774833]},"properties":{"name":"Michelin-Brama nr 6 (Leonharda)","lines":"110, 121, 141","arr":["110","121","141"],"terminus":0,"mode":"bus","color":"#0059a9","colorDark":"#00294f","angle":284.1,"snapDist":7,"label":0}},{"type":"Feature","geometry":{"type":"Point","coordinates":[20.512024,53.769906]},"properties":{"name":"Michelin-Biuro (Piłsudskiego)","lines":"110","arr":["110"],"terminus":0,"mode":"bus","color":"#0059a9","colorDark":"#00294f","angle":190.6,"snapDist":9,"label":1}},{"type":"Feature","geometry":{"type":"Point","coordinates":[20.521934,53.76959]},"properties":{"name":"Michelin-Brama nr 3 (Piłsudskiego)","lines":"110, 135","arr":["110","135"],"terminus":0,"mode":"bus","color":"#0059a9","colorDark":"#00294f","angle":175.9,"snapDist":6,"label":0}},{"type":"Feature","geometry":{"type":"Point","coordinates":[20.528334,53.769402]},"properties":{"name":"Polmozbyt (Piłsudskiego)","lines":"110, 135","arr":["110","135"],"terminus":1,"mode":"bus","color":"#0059a9","colorDark":"#00294f","angle":32,"snapDist":4,"label":0}},{"type":"Feature","geometry":{"type":"Point","coordinates":[20.500007,53.753453]},"properties":{"name":"Nagórki (Wańkowicza)","lines":"111, 121, 205, N01","arr":["111","121","205","N01"],"terminus":1,"mode":"bus","color":"#0059a9","colorDark":"#00294f","angle":329.1,"snapDist":2,"label":1}},{"type":"Feature","geometry":{"type":"Point","coordinates":[20.494421,53.753401]},"properties":{"name":"Orłowicza (Wańkowicza)","lines":"111, 121, 205","arr":["111","121","205"],"terminus":0,"mode":"bus","color":"#0059a9","colorDark":"#00294f","angle":358.8,"snapDist":4,"label":1}},{"type":"Feature","geometry":{"type":"Point","coordinates":[20.486339,53.75362]},"properties":{"name":"Galeria Warmińska (Sikorskiego)","lines":"111, 121, 127, 130, 136, 307, N01","arr":["111","121","127","130","136","307","N01"],"terminus":0,"mode":"bus","color":"#0059a9","colorDark":"#00294f","angle":90,"snapDist":2,"label":0}},{"type":"Feature","geometry":{"type":"Point","coordinates":[20.488075,53.755723]},"properties":{"name":"Galeria Warmińska (Synów Pułku)","lines":"111, 121","arr":["111","121"],"terminus":0,"mode":"bus","color":"#0059a9","colorDark":"#00294f","angle":177.6,"snapDist":6,"label":1}},{"type":"Feature","geometry":{"type":"Point","coordinates":[20.492094,53.75656]},"properties":{"name":"Synów Pułku-Ogrody (Synów Pułku)","lines":"111, 121","arr":["111","121"],"terminus":0,"mode":"bus","color":"#0059a9","colorDark":"#00294f","angle":151.3,"snapDist":8,"label":1}},{"type":"Feature","geometry":{"type":"Point","coordinates":[20.499701,53.758883]},"properties":{"name":"Synów Pułku (Synów Pułku)","lines":"111, 117, 121, 126, 131, 132, 141","arr":["111","117","121","126","131","132","141"],"terminus":0,"mode":"bus","color":"#0059a9","colorDark":"#00294f","angle":118.9,"snapDist":3,"label":1}},{"type":"Feature","geometry":{"type":"Point","coordinates":[20.501738,53.763734]},"properties":{"name":"Pstrowskiego (Wyszyńskiego)","lines":"111, 113, 117, 121, 126, 131, 132, 141","arr":["111","113","117","121","126","131","132","141"],"terminus":0,"mode":"bus","color":"#0059a9","colorDark":"#00294f","angle":112.3,"snapDist":10,"label":1}},{"type":"Feature","geometry":{"type":"Point","coordinates":[20.500851,53.767462]},"properties":{"name":"Dom Kultury Agora (Żołnierska)","lines":"111, 117, 131, 135","arr":["111","117","131","135"],"terminus":0,"mode":"bus","color":"#0059a9","colorDark":"#00294f","angle":30.8,"snapDist":4,"label":1}},{"type":"Feature","geometry":{"type":"Point","coordinates":[20.5022,53.766934]},"properties":{"name":"Dom Kultury Agora (Żołnierska)","lines":"111, 117, 131, 135","arr":["111","117","131","135"],"terminus":0,"mode":"bus","color":"#0059a9","colorDark":"#00294f","angle":217.2,"snapDist":8,"label":0}},{"type":"Feature","geometry":{"type":"Point","coordinates":[20.503455,53.765636]},"properties":{"name":"Żołnierska (Wyszyńskiego)","lines":"111, 113, 117, 121, 126, 131, 132, 141","arr":["111","113","117","121","126","131","132","141"],"terminus":0,"mode":"bus","color":"#0059a9","colorDark":"#00294f","angle":309,"snapDist":2,"label":1}},{"type":"Feature","geometry":{"type":"Point","coordinates":[20.501638,53.763808]},"properties":{"name":"Pstrowskiego (Wyszyńskiego)","lines":"111, 113, 117, 121, 126, 131, 132, 141","arr":["111","113","117","121","126","131","132","141"],"terminus":0,"mode":"bus","color":"#0059a9","colorDark":"#00294f","angle":298,"snapDist":2,"label":0}},{"type":"Feature","geometry":{"type":"Point","coordinates":[20.498364,53.758038]},"properties":{"name":"Synów Pułku (Synów Pułku)","lines":"111, 121","arr":["111","121"],"terminus":0,"mode":"bus","color":"#0059a9","colorDark":"#00294f","angle":311,"snapDist":4,"label":0}},{"type":"Feature","geometry":{"type":"Point","coordinates":[20.490555,53.756118]},"properties":{"name":"Synów Pułku-Ogrody (Synów Pułku)","lines":"111, 121, 205","arr":["111","121","205"],"terminus":0,"mode":"bus","color":"#0059a9","colorDark":"#00294f","angle":328.3,"snapDist":3,"label":0}},{"type":"Feature","geometry":{"type":"Point","coordinates":[20.486127,53.754715]},"properties":{"name":"Galeria Warmińska (Sikorskiego)","lines":"111, 121, 127, 130, 136, 205, 307, N01","arr":["111","121","127","130","136","205","307","N01"],"terminus":1,"mode":"bus","color":"#0059a9","colorDark":"#00294f","angle":272.9,"snapDist":8,"label":1}},{"type":"Feature","geometry":{"type":"Point","coordinates":[20.487321,53.7528]},"properties":{"name":"Paukszty (Wańkowicza)","lines":"111, 121, 205, N01","arr":["111","121","205","N01"],"terminus":0,"mode":"bus","color":"#0059a9","colorDark":"#00294f","angle":167.9,"snapDist":9,"label":1}},{"type":"Feature","geometry":{"type":"Point","coordinates":[20.493978,53.753395]},"properties":{"name":"Orłowicza (Wańkowicza)","lines":"111, 121, 205, N01","arr":["111","121","205","N01"],"terminus":0,"mode":"bus","color":"#0059a9","colorDark":"#00294f","angle":178.8,"snapDist":8,"label":0}},{"type":"Feature","geometry":{"type":"Point","coordinates":[20.500442,53.753546]},"properties":{"name":"Nagórki (Wańkowicza)","lines":"111","arr":["111"],"terminus":1,"mode":"bus","color":"#0059a9","colorDark":"#00294f","angle":288.7,"snapDist":3,"label":0}},{"type":"Feature","geometry":{"type":"Point","coordinates":[20.521606,53.817389]},"properties":{"name":"Wadąg (Wadąg)","lines":"112","arr":["112"],"terminus":0,"mode":"bus","color":"#0059a9","colorDark":"#00294f","angle":17.5,"snapDist":1,"label":0}},{"type":"Feature","geometry":{"type":"Point","coordinates":[20.511121,53.82098]},"properties":{"name":"Kieźliny-Kościół (Kieźliny)","lines":"112","arr":["112"],"terminus":0,"mode":"bus","color":"#0059a9","colorDark":"#00294f","angle":17.6,"snapDist":2,"label":0}},{"type":"Feature","geometry":{"type":"Point","coordinates":[20.507462,53.821522]},"properties":{"name":"Kieźliny-Przedszkole (Kieźliny)","lines":"112","arr":["112"],"terminus":0,"mode":"bus","color":"#0059a9","colorDark":"#00294f","angle":2.9,"snapDist":3,"label":0}},{"type":"Feature","geometry":{"type":"Point","coordinates":[20.492913,53.822507]},"properties":{"name":"Cmentarz Dywity-Brama Wschodnia (Wadąska)","lines":"112","arr":["112"],"terminus":0,"mode":"bus","color":"#0059a9","colorDark":"#00294f","angle":6.6,"snapDist":4,"label":0}},{"type":"Feature","geometry":{"type":"Point","coordinates":[20.481224,53.82273]},"properties":{"name":"Cmentarz Dywity-Brama Zachodnia (Wadąska)","lines":"112, 117","arr":["112","117"],"terminus":0,"mode":"bus","color":"#0059a9","colorDark":"#00294f","angle":345.9,"snapDist":1,"label":0}},{"type":"Feature","geometry":{"type":"Point","coordinates":[20.477157,53.836231]},"properties":{"name":"Dywity (Dywity)","lines":"112","arr":["112"],"terminus":0,"mode":"bus","color":"#0059a9","colorDark":"#00294f","angle":164.4,"snapDist":6,"label":0}},{"type":"Feature","geometry":{"type":"Point","coordinates":[20.484554,53.842564]},"properties":{"name":"Dywity-Cefarm (Dywity)","lines":"112","arr":["112"],"terminus":0,"mode":"bus","color":"#0059a9","colorDark":"#00294f","angle":114.6,"snapDist":4,"label":0}},{"type":"Feature","geometry":{"type":"Point","coordinates":[20.489177,53.845625]},"properties":{"name":"Różnowo-Kolonia (Różnowo)","lines":"112","arr":["112"],"terminus":0,"mode":"bus","color":"#0059a9","colorDark":"#00294f","angle":141.9,"snapDist":4,"label":0}},{"type":"Feature","geometry":{"type":"Point","coordinates":[20.495995,53.85079]},"properties":{"name":"Różnowo-Przejście (Różnowo)","lines":"112","arr":["112"],"terminus":0,"mode":"bus","color":"#0059a9","colorDark":"#00294f","angle":122.9,"snapDist":4,"label":0}},{"type":"Feature","geometry":{"type":"Point","coordinates":[20.501812,53.857617]},"properties":{"name":"Różnowo Stare (Różnowo)","lines":"112","arr":["112"],"terminus":0,"mode":"bus","color":"#0059a9","colorDark":"#00294f","angle":171.1,"snapDist":3,"label":0}},{"type":"Feature","geometry":{"type":"Point","coordinates":[20.518375,53.856465]},"properties":{"name":"Różnowo-Osiedle (Różnowo)","lines":"112","arr":["112"],"terminus":0,"mode":"bus","color":"#0059a9","colorDark":"#00294f","angle":204.4,"snapDist":6,"label":0}},{"type":"Feature","geometry":{"type":"Point","coordinates":[20.531977,53.839521]},"properties":{"name":"Słupy-Kościół (Słupy)","lines":"112","arr":["112"],"terminus":0,"mode":"bus","color":"#0059a9","colorDark":"#00294f","angle":291.6,"snapDist":9,"label":0}},{"type":"Feature","geometry":{"type":"Point","coordinates":[20.528852,53.834777]},"properties":{"name":"Słupy-Osiedle Leśne (Słupy)","lines":"112","arr":["112"],"terminus":0,"mode":"bus","color":"#0059a9","colorDark":"#00294f","angle":311.4,"snapDist":7,"label":0}},{"type":"Feature","geometry":{"type":"Point","coordinates":[20.527247,53.832417]},"properties":{"name":"Kieźliny-Domagały Kapliczka (Słupy)","lines":"112","arr":["112"],"terminus":0,"mode":"bus","color":"#0059a9","colorDark":"#00294f","angle":264.2,"snapDist":9,"label":0}},{"type":"Feature","geometry":{"type":"Point","coordinates":[20.5277,53.827668]},"properties":{"name":"Myki-Ogrody I (Myki)","lines":"112","arr":["112"],"terminus":0,"mode":"bus","color":"#0059a9","colorDark":"#00294f","angle":263.2,"snapDist":8,"label":0}},{"type":"Feature","geometry":{"type":"Point","coordinates":[20.527009,53.823808]},"properties":{"name":"Myki-Ogrody II (Myki)","lines":"112","arr":["112"],"terminus":0,"mode":"bus","color":"#0059a9","colorDark":"#00294f","angle":283.6,"snapDist":5,"label":0}},{"type":"Feature","geometry":{"type":"Point","coordinates":[20.523083,53.817468]},"properties":{"name":"Wadąg (Wadąg)","lines":"112","arr":["112"],"terminus":0,"mode":"bus","color":"#0059a9","colorDark":"#00294f","angle":272.5,"snapDist":7,"label":0}},{"type":"Feature","geometry":{"type":"Point","coordinates":[20.504845,53.766534]},"properties":{"name":"Żołnierska (Wyszyńskiego)","lines":"113, 121, 126, 132, 141","arr":["113","121","126","132","141"],"terminus":0,"mode":"bus","color":"#0059a9","colorDark":"#00294f","angle":128.8,"snapDist":4,"label":0}},{"type":"Feature","geometry":{"type":"Point","coordinates":[20.508282,53.769488]},"properties":{"name":"Piłsudskiego (Wyszyńskiego)","lines":"113, 121, 126, 132, 141","arr":["113","121","126","132","141"],"terminus":0,"mode":"bus","color":"#0059a9","colorDark":"#00294f","angle":119.5,"snapDist":5,"label":1}},{"type":"Feature","geometry":{"type":"Point","coordinates":[20.504209,53.772004]},"properties":{"name":"Stadion Stomil (Piłsudskiego)","lines":"113, 126, 132","arr":["113","126","132"],"terminus":0,"mode":"bus","color":"#0059a9","colorDark":"#00294f","angle":24.6,"snapDist":1,"label":1}},{"type":"Feature","geometry":{"type":"Point","coordinates":[20.458744,53.769508]},"properties":{"name":"Saperska (Armii Krajowej)","lines":"113, 307, N02","arr":["113","307","N02"],"terminus":0,"mode":"bus","color":"#0059a9","colorDark":"#00294f","angle":61.3,"snapDist":3,"label":1}},{"type":"Feature","geometry":{"type":"Point","coordinates":[20.456996,53.771417]},"properties":{"name":"Jagiellończyka (Armii Krajowej)","lines":"113, 307, N02","arr":["113","307","N02"],"terminus":0,"mode":"bus","color":"#0059a9","colorDark":"#00294f","angle":61.6,"snapDist":3,"label":1}},{"type":"Feature","geometry":{"type":"Point","coordinates":[20.417135,53.767947]},"properties":{"name":"Dajtki (Zbożowa)","lines":"113","arr":["113"],"terminus":1,"mode":"bus","color":"#0059a9","colorDark":"#00294f","angle":92.5,"snapDist":6,"label":0}},{"type":"Feature","geometry":{"type":"Point","coordinates":[20.456734,53.77147]},"properties":{"name":"Jagiellończyka (Armii Krajowej)","lines":"113, 307, N02","arr":["113","307","N02"],"terminus":0,"mode":"bus","color":"#0059a9","colorDark":"#00294f","angle":241.6,"snapDist":9,"label":0}},{"type":"Feature","geometry":{"type":"Point","coordinates":[20.46016,53.768444]},"properties":{"name":"Saperska (Armii Krajowej)","lines":"113, 307, N02","arr":["113","307","N02"],"terminus":0,"mode":"bus","color":"#0059a9","colorDark":"#00294f","angle":213.6,"snapDist":7,"label":0}},{"type":"Feature","geometry":{"type":"Point","coordinates":[20.504149,53.771923]},"properties":{"name":"Stadion Stomil (Piłsudskiego)","lines":"113, 126, 132","arr":["113","126","132"],"terminus":0,"mode":"bus","color":"#0059a9","colorDark":"#00294f","angle":204.6,"snapDist":2,"label":0}},{"type":"Feature","geometry":{"type":"Point","coordinates":[20.508732,53.770218]},"properties":{"name":"Piłsudskiego (Wyszyńskiego)","lines":"113, 121, 126, 132, 141","arr":["113","121","126","132","141"],"terminus":0,"mode":"bus","color":"#0059a9","colorDark":"#00294f","angle":296.3,"snapDist":9,"label":0}},{"type":"Feature","geometry":{"type":"Point","coordinates":[20.513636,53.75997]},"properties":{"name":"Osiedle Mazurskie (Pstrowskiego)","lines":"113","arr":["113"],"terminus":1,"mode":"bus","color":"#0059a9","colorDark":"#00294f","angle":118.4,"snapDist":0,"label":0}},{"type":"Feature","geometry":{"type":"Point","coordinates":[20.502021,53.781592]},"properties":{"name":"Olsztyńskie Zakłady Graficzne (Towarowa)","lines":"114, 115, 304","arr":["114","115","304"],"terminus":0,"mode":"bus","color":"#0059a9","colorDark":"#00294f","angle":180.5,"snapDist":4,"label":1}},{"type":"Feature","geometry":{"type":"Point","coordinates":[20.531552,53.782736]},"properties":{"name":"Towarowa-Budowlana (Towarowa)","lines":"114, 115, 141","arr":["114","115","141"],"terminus":0,"mode":"bus","color":"#0059a9","colorDark":"#00294f","angle":188.5,"snapDist":14,"label":0}},{"type":"Feature","geometry":{"type":"Point","coordinates":[20.536779,53.781128]},"properties":{"name":"Bublewicza (Bublewicza)","lines":"114, 115","arr":["114","115"],"terminus":0,"mode":"bus","color":"#0059a9","colorDark":"#00294f","angle":214.9,"snapDist":7,"label":1}},{"type":"Feature","geometry":{"type":"Point","coordinates":[20.596134,53.788756]},"properties":{"name":"Wójtowo (Wójtowo)","lines":"114","arr":["114"],"terminus":0,"mode":"bus","color":"#0059a9","colorDark":"#00294f","angle":157.2,"snapDist":5,"label":1}},{"type":"Feature","geometry":{"type":"Point","coordinates":[20.59932,53.789626]},"properties":{"name":"Wójtowo-Modrzewiowa (Wójtowo)","lines":"114","arr":["114"],"terminus":0,"mode":"bus","color":"#0059a9","colorDark":"#00294f","angle":150.2,"snapDist":5,"label":1}},{"type":"Feature","geometry":{"type":"Point","coordinates":[20.602307,53.790764]},"properties":{"name":"Wójtowo-Leszczynowa (Wójtowo)","lines":"114","arr":["114"],"terminus":0,"mode":"bus","color":"#0059a9","colorDark":"#00294f","angle":142.9,"snapDist":14,"label":0}},{"type":"Feature","geometry":{"type":"Point","coordinates":[20.61525,53.798194]},"properties":{"name":"Wójtowo-Fabryka (Wójtowo)","lines":"114","arr":["114"],"terminus":0,"mode":"bus","color":"#0059a9","colorDark":"#00294f","angle":130.2,"snapDist":11,"label":1}},{"type":"Feature","geometry":{"type":"Point","coordinates":[20.620606,53.802353]},"properties":{"name":"Kaplityny-Południe (Kaplityny)","lines":"114","arr":["114"],"terminus":0,"mode":"bus","color":"#0059a9","colorDark":"#00294f","angle":119.1,"snapDist":12,"label":1}},{"type":"Feature","geometry":{"type":"Point","coordinates":[20.631071,53.808778]},"properties":{"name":"Kaplityny-Północ (Kaplityny)","lines":"114","arr":["114"],"terminus":0,"mode":"bus","color":"#0059a9","colorDark":"#00294f","angle":140.6,"snapDist":4,"label":1}},{"type":"Feature","geometry":{"type":"Point","coordinates":[20.642218,53.818374]},"properties":{"name":"Łęgajny-Pętla (Łęgajny)","lines":"114, 124","arr":["114","124"],"terminus":0,"mode":"bus","color":"#0059a9","colorDark":"#00294f","angle":28.8,"snapDist":26,"label":1}},{"type":"Feature","geometry":{"type":"Point","coordinates":[20.673913,53.826236]},"properties":{"name":"Wrócikowo (Wrócikowo)","lines":"114, 124","arr":["114","124"],"terminus":0,"mode":"bus","color":"#0059a9","colorDark":"#00294f","angle":168.1,"snapDist":5,"label":1}},{"type":"Feature","geometry":{"type":"Point","coordinates":[20.683947,53.830532]},"properties":{"name":"Barczewo-Warmińska (Barczewo)","lines":"114, 124","arr":["114","124"],"terminus":0,"mode":"bus","color":"#0059a9","colorDark":"#00294f","angle":186.9,"snapDist":3,"label":1}},{"type":"Feature","geometry":{"type":"Point","coordinates":[20.689979,53.830073]},"properties":{"name":"Barczewo-Pętla (Barczewo)","lines":"114, 124","arr":["114","124"],"terminus":0,"mode":"bus","color":"#0059a9","colorDark":"#00294f","angle":193.3,"snapDist":2,"label":1}},{"type":"Feature","geometry":{"type":"Point","coordinates":[20.693418,53.834015]},"properties":{"name":"Barczewo-Szkoła (Barczewo)","lines":"114, 124","arr":["114","124"],"terminus":0,"mode":"bus","color":"#0059a9","colorDark":"#00294f","angle":104.1,"snapDist":7,"label":1}},{"type":"Feature","geometry":{"type":"Point","coordinates":[20.694583,53.839003]},"properties":{"name":"Barczewo-Miła (Barczewo)","lines":"114, 124","arr":["114","124"],"terminus":0,"mode":"bus","color":"#0059a9","colorDark":"#00294f","angle":95.6,"snapDist":3,"label":1}},{"type":"Feature","geometry":{"type":"Point","coordinates":[20.694786,53.840391]},"properties":{"name":"Barczewo (Barczewo)","lines":"114, 124","arr":["114","124"],"terminus":1,"mode":"bus","color":"#0059a9","colorDark":"#00294f","angle":94.7,"snapDist":12,"label":1}},{"type":"Feature","geometry":{"type":"Point","coordinates":[20.69551,53.840542]},"properties":{"name":"Barczewo (Barczewo)","lines":"114, 124","arr":["114","124"],"terminus":1,"mode":"bus","color":"#0059a9","colorDark":"#00294f","angle":-170.2,"snapDist":27,"label":0}},{"type":"Feature","geometry":{"type":"Point","coordinates":[20.693857,53.835002]},"properties":{"name":"Barczewo-Szkoła (Barczewo)","lines":"114, 124","arr":["114","124"],"terminus":0,"mode":"bus","color":"#0059a9","colorDark":"#00294f","angle":284.7,"snapDist":4,"label":0}},{"type":"Feature","geometry":{"type":"Point","coordinates":[20.690032,53.830319]},"properties":{"name":"Barczewo-Pętla (Barczewo)","lines":"114, 124","arr":["114","124"],"terminus":0,"mode":"bus","color":"#0059a9","colorDark":"#00294f","angle":20.2,"snapDist":4,"label":0}},{"type":"Feature","geometry":{"type":"Point","coordinates":[20.683689,53.83055]},"properties":{"name":"Barczewo-Warmińska (Barczewo)","lines":"114, 124","arr":["114","124"],"terminus":0,"mode":"bus","color":"#0059a9","colorDark":"#00294f","angle":6.9,"snapDist":0,"label":0}},{"type":"Feature","geometry":{"type":"Point","coordinates":[20.671936,53.82637]},"properties":{"name":"Wrócikowo (Wrócikowo)","lines":"114, 124","arr":["114","124"],"terminus":0,"mode":"bus","color":"#0059a9","colorDark":"#00294f","angle":319.4,"snapDist":6,"label":0}},{"type":"Feature","geometry":{"type":"Point","coordinates":[20.642071,53.818421]},"properties":{"name":"Łęgajny-Pętla (Łęgajny)","lines":"114, 124","arr":["114","124"],"terminus":0,"mode":"bus","color":"#0059a9","colorDark":"#00294f","angle":28.8,"snapDist":20,"label":0}},{"type":"Feature","geometry":{"type":"Point","coordinates":[20.629204,53.808082]},"properties":{"name":"Kaplityny-Północ (Kaplityny)","lines":"114","arr":["114"],"terminus":0,"mode":"bus","color":"#0059a9","colorDark":"#00294f","angle":321.1,"snapDist":5,"label":0}},{"type":"Feature","geometry":{"type":"Point","coordinates":[20.619764,53.801504]},"properties":{"name":"Kaplityny-Południe (Barczewo)","lines":"114","arr":["114"],"terminus":0,"mode":"bus","color":"#0059a9","colorDark":"#00294f","angle":301.3,"snapDist":10,"label":1}},{"type":"Feature","geometry":{"type":"Point","coordinates":[20.614176,53.797442]},"properties":{"name":"Wójtowo-Fabryka (Wójtowo)","lines":"114","arr":["114"],"terminus":0,"mode":"bus","color":"#0059a9","colorDark":"#00294f","angle":310.1,"snapDist":10,"label":0}},{"type":"Feature","geometry":{"type":"Point","coordinates":[20.601782,53.790529]},"properties":{"name":"Wójtowo-Leszczynowa (Wójtowo)","lines":"114, 115, 304","arr":["114","115","304"],"terminus":1,"mode":"bus","color":"#0059a9","colorDark":"#00294f","angle":322.9,"snapDist":5,"label":1}},{"type":"Feature","geometry":{"type":"Point","coordinates":[20.599011,53.789521]},"properties":{"name":"Wójtowo-Modrzewiowa (Wójtowo)","lines":"114, 115, 125, 304","arr":["114","115","125","304"],"terminus":0,"mode":"bus","color":"#0059a9","colorDark":"#00294f","angle":330.2,"snapDist":7,"label":0}},{"type":"Feature","geometry":{"type":"Point","coordinates":[20.593717,53.788167]},"properties":{"name":"Wójtowo (Wójtowo)","lines":"114, 125, 304","arr":["114","125","304"],"terminus":0,"mode":"bus","color":"#0059a9","colorDark":"#00294f","angle":335,"snapDist":4,"label":0}},{"type":"Feature","geometry":{"type":"Point","coordinates":[20.536189,53.781508]},"properties":{"name":"Bublewicza (Towarowa)","lines":"114, 125, 141","arr":["114","125","141"],"terminus":0,"mode":"bus","color":"#0059a9","colorDark":"#00294f","angle":34.9,"snapDist":7,"label":1}},{"type":"Feature","geometry":{"type":"Point","coordinates":[20.505689,53.781729]},"properties":{"name":"Składowa (Towarowa)","lines":"114, 125, 304","arr":["114","125","304"],"terminus":0,"mode":"bus","color":"#0059a9","colorDark":"#00294f","angle":0.4,"snapDist":1,"label":1}},{"type":"Feature","geometry":{"type":"Point","coordinates":[20.500762,53.781692]},"properties":{"name":"Olsztyńskie Zakłady Graficzne (Towarowa)","lines":"114, 125, 304","arr":["114","125","304"],"terminus":0,"mode":"bus","color":"#0059a9","colorDark":"#00294f","angle":351.2,"snapDist":5,"label":0}},{"type":"Feature","geometry":{"type":"Point","coordinates":[20.593228,53.790877]},"properties":{"name":"Wójtowo-Kwiatowa (Wójtowo)","lines":"115","arr":["115"],"terminus":0,"mode":"bus","color":"#0059a9","colorDark":"#00294f","angle":-5.7,"snapDist":11,"label":1}},{"type":"Feature","geometry":{"type":"Point","coordinates":[20.585182,53.791981]},"properties":{"name":"Wójtowo-Wrzosowa (Wójtowo)","lines":"115","arr":["115"],"terminus":0,"mode":"bus","color":"#0059a9","colorDark":"#00294f","angle":36.3,"snapDist":4,"label":1}},{"type":"Feature","geometry":{"type":"Point","coordinates":[20.578672,53.796082]},"properties":{"name":"Nikielkowo-Miętowa (Nikielkowo)","lines":"115","arr":["115"],"terminus":0,"mode":"bus","color":"#0059a9","colorDark":"#00294f","angle":-112.9,"snapDist":6,"label":1}},{"type":"Feature","geometry":{"type":"Point","coordinates":[20.576833,53.798588]},"properties":{"name":"Nikielkowo-Lawendowa (Nikielkowo)","lines":"115","arr":["115"],"terminus":0,"mode":"bus","color":"#0059a9","colorDark":"#00294f","angle":65.1,"snapDist":6,"label":1}},{"type":"Feature","geometry":{"type":"Point","coordinates":[20.569964,53.800354]},"properties":{"name":"Nikielkowo-Słowikowa (Nikielkowo)","lines":"115","arr":["115"],"terminus":0,"mode":"bus","color":"#0059a9","colorDark":"#00294f","angle":20.1,"snapDist":1,"label":1}},{"type":"Feature","geometry":{"type":"Point","coordinates":[20.566504,53.802289]},"properties":{"name":"Nikielkowo-Wiadukt (Nikielkowo)","lines":"115","arr":["115"],"terminus":0,"mode":"bus","color":"#0059a9","colorDark":"#00294f","angle":74.6,"snapDist":7,"label":1}},{"type":"Feature","geometry":{"type":"Point","coordinates":[20.559943,53.802731]},"properties":{"name":"Nikielkowo-Dębowa (Nikielkowo)","lines":"115, 124","arr":["115","124"],"terminus":0,"mode":"bus","color":"#0059a9","colorDark":"#00294f","angle":336.2,"snapDist":5,"label":1}},{"type":"Feature","geometry":{"type":"Point","coordinates":[20.480265,53.739515]},"properties":{"name":"Osiedle Generałów (Wilczyńskiego)","lines":"117, 121, 131, 141, N01","arr":["117","121","131","141","N01"],"terminus":1,"mode":"bus","color":"#0059a9","colorDark":"#00294f","angle":168,"snapDist":8,"label":1}},{"type":"Feature","geometry":{"type":"Point","coordinates":[20.48445,53.739973]},"properties":{"name":"Bartąska (Wilczyńskiego)","lines":"117, 121, 131, 136, 141, N01","arr":["117","121","131","136","141","N01"],"terminus":0,"mode":"bus","color":"#0059a9","colorDark":"#00294f","angle":172.6,"snapDist":10,"label":1}},{"type":"Feature","geometry":{"type":"Point","coordinates":[20.49038,53.740342]},"properties":{"name":"Jarocka (Wilczyńskiego)","lines":"117, 121, 126, 127, 130, 131, 141, 307","arr":["117","121","126","127","130","131","141","307"],"terminus":0,"mode":"bus","color":"#0059a9","colorDark":"#00294f","angle":162.3,"snapDist":9,"label":1}},{"type":"Feature","geometry":{"type":"Point","coordinates":[20.497252,53.741678]},"properties":{"name":"Janowicza (Wilczyńskiego)","lines":"117, 121, 126, 127, 130, 131, 141, 307","arr":["117","121","126","127","130","131","141","307"],"terminus":0,"mode":"bus","color":"#0059a9","colorDark":"#00294f","angle":172.1,"snapDist":9,"label":1}},{"type":"Feature","geometry":{"type":"Point","coordinates":[20.502412,53.741458]},"properties":{"name":"D.H. Śliwa (Wilczyńskiego)","lines":"117, 121, 126, 127, 130, 131, 141, 307","arr":["117","121","126","127","130","131","141","307"],"terminus":0,"mode":"bus","color":"#0059a9","colorDark":"#00294f","angle":184.9,"snapDist":10,"label":1}},{"type":"Feature","geometry":{"type":"Point","coordinates":[20.509241,53.742974]},"properties":{"name":"Krasickiego-Wilczyńskiego (Krasickiego)","lines":"117, 121, 126, 131, 132, 141, 205","arr":["117","121","126","131","132","141","205"],"terminus":0,"mode":"bus","color":"#0059a9","colorDark":"#00294f","angle":73.2,"snapDist":5,"label":1}},{"type":"Feature","geometry":{"type":"Point","coordinates":[20.508214,53.745712]},"properties":{"name":"Boenigka (Krasickiego)","lines":"117, 121, 126, 131, 132, 141, 205","arr":["117","121","126","131","132","141","205"],"terminus":0,"mode":"bus","color":"#0059a9","colorDark":"#00294f","angle":88,"snapDist":6,"label":1}},{"type":"Feature","geometry":{"type":"Point","coordinates":[20.503808,53.750402]},"properties":{"name":"Carrefour (Krasickiego)","lines":"117, 121, 126, 131, 132, 141, 205","arr":["117","121","126","131","132","141","205"],"terminus":0,"mode":"bus","color":"#0059a9","colorDark":"#00294f","angle":49.1,"snapDist":9,"label":1}},{"type":"Feature","geometry":{"type":"Point","coordinates":[20.503364,53.754044]},"properties":{"name":"Wańkowicza (Krasickiego)","lines":"117, 126, 131, 132, 141","arr":["117","126","131","132","141"],"terminus":0,"mode":"bus","color":"#0059a9","colorDark":"#00294f","angle":117.1,"snapDist":6,"label":1}},{"type":"Feature","geometry":{"type":"Point","coordinates":[20.493863,53.77361]},"properties":{"name":"Hala Urania (Mazowieckiego)","lines":"117","arr":["117"],"terminus":0,"mode":"bus","color":"#0059a9","colorDark":"#00294f","angle":123.5,"snapDist":12,"label":1}},{"type":"Feature","geometry":{"type":"Point","coordinates":[20.493225,53.822488]},"properties":{"name":"Cmentarz Dywity-Brama Wschodnia (Wadąska)","lines":"117","arr":["117"],"terminus":1,"mode":"bus","color":"#0059a9","colorDark":"#00294f","angle":186,"snapDist":4,"label":1}},{"type":"Feature","geometry":{"type":"Point","coordinates":[20.492844,53.822512]},"properties":{"name":"Cmentarz Dywity-Brama Wschodnia (Wadąska)","lines":"117","arr":["117"],"terminus":1,"mode":"bus","color":"#0059a9","colorDark":"#00294f","angle":6.6,"snapDist":3,"label":0}},{"type":"Feature","geometry":{"type":"Point","coordinates":[20.494232,53.774192]},"properties":{"name":"Hala Urania (Mazowieckiego)","lines":"117","arr":["117"],"terminus":0,"mode":"bus","color":"#0059a9","colorDark":"#00294f","angle":297.6,"snapDist":11,"label":0}},{"type":"Feature","geometry":{"type":"Point","coordinates":[20.499729,53.757961]},"properties":{"name":"Synów Pułku (Krasickiego)","lines":"117, 126, 131, 132, 141","arr":["117","126","131","132","141"],"terminus":0,"mode":"bus","color":"#0059a9","colorDark":"#00294f","angle":218.7,"snapDist":7,"label":1}},{"type":"Feature","geometry":{"type":"Point","coordinates":[20.502578,53.753061]},"properties":{"name":"Wańkowicza (Krasickiego)","lines":"117, 121, 126, 131, 132, 141, 205, N01","arr":["117","121","126","131","132","141","205","N01"],"terminus":0,"mode":"bus","color":"#0059a9","colorDark":"#00294f","angle":281.7,"snapDist":19,"label":0}},{"type":"Feature","geometry":{"type":"Point","coordinates":[20.505282,53.749512]},"properties":{"name":"Carrefour (Krasickiego)","lines":"117, 121, 126, 131, 132, 141, 205, N01","arr":["117","121","126","131","132","141","205","N01"],"terminus":0,"mode":"bus","color":"#0059a9","colorDark":"#00294f","angle":212.2,"snapDist":14,"label":0}},{"type":"Feature","geometry":{"type":"Point","coordinates":[20.507999,53.745489]},"properties":{"name":"Boenigka (Krasickiego)","lines":"117, 121, 126, 131, 132, 141, 205, N01","arr":["117","121","126","131","132","141","205","N01"],"terminus":0,"mode":"bus","color":"#0059a9","colorDark":"#00294f","angle":266.8,"snapDist":10,"label":0}},{"type":"Feature","geometry":{"type":"Point","coordinates":[20.507327,53.74176]},"properties":{"name":"Krasickiego-Wilczyńskiego (Wilczyńskiego)","lines":"117, 121, 126, 127, 130, 131, 141, 307, N01","arr":["117","121","126","127","130","131","141","307","N01"],"terminus":0,"mode":"bus","color":"#0059a9","colorDark":"#00294f","angle":351,"snapDist":11,"label":1}},{"type":"Feature","geometry":{"type":"Point","coordinates":[20.500666,53.741651]},"properties":{"name":"D.H. Śliwa (Wilczyńskiego)","lines":"117, 121, 126, 127, 130, 131, 141, 307, N01","arr":["117","121","126","127","130","131","141","307","N01"],"terminus":0,"mode":"bus","color":"#0059a9","colorDark":"#00294f","angle":6.7,"snapDist":2,"label":0}},{"type":"Feature","geometry":{"type":"Point","coordinates":[20.495741,53.741507]},"properties":{"name":"Janowicza (Wilczyńskiego)","lines":"117, 121, 126, 127, 130, 131, 141, 307, N01","arr":["117","121","126","127","130","131","141","307","N01"],"terminus":0,"mode":"bus","color":"#0059a9","colorDark":"#00294f","angle":344.8,"snapDist":3,"label":0}},{"type":"Feature","geometry":{"type":"Point","coordinates":[20.490653,53.7404]},"properties":{"name":"Jarocka (Wilczyńskiego)","lines":"117, 121, 126, 127, 130, 131, 141, 307, N01","arr":["117","121","126","127","130","131","141","307","N01"],"terminus":0,"mode":"bus","color":"#0059a9","colorDark":"#00294f","angle":339.3,"snapDist":6,"label":0}},{"type":"Feature","geometry":{"type":"Point","coordinates":[20.485173,53.740128]},"properties":{"name":"Sikorskiego-Wilczyńskiego (Wilczyńskiego)","lines":"117, 121, 131, 136, 141, N01","arr":["117","121","131","136","141","N01"],"terminus":0,"mode":"bus","color":"#0059a9","colorDark":"#00294f","angle":357.2,"snapDist":4,"label":1}},{"type":"Feature","geometry":{"type":"Point","coordinates":[20.479642,53.739501]},"properties":{"name":"Osiedle Generałów (Wilczyńskiego)","lines":"117, 121, 131, 141","arr":["117","121","131","141"],"terminus":1,"mode":"bus","color":"#0059a9","colorDark":"#00294f","angle":348.4,"snapDist":6,"label":0}},{"type":"Feature","geometry":{"type":"Point","coordinates":[20.49128,53.788944]},"properties":{"name":"Limanowskiego (Limanowskiego)","lines":"119","arr":["119"],"terminus":0,"mode":"bus","color":"#0059a9","colorDark":"#00294f","angle":80,"snapDist":5,"label":0}},{"type":"Feature","geometry":{"type":"Point","coordinates":[20.488295,53.788515]},"properties":{"name":"Puszkina (Jagiellońska)","lines":"119, 136","arr":["119","136"],"terminus":0,"mode":"bus","color":"#0059a9","colorDark":"#00294f","angle":307.1,"snapDist":5,"label":1}},{"type":"Feature","geometry":{"type":"Point","coordinates":[20.48657,53.787185]},"properties":{"name":"Żeromskiego (Jagiellońska)","lines":"119, 136","arr":["119","136"],"terminus":0,"mode":"bus","color":"#0059a9","colorDark":"#00294f","angle":308.3,"snapDist":4,"label":1}},{"type":"Feature","geometry":{"type":"Point","coordinates":[20.488762,53.785794]},"properties":{"name":"Sienkiewicza (Żeromskiego)","lines":"119","arr":["119"],"terminus":0,"mode":"bus","color":"#0059a9","colorDark":"#00294f","angle":204.5,"snapDist":7,"label":1}},{"type":"Feature","geometry":{"type":"Point","coordinates":[20.482478,53.781673]},"properties":{"name":"Samulowskiego (Partyzantów)","lines":"119, N02","arr":["119","N02"],"terminus":0,"mode":"bus","color":"#0059a9","colorDark":"#00294f","angle":342.8,"snapDist":2,"label":1}},{"type":"Feature","geometry":{"type":"Point","coordinates":[20.471739,53.765263]},"properties":{"name":"Obrońców Tobruku (Iwaszkiewicza)","lines":"119, 128","arr":["119","128"],"terminus":0,"mode":"bus","color":"#0059a9","colorDark":"#00294f","angle":263.6,"snapDist":5,"label":1}},{"type":"Feature","geometry":{"type":"Point","coordinates":[20.471221,53.761125]},"properties":{"name":"Gałczyńskiego (Iwaszkiewicza)","lines":"119, 128","arr":["119","128"],"terminus":0,"mode":"bus","color":"#0059a9","colorDark":"#00294f","angle":287.8,"snapDist":5,"label":1}},{"type":"Feature","geometry":{"type":"Point","coordinates":[20.469882,53.758587]},"properties":{"name":"Iwaszkiewicza-Szkoła (Iwaszkiewicza)","lines":"119, 128","arr":["119","128"],"terminus":0,"mode":"bus","color":"#0059a9","colorDark":"#00294f","angle":320.3,"snapDist":3,"label":1}},{"type":"Feature","geometry":{"type":"Point","coordinates":[20.467029,53.756444]},"properties":{"name":"Uniwersytet-Pływalnia (Tuwima)","lines":"119, 130, 136, 307, N01","arr":["119","130","136","307","N01"],"terminus":0,"mode":"bus","color":"#0059a9","colorDark":"#00294f","angle":25.6,"snapDist":3,"label":1}},{"type":"Feature","geometry":{"type":"Point","coordinates":[20.457443,53.747244]},"properties":{"name":"Uniwersytet-Obitza (Obitza)","lines":"119","arr":["119"],"terminus":0,"mode":"bus","color":"#0059a9","colorDark":"#00294f","angle":90.6,"snapDist":8,"label":1}},{"type":"Feature","geometry":{"type":"Point","coordinates":[20.457444,53.747324]},"properties":{"name":"Uniwersytet-Obitza (Obitza)","lines":"119","arr":["119"],"terminus":0,"mode":"bus","color":"#0059a9","colorDark":"#00294f","angle":90.6,"snapDist":3,"label":0}},{"type":"Feature","geometry":{"type":"Point","coordinates":[20.462716,53.757865]},"properties":{"name":"Uniwersytet-Prawocheńskiego (Tuwima)","lines":"119, 130, 136, 307, N01","arr":["119","130","136","307","N01"],"terminus":0,"mode":"bus","color":"#0059a9","colorDark":"#00294f","angle":199.9,"snapDist":7,"label":1}},{"type":"Feature","geometry":{"type":"Point","coordinates":[20.469284,53.757831]},"properties":{"name":"Iwaszkiewicza-Szkoła (Iwaszkiewicza)","lines":"119, 128","arr":["119","128"],"terminus":0,"mode":"bus","color":"#0059a9","colorDark":"#00294f","angle":94.3,"snapDist":1,"label":0}},{"type":"Feature","geometry":{"type":"Point","coordinates":[20.471307,53.761226]},"properties":{"name":"Gałczyńskiego (Iwaszkiewicza)","lines":"119, 128","arr":["119","128"],"terminus":0,"mode":"bus","color":"#0059a9","colorDark":"#00294f","angle":117,"snapDist":2,"label":0}},{"type":"Feature","geometry":{"type":"Point","coordinates":[20.472015,53.764703]},"properties":{"name":"Obrońców Tobruku (Iwaszkiewicza)","lines":"119, 128","arr":["119","128"],"terminus":0,"mode":"bus","color":"#0059a9","colorDark":"#00294f","angle":69.4,"snapDist":0,"label":0}},{"type":"Feature","geometry":{"type":"Point","coordinates":[20.482619,53.781699]},"properties":{"name":"Samulowskiego (Partyzantów)","lines":"119","arr":["119"],"terminus":0,"mode":"bus","color":"#0059a9","colorDark":"#00294f","angle":162.8,"snapDist":9,"label":0}},{"type":"Feature","geometry":{"type":"Point","coordinates":[20.489715,53.786879]},"properties":{"name":"Kossaka (Niedziałkowskiego)","lines":"119","arr":["119"],"terminus":0,"mode":"bus","color":"#0059a9","colorDark":"#00294f","angle":26,"snapDist":4,"label":1}},{"type":"Feature","geometry":{"type":"Point","coordinates":[20.487716,53.788062]},"properties":{"name":"Puszkina (Jagiellońska)","lines":"119, 136","arr":["119","136"],"terminus":0,"mode":"bus","color":"#0059a9","colorDark":"#00294f","angle":127.1,"snapDist":2,"label":0}},{"type":"Feature","geometry":{"type":"Point","coordinates":[20.478021,53.735682]},"properties":{"name":"Bilitewskiego (Popiełuszki)","lines":"121","arr":["121"],"terminus":1,"mode":"bus","color":"#0059a9","colorDark":"#00294f","angle":203.3,"snapDist":4,"label":1}},{"type":"Feature","geometry":{"type":"Point","coordinates":[20.479112,53.737501]},"properties":{"name":"Popiełuszki (Popiełuszki)","lines":"121","arr":["121"],"terminus":0,"mode":"bus","color":"#0059a9","colorDark":"#00294f","angle":92.4,"snapDist":4,"label":1}},{"type":"Feature","geometry":{"type":"Point","coordinates":[20.509366,53.785486]},"properties":{"name":"Makro (Lubelska)","lines":"121, 128, 141","arr":["121","128","141"],"terminus":0,"mode":"bus","color":"#0059a9","colorDark":"#00294f","angle":169.2,"snapDist":8,"label":1}},{"type":"Feature","geometry":{"type":"Point","coordinates":[20.513448,53.785948]},"properties":{"name":"Stalowa (Lubelska)","lines":"121, 128, 141","arr":["121","128","141"],"terminus":0,"mode":"bus","color":"#0059a9","colorDark":"#00294f","angle":169.2,"snapDist":11,"label":1}},{"type":"Feature","geometry":{"type":"Point","coordinates":[20.52026,53.787092]},"properties":{"name":"Centrum Szkoleń Branżowych (Lubelska)","lines":"121, 128, 141","arr":["121","128","141"],"terminus":0,"mode":"bus","color":"#0059a9","colorDark":"#00294f","angle":151.5,"snapDist":4,"label":1}},{"type":"Feature","geometry":{"type":"Point","coordinates":[20.526508,53.786812]},"properties":{"name":"Izba Administracji Skarbowej (Lubelska)","lines":"121, 128, 141","arr":["121","128","141"],"terminus":0,"mode":"bus","color":"#0059a9","colorDark":"#00294f","angle":191.8,"snapDist":6,"label":1}},{"type":"Feature","geometry":{"type":"Point","coordinates":[20.529582,53.786434]},"properties":{"name":"Budowlana (Lubelska)","lines":"121, 128, 141","arr":["121","128","141"],"terminus":0,"mode":"bus","color":"#0059a9","colorDark":"#00294f","angle":191.7,"snapDist":4,"label":1}},{"type":"Feature","geometry":{"type":"Point","coordinates":[20.529484,53.786446]},"properties":{"name":"Budowlana (Lubelska)","lines":"121, 128, 141","arr":["121","128","141"],"terminus":0,"mode":"bus","color":"#0059a9","colorDark":"#00294f","angle":11.7,"snapDist":2,"label":0}},{"type":"Feature","geometry":{"type":"Point","coordinates":[20.525878,53.786891]},"properties":{"name":"Izba Administracji Skarbowej (Lubelska)","lines":"121, 128, 141","arr":["121","128","141"],"terminus":0,"mode":"bus","color":"#0059a9","colorDark":"#00294f","angle":12.2,"snapDist":1,"label":0}},{"type":"Feature","geometry":{"type":"Point","coordinates":[20.520089,53.787037]},"properties":{"name":"Centrum Szkoleń Branżowych (Lubelska)","lines":"121, 128, 141","arr":["121","128","141"],"terminus":0,"mode":"bus","color":"#0059a9","colorDark":"#00294f","angle":331.5,"snapDist":7,"label":0}},{"type":"Feature","geometry":{"type":"Point","coordinates":[20.514989,53.786122]},"properties":{"name":"Stalowa (Lubelska)","lines":"121, 128, 141","arr":["121","128","141"],"terminus":0,"mode":"bus","color":"#0059a9","colorDark":"#00294f","angle":349.2,"snapDist":6,"label":0}},{"type":"Feature","geometry":{"type":"Point","coordinates":[20.508447,53.785382]},"properties":{"name":"Makro (Lubelska)","lines":"121, 128, 141","arr":["121","128","141"],"terminus":0,"mode":"bus","color":"#0059a9","colorDark":"#00294f","angle":349.1,"snapDist":9,"label":0}},{"type":"Feature","geometry":{"type":"Point","coordinates":[20.509707,53.771335]},"properties":{"name":"Michelin-Biuro (Leonharda)","lines":"121, 141","arr":["121","141"],"terminus":0,"mode":"bus","color":"#0059a9","colorDark":"#00294f","angle":297.4,"snapDist":6,"label":0}},{"type":"Feature","geometry":{"type":"Point","coordinates":[20.479052,53.737184]},"properties":{"name":"Popiełuszki (Popiełuszki)","lines":"121","arr":["121"],"terminus":0,"mode":"bus","color":"#0059a9","colorDark":"#00294f","angle":280.8,"snapDist":4,"label":0}},{"type":"Feature","geometry":{"type":"Point","coordinates":[20.560692,53.802927]},"properties":{"name":"Nikielkowo-Dębowa (Nikielkowo)","lines":"124, 125","arr":["124","125"],"terminus":0,"mode":"bus","color":"#0059a9","colorDark":"#00294f","angle":156.1,"snapDist":4,"label":0}},{"type":"Feature","geometry":{"type":"Point","coordinates":[20.567575,53.805765]},"properties":{"name":"Nikielkowo (Nikielkowo)","lines":"124","arr":["124"],"terminus":0,"mode":"bus","color":"#0059a9","colorDark":"#00294f","angle":112.3,"snapDist":4,"label":1}},{"type":"Feature","geometry":{"type":"Point","coordinates":[20.607994,53.81743]},"properties":{"name":"Łęgajny-Modrzewiowa (Łęgajny)","lines":"124","arr":["124"],"terminus":0,"mode":"bus","color":"#0059a9","colorDark":"#00294f","angle":135.2,"snapDist":8,"label":1}},{"type":"Feature","geometry":{"type":"Point","coordinates":[20.61694,53.819891]},"properties":{"name":"Łęgajny-Kasztanowa (Łęgajny)","lines":"124","arr":["124"],"terminus":0,"mode":"bus","color":"#0059a9","colorDark":"#00294f","angle":146.2,"snapDist":9,"label":1}},{"type":"Feature","geometry":{"type":"Point","coordinates":[20.628307,53.820948]},"properties":{"name":"Łęgajny-Stadion (Łęgajny)","lines":"124","arr":["124"],"terminus":0,"mode":"bus","color":"#0059a9","colorDark":"#00294f","angle":186.4,"snapDist":4,"label":1}},{"type":"Feature","geometry":{"type":"Point","coordinates":[20.634602,53.820887]},"properties":{"name":"Łęgajny-Wieś (Łęgajny)","lines":"124","arr":["124"],"terminus":0,"mode":"bus","color":"#0059a9","colorDark":"#00294f","angle":208.9,"snapDist":7,"label":1}},{"type":"Feature","geometry":{"type":"Point","coordinates":[20.636894,53.819791]},"properties":{"name":"Łęgajny-Wieś (Łęgajny)","lines":"124","arr":["124"],"terminus":0,"mode":"bus","color":"#0059a9","colorDark":"#00294f","angle":39.8,"snapDist":2,"label":0}},{"type":"Feature","geometry":{"type":"Point","coordinates":[20.628369,53.820944]},"properties":{"name":"Łęgajny-Stadion (Łęgajny)","lines":"124","arr":["124"],"terminus":0,"mode":"bus","color":"#0059a9","colorDark":"#00294f","angle":6.4,"snapDist":6,"label":0}},{"type":"Feature","geometry":{"type":"Point","coordinates":[20.620235,53.820502]},"properties":{"name":"Łęgajny-Kasztanowa (Łęgajny)","lines":"124","arr":["124"],"terminus":0,"mode":"bus","color":"#0059a9","colorDark":"#00294f","angle":12,"snapDist":11,"label":1}},{"type":"Feature","geometry":{"type":"Point","coordinates":[20.607852,53.817348]},"properties":{"name":"Łęgajny-Modrzewiowa (Łęgajny)","lines":"124","arr":["124"],"terminus":0,"mode":"bus","color":"#0059a9","colorDark":"#00294f","angle":315.2,"snapDist":5,"label":0}},{"type":"Feature","geometry":{"type":"Point","coordinates":[20.567534,53.805706]},"properties":{"name":"Nikielkowo (Nikielkowo)","lines":"124","arr":["124"],"terminus":0,"mode":"bus","color":"#0059a9","colorDark":"#00294f","angle":292.3,"snapDist":4,"label":0}},{"type":"Feature","geometry":{"type":"Point","coordinates":[20.566569,53.80215]},"properties":{"name":"Nikielkowo-Wiadukt (Nikielkowo)","lines":"125","arr":["125"],"terminus":0,"mode":"bus","color":"#0059a9","colorDark":"#00294f","angle":254.6,"snapDist":5,"label":0}},{"type":"Feature","geometry":{"type":"Point","coordinates":[20.569952,53.800356]},"properties":{"name":"Nikielkowo-Słowikowa (Nikielkowo)","lines":"125","arr":["125"],"terminus":0,"mode":"bus","color":"#0059a9","colorDark":"#00294f","angle":200.1,"snapDist":8,"label":0}},{"type":"Feature","geometry":{"type":"Point","coordinates":[20.576739,53.798708]},"properties":{"name":"Nikielkowo-Lawendowa (Nikielkowo)","lines":"125","arr":["125"],"terminus":0,"mode":"bus","color":"#0059a9","colorDark":"#00294f","angle":245.1,"snapDist":6,"label":0}},{"type":"Feature","geometry":{"type":"Point","coordinates":[20.578796,53.795909]},"properties":{"name":"Nikielkowo-Miętowa (Nikielkowo)","lines":"125","arr":["125"],"terminus":0,"mode":"bus","color":"#0059a9","colorDark":"#00294f","angle":247.1,"snapDist":3,"label":0}},{"type":"Feature","geometry":{"type":"Point","coordinates":[20.585394,53.791889]},"properties":{"name":"Wójtowo-Wrzosowa (Wójtowo)","lines":"125","arr":["125"],"terminus":0,"mode":"bus","color":"#0059a9","colorDark":"#00294f","angle":216.3,"snapDist":3,"label":0}},{"type":"Feature","geometry":{"type":"Point","coordinates":[20.593708,53.790954]},"properties":{"name":"Wójtowo-Kwiatowa (Wójtowo)","lines":"125","arr":["125"],"terminus":0,"mode":"bus","color":"#0059a9","colorDark":"#00294f","angle":161.7,"snapDist":4,"label":0}},{"type":"Feature","geometry":{"type":"Point","coordinates":[20.472514,53.717876]},"properties":{"name":"Bartąska-Rondo (Bartąska)","lines":"126, 136","arr":["126","136"],"terminus":1,"mode":"bus","color":"#0059a9","colorDark":"#00294f","angle":75,"snapDist":2,"label":1}},{"type":"Feature","geometry":{"type":"Point","coordinates":[20.475234,53.725433]},"properties":{"name":"Osiedle Zacisze (Bartąska)","lines":"126, 136","arr":["126","136"],"terminus":0,"mode":"bus","color":"#0059a9","colorDark":"#00294f","angle":80.4,"snapDist":4,"label":1}},{"type":"Feature","geometry":{"type":"Point","coordinates":[20.477878,53.729063]},"properties":{"name":"Bartąska-Jakubowa (Bartąska)","lines":"126, 136","arr":["126","136"],"terminus":0,"mode":"bus","color":"#0059a9","colorDark":"#00294f","angle":-64.9,"snapDist":11,"label":1}},{"type":"Feature","geometry":{"type":"Point","coordinates":[20.479252,53.730776]},"properties":{"name":"Antonowicza (Bukowskiego)","lines":"126","arr":["126"],"terminus":0,"mode":"bus","color":"#0059a9","colorDark":"#00294f","angle":185.5,"snapDist":8,"label":1}},{"type":"Feature","geometry":{"type":"Point","coordinates":[20.489434,53.733793]},"properties":{"name":"Płoskiego (Płoskiego)","lines":"126","arr":["126"],"terminus":0,"mode":"bus","color":"#0059a9","colorDark":"#00294f","angle":35.9,"snapDist":1,"label":1}},{"type":"Feature","geometry":{"type":"Point","coordinates":[20.516728,53.809272]},"properties":{"name":"Jagiellońska-Ogrody (Jagiellońska)","lines":"126","arr":["126"],"terminus":1,"mode":"bus","color":"#0059a9","colorDark":"#00294f","angle":185.2,"snapDist":6,"label":1}},{"type":"Feature","geometry":{"type":"Point","coordinates":[20.517536,53.809513]},"properties":{"name":"Jagiellońska-Ogrody (Jagiellońska)","lines":"126","arr":["126"],"terminus":1,"mode":"bus","color":"#0059a9","colorDark":"#00294f","angle":144.1,"snapDist":1,"label":0}},{"type":"Feature","geometry":{"type":"Point","coordinates":[20.48631,53.739442]},"properties":{"name":"Sikorskiego-Wilczyńskiego (Płoskiego)","lines":"126","arr":["126"],"terminus":0,"mode":"bus","color":"#0059a9","colorDark":"#00294f","angle":269.6,"snapDist":10,"label":1}},{"type":"Feature","geometry":{"type":"Point","coordinates":[20.48974,53.733109]},"properties":{"name":"Płoskiego (Bukowskiego)","lines":"126","arr":["126"],"terminus":0,"mode":"bus","color":"#0059a9","colorDark":"#00294f","angle":307.1,"snapDist":9,"label":1}},{"type":"Feature","geometry":{"type":"Point","coordinates":[20.480549,53.730898]},"properties":{"name":"Antonowicza (Bukowskiego)","lines":"126","arr":["126"],"terminus":0,"mode":"bus","color":"#0059a9","colorDark":"#00294f","angle":354.9,"snapDist":1,"label":0}},{"type":"Feature","geometry":{"type":"Point","coordinates":[20.477682,53.729107]},"properties":{"name":"Bartąska-Jakubowa (Bartąska)","lines":"126, 136","arr":["126","136"],"terminus":0,"mode":"bus","color":"#0059a9","colorDark":"#00294f","angle":281.2,"snapDist":6,"label":0}},{"type":"Feature","geometry":{"type":"Point","coordinates":[20.475131,53.724689]},"properties":{"name":"Osiedle Zacisze (Bartąska)","lines":"126, 136","arr":["126","136"],"terminus":0,"mode":"bus","color":"#0059a9","colorDark":"#00294f","angle":268.1,"snapDist":2,"label":0}},{"type":"Feature","geometry":{"type":"Point","coordinates":[20.472945,53.717381]},"properties":{"name":"Bartąska-Rondo (Bartąska)","lines":"126, 136","arr":["126","136"],"terminus":1,"mode":"bus","color":"#0059a9","colorDark":"#00294f","angle":245.8,"snapDist":5,"label":0}},{"type":"Feature","geometry":{"type":"Point","coordinates":[20.495857,53.735705]},"properties":{"name":"Witosa (Witosa)","lines":"127, 205","arr":["127","205"],"terminus":1,"mode":"bus","color":"#0059a9","colorDark":"#00294f","angle":169.6,"snapDist":8,"label":1}},{"type":"Feature","geometry":{"type":"Point","coordinates":[20.50085,53.736218]},"properties":{"name":"Myszki Miki (Witosa)","lines":"127, 205","arr":["127","205"],"terminus":0,"mode":"bus","color":"#0059a9","colorDark":"#00294f","angle":170.6,"snapDist":8,"label":1}},{"type":"Feature","geometry":{"type":"Point","coordinates":[20.504998,53.736606]},"properties":{"name":"Kanta (Witosa)","lines":"127, 205","arr":["127","205"],"terminus":0,"mode":"bus","color":"#0059a9","colorDark":"#00294f","angle":170.9,"snapDist":5,"label":1}},{"type":"Feature","geometry":{"type":"Point","coordinates":[20.509136,53.73788]},"properties":{"name":"Kubusia Puchatka (Krasickiego)","lines":"127, 205, N01","arr":["127","205","N01"],"terminus":0,"mode":"bus","color":"#0059a9","colorDark":"#00294f","angle":125.2,"snapDist":4,"label":1}},{"type":"Feature","geometry":{"type":"Point","coordinates":[20.510105,53.740881]},"properties":{"name":"Panasa (Krasickiego)","lines":"127, 205, N01","arr":["127","205","N01"],"terminus":0,"mode":"bus","color":"#0059a9","colorDark":"#00294f","angle":83.5,"snapDist":2,"label":1}},{"type":"Feature","geometry":{"type":"Point","coordinates":[20.486548,53.74068]},"properties":{"name":"Sikorskiego-Wilczyńskiego (Sikorskiego)","lines":"127, 130, 136, 307, N01","arr":["127","130","136","307","N01"],"terminus":0,"mode":"bus","color":"#0059a9","colorDark":"#00294f","angle":89.1,"snapDist":2,"label":1}},{"type":"Feature","geometry":{"type":"Point","coordinates":[20.486459,53.743328]},"properties":{"name":"Andersa (Sikorskiego)","lines":"127, 130, 136, 307, N01","arr":["127","130","136","307","N01"],"terminus":0,"mode":"bus","color":"#0059a9","colorDark":"#00294f","angle":92.7,"snapDist":1,"label":1}},{"type":"Feature","geometry":{"type":"Point","coordinates":[20.48729,53.74776]},"properties":{"name":"Minakowskiego (Sikorskiego)","lines":"127, 130, 136, 307, N01","arr":["127","130","136","307","N01"],"terminus":0,"mode":"bus","color":"#0059a9","colorDark":"#00294f","angle":86.4,"snapDist":2,"label":1}},{"type":"Feature","geometry":{"type":"Point","coordinates":[20.48664,53.756725]},"properties":{"name":"Galeria Warmińska (Sikorskiego)","lines":"127","arr":["127"],"terminus":0,"mode":"bus","color":"#0059a9","colorDark":"#00294f","angle":94.9,"snapDist":5,"label":1}},{"type":"Feature","geometry":{"type":"Point","coordinates":[20.486869,53.759628]},"properties":{"name":"Sikorskiego-Ogrody (Sikorskiego)","lines":"127","arr":["127"],"terminus":0,"mode":"bus","color":"#0059a9","colorDark":"#00294f","angle":90.3,"snapDist":3,"label":1}},{"type":"Feature","geometry":{"type":"Point","coordinates":[20.486594,53.762921]},"properties":{"name":"Dywizjonu 303 (Sikorskiego)","lines":"127","arr":["127"],"terminus":0,"mode":"bus","color":"#0059a9","colorDark":"#00294f","angle":74.5,"snapDist":0,"label":1}},{"type":"Feature","geometry":{"type":"Point","coordinates":[20.486816,53.761593]},"properties":{"name":"Dywizjonu 303 (Sikorskiego)","lines":"127","arr":["127"],"terminus":0,"mode":"bus","color":"#0059a9","colorDark":"#00294f","angle":273.4,"snapDist":13,"label":0}},{"type":"Feature","geometry":{"type":"Point","coordinates":[20.486617,53.75891]},"properties":{"name":"Sikorskiego-Ogrody (Sikorskiego)","lines":"127","arr":["127"],"terminus":0,"mode":"bus","color":"#0059a9","colorDark":"#00294f","angle":271.1,"snapDist":8,"label":0}},{"type":"Feature","geometry":{"type":"Point","coordinates":[20.486136,53.751303]},"properties":{"name":"Auchan (Sikorskiego)","lines":"127, 130, 136, 307","arr":["127","130","136","307"],"terminus":0,"mode":"bus","color":"#0059a9","colorDark":"#00294f","angle":269.1,"snapDist":13,"label":1}},{"type":"Feature","geometry":{"type":"Point","coordinates":[20.486886,53.746723]},"properties":{"name":"Minakowskiego (Sikorskiego)","lines":"127, 130, 136, 307","arr":["127","130","136","307"],"terminus":0,"mode":"bus","color":"#0059a9","colorDark":"#00294f","angle":276.7,"snapDist":15,"label":0}},{"type":"Feature","geometry":{"type":"Point","coordinates":[20.486298,53.743321]},"properties":{"name":"Andersa (Sikorskiego)","lines":"127, 130, 136, 307","arr":["127","130","136","307"],"terminus":0,"mode":"bus","color":"#0059a9","colorDark":"#00294f","angle":272.6,"snapDist":16,"label":0}},{"type":"Feature","geometry":{"type":"Point","coordinates":[20.509788,53.741208]},"properties":{"name":"Krasickiego-Wilczyńskiego (Krasickiego)","lines":"127, 205, N01","arr":["127","205","N01"],"terminus":0,"mode":"bus","color":"#0059a9","colorDark":"#00294f","angle":257.9,"snapDist":9,"label":0}},{"type":"Feature","geometry":{"type":"Point","coordinates":[20.507513,53.737138]},"properties":{"name":"Kubusia Puchatka (Witosa)","lines":"127, 205","arr":["127","205"],"terminus":0,"mode":"bus","color":"#0059a9","colorDark":"#00294f","angle":328.4,"snapDist":3,"label":1}},{"type":"Feature","geometry":{"type":"Point","coordinates":[20.50272,53.736511]},"properties":{"name":"Kanta (Witosa)","lines":"127, 205","arr":["127","205"],"terminus":0,"mode":"bus","color":"#0059a9","colorDark":"#00294f","angle":351,"snapDist":0,"label":0}},{"type":"Feature","geometry":{"type":"Point","coordinates":[20.499228,53.736176]},"properties":{"name":"Myszki Miki (Witosa)","lines":"127, 205","arr":["127","205"],"terminus":0,"mode":"bus","color":"#0059a9","colorDark":"#00294f","angle":350.2,"snapDist":1,"label":0}},{"type":"Feature","geometry":{"type":"Point","coordinates":[20.496007,53.735838]},"properties":{"name":"Witosa (Witosa)","lines":"127","arr":["127"],"terminus":1,"mode":"bus","color":"#0059a9","colorDark":"#00294f","angle":349.5,"snapDist":2,"label":0}},{"type":"Feature","geometry":{"type":"Point","coordinates":[20.471894,53.746917]},"properties":{"name":"Brzeziny (Wawrzyczka)","lines":"128","arr":["128"],"terminus":1,"mode":"bus","color":"#0059a9","colorDark":"#00294f","angle":259.6,"snapDist":4,"label":1}},{"type":"Feature","geometry":{"type":"Point","coordinates":[20.475948,53.752346]},"properties":{"name":"Wawrzyczka (Wawrzyczka)","lines":"128","arr":["128"],"terminus":0,"mode":"bus","color":"#0059a9","colorDark":"#00294f","angle":106.6,"snapDist":3,"label":1}},{"type":"Feature","geometry":{"type":"Point","coordinates":[20.47524,53.754756]},"properties":{"name":"Pozorty (Tuwima)","lines":"128, 130, 136, 307, N01","arr":["128","130","136","307","N01"],"terminus":0,"mode":"bus","color":"#0059a9","colorDark":"#00294f","angle":27.1,"snapDist":1,"label":1}},{"type":"Feature","geometry":{"type":"Point","coordinates":[20.540932,53.783839]},"properties":{"name":"Cementowa (Lubelska)","lines":"128, 304","arr":["128","304"],"terminus":0,"mode":"bus","color":"#0059a9","colorDark":"#00294f","angle":216.8,"snapDist":6,"label":1}},{"type":"Feature","geometry":{"type":"Point","coordinates":[20.545918,53.781886]},"properties":{"name":"Zakład Gospodarki Odpadami Komunalnymi (Lubelska)","lines":"128, 304","arr":["128","304"],"terminus":0,"mode":"bus","color":"#0059a9","colorDark":"#00294f","angle":211,"snapDist":7,"label":1}},{"type":"Feature","geometry":{"type":"Point","coordinates":[20.550119,53.777396]},"properties":{"name":"Koopress (Lubelska)","lines":"128","arr":["128"],"terminus":1,"mode":"bus","color":"#0059a9","colorDark":"#00294f","angle":167.1,"snapDist":2,"label":1}},{"type":"Feature","geometry":{"type":"Point","coordinates":[20.550119,53.777396]},"properties":{"name":"Koopress (Lubelska)","lines":"128","arr":["128"],"terminus":1,"mode":"bus","color":"#0059a9","colorDark":"#00294f","angle":347.1,"snapDist":2,"label":0}},{"type":"Feature","geometry":{"type":"Point","coordinates":[20.547091,53.781472]},"properties":{"name":"Zakład Gospodarki Odpadami Komunalnymi (Lubelska)","lines":"128, 304","arr":["128","304"],"terminus":0,"mode":"bus","color":"#0059a9","colorDark":"#00294f","angle":30.7,"snapDist":2,"label":0}},{"type":"Feature","geometry":{"type":"Point","coordinates":[20.469293,53.755946]},"properties":{"name":"Uniwersytet-Pływalnia (Tuwima)","lines":"128, 130, 136, 307, N01","arr":["128","130","136","307","N01"],"terminus":0,"mode":"bus","color":"#0059a9","colorDark":"#00294f","angle":189.9,"snapDist":9,"label":0}},{"type":"Feature","geometry":{"type":"Point","coordinates":[20.475852,53.752157]},"properties":{"name":"Wawrzyczka (Wawrzyczka)","lines":"128","arr":["128"],"terminus":0,"mode":"bus","color":"#0059a9","colorDark":"#00294f","angle":286.6,"snapDist":1,"label":0}},{"type":"Feature","geometry":{"type":"Point","coordinates":[20.472252,53.747264]},"properties":{"name":"Brzeziny (Wawrzyczka)","lines":"128","arr":["128"],"terminus":1,"mode":"bus","color":"#0059a9","colorDark":"#00294f","angle":31.6,"snapDist":3,"label":0}},{"type":"Feature","geometry":{"type":"Point","coordinates":[20.517784,53.740241]},"properties":{"name":"Pieczewo (Wilczyńskiego)","lines":"130, 132, 307, N01","arr":["130","132","307","N01"],"terminus":1,"mode":"bus","color":"#0059a9","colorDark":"#00294f","angle":352.6,"snapDist":11,"label":1}},{"type":"Feature","geometry":{"type":"Point","coordinates":[20.514399,53.741224]},"properties":{"name":"Gębika (Wilczyńskiego)","lines":"130, 132, 307, N01","arr":["130","132","307","N01"],"terminus":0,"mode":"bus","color":"#0059a9","colorDark":"#00294f","angle":41.9,"snapDist":2,"label":1}},{"type":"Feature","geometry":{"type":"Point","coordinates":[20.485126,53.755779]},"properties":{"name":"Galeria Warmińska (Tuwima)","lines":"130, 136, 307, N01","arr":["130","136","307","N01"],"terminus":0,"mode":"bus","color":"#0059a9","colorDark":"#00294f","angle":359.3,"snapDist":20,"label":1}},{"type":"Feature","geometry":{"type":"Point","coordinates":[20.477807,53.754393]},"properties":{"name":"Pozorty (Tuwima)","lines":"130, 136, 307, N01","arr":["130","136","307","N01"],"terminus":0,"mode":"bus","color":"#0059a9","colorDark":"#00294f","angle":178.2,"snapDist":6,"label":0}},{"type":"Feature","geometry":{"type":"Point","coordinates":[20.51052,53.742212]},"properties":{"name":"Krasickiego-Wilczyńskiego (Wilczyńskiego)","lines":"130, 132, 307, N01","arr":["130","132","307","N01"],"terminus":0,"mode":"bus","color":"#0059a9","colorDark":"#00294f","angle":167.9,"snapDist":4,"label":0}},{"type":"Feature","geometry":{"type":"Point","coordinates":[20.515355,53.740718]},"properties":{"name":"Gębika (Wilczyńskiego)","lines":"130, 132, 307, N01","arr":["130","132","307","N01"],"terminus":0,"mode":"bus","color":"#0059a9","colorDark":"#00294f","angle":221.2,"snapDist":0,"label":0}},{"type":"Feature","geometry":{"type":"Point","coordinates":[20.518082,53.739982]},"properties":{"name":"Pieczewo (Wilczyńskiego)","lines":"130, 132, 307","arr":["130","132","307"],"terminus":1,"mode":"bus","color":"#0059a9","colorDark":"#00294f","angle":205.4,"snapDist":5,"label":0}},{"type":"Feature","geometry":{"type":"Point","coordinates":[20.513562,53.769656]},"properties":{"name":"Miejski Urząd Pracy (Augustowska)","lines":"135","arr":["135"],"terminus":0,"mode":"bus","color":"#0059a9","colorDark":"#00294f","angle":252.2,"snapDist":3,"label":1}},{"type":"Feature","geometry":{"type":"Point","coordinates":[20.512866,53.767263]},"properties":{"name":"Regionalne Centrum Bezpieczeństwa (Augustowska)","lines":"135","arr":["135"],"terminus":0,"mode":"bus","color":"#0059a9","colorDark":"#00294f","angle":114.8,"snapDist":4,"label":1}},{"type":"Feature","geometry":{"type":"Point","coordinates":[20.509385,53.76667]},"properties":{"name":"Opolska (Augustowska)","lines":"135","arr":["135"],"terminus":0,"mode":"bus","color":"#0059a9","colorDark":"#00294f","angle":11.4,"snapDist":5,"label":1}},{"type":"Feature","geometry":{"type":"Point","coordinates":[20.485093,53.773519]},"properties":{"name":"Emilii Plater (Kościuszki)","lines":"135","arr":["135"],"terminus":0,"mode":"bus","color":"#0059a9","colorDark":"#00294f","angle":292.2,"snapDist":9,"label":1}},{"type":"Feature","geometry":{"type":"Point","coordinates":[20.483011,53.770129]},"properties":{"name":"Niepodległości (Kościuszki)","lines":"135","arr":["135"],"terminus":0,"mode":"bus","color":"#0059a9","colorDark":"#00294f","angle":296,"snapDist":8,"label":1}},{"type":"Feature","geometry":{"type":"Point","coordinates":[20.468502,53.780034]},"properties":{"name":"Kotańskiego (Bohaterów Monte Cassino)","lines":"135","arr":["135"],"terminus":0,"mode":"bus","color":"#0059a9","colorDark":"#00294f","angle":60.7,"snapDist":5,"label":1}},{"type":"Feature","geometry":{"type":"Point","coordinates":[20.468242,53.78284]},"properties":{"name":"Kuronia (Bohaterów Monte Cassino)","lines":"135","arr":["135"],"terminus":0,"mode":"bus","color":"#0059a9","colorDark":"#00294f","angle":103.7,"snapDist":5,"label":1}},{"type":"Feature","geometry":{"type":"Point","coordinates":[20.465366,53.784048]},"properties":{"name":"Leśna-Osiedle (Bohaterów Monte Cassino)","lines":"135","arr":["135"],"terminus":0,"mode":"bus","color":"#0059a9","colorDark":"#00294f","angle":9.4,"snapDist":1,"label":1}},{"type":"Feature","geometry":{"type":"Point","coordinates":[20.46482,53.781096]},"properties":{"name":"Leśna (Leśna)","lines":"135","arr":["135"],"terminus":0,"mode":"bus","color":"#0059a9","colorDark":"#00294f","angle":262,"snapDist":7,"label":1}},{"type":"Feature","geometry":{"type":"Point","coordinates":[20.483488,53.770718]},"properties":{"name":"Niepodległości (Kościuszki)","lines":"135","arr":["135"],"terminus":0,"mode":"bus","color":"#0059a9","colorDark":"#00294f","angle":112.8,"snapDist":2,"label":0}},{"type":"Feature","geometry":{"type":"Point","coordinates":[20.48524,53.773723]},"properties":{"name":"Emilii Plater (Kościuszki)","lines":"135","arr":["135"],"terminus":0,"mode":"bus","color":"#0059a9","colorDark":"#00294f","angle":294.6,"snapDist":1,"label":0}},{"type":"Feature","geometry":{"type":"Point","coordinates":[20.510179,53.766539]},"properties":{"name":"Opolska (Augustowska)","lines":"135","arr":["135"],"terminus":0,"mode":"bus","color":"#0059a9","colorDark":"#00294f","angle":-163.1,"snapDist":4,"label":0}},{"type":"Feature","geometry":{"type":"Point","coordinates":[20.512841,53.767232]},"properties":{"name":"Regionalne Centrum Bezpieczeństwa (Augustowska)","lines":"135","arr":["135"],"terminus":0,"mode":"bus","color":"#0059a9","colorDark":"#00294f","angle":114.8,"snapDist":6,"label":0}},{"type":"Feature","geometry":{"type":"Point","coordinates":[20.513538,53.769701]},"properties":{"name":"Miejski Urząd Pracy (Augustowska)","lines":"135","arr":["135"],"terminus":0,"mode":"bus","color":"#0059a9","colorDark":"#00294f","angle":72.2,"snapDist":6,"label":0}},{"type":"Feature","geometry":{"type":"Point","coordinates":[20.519394,53.769294]},"properties":{"name":"Rejewskiego (Rejewskiego)","lines":"135","arr":["135"],"terminus":0,"mode":"bus","color":"#0059a9","colorDark":"#00294f","angle":278.2,"snapDist":4,"label":1}},{"type":"Feature","geometry":{"type":"Point","coordinates":[20.522845,53.766714]},"properties":{"name":"Park Naukowo-Technologiczny - BK (Rejewskiego)","lines":"135","arr":["135"],"terminus":0,"mode":"bus","color":"#0059a9","colorDark":"#00294f","angle":211.1,"snapDist":3,"label":1}},{"type":"Feature","geometry":{"type":"Point","coordinates":[20.521021,53.763439]},"properties":{"name":"Park Naukowo-Technologiczny - B1 (Trylińskiego)","lines":"135","arr":["135"],"terminus":0,"mode":"bus","color":"#0059a9","colorDark":"#00294f","angle":3.8,"snapDist":0,"label":1}},{"type":"Feature","geometry":{"type":"Point","coordinates":[20.518117,53.764016]},"properties":{"name":"Park Naukowo-Technologiczny - L2 (Trylińskiego)","lines":"135","arr":["135"],"terminus":0,"mode":"bus","color":"#0059a9","colorDark":"#00294f","angle":311.7,"snapDist":8,"label":1}},{"type":"Feature","geometry":{"type":"Point","coordinates":[20.480522,53.735637]},"properties":{"name":"Rubinowa (Bartąska)","lines":"136","arr":["136"],"terminus":0,"mode":"bus","color":"#0059a9","colorDark":"#00294f","angle":115.7,"snapDist":4,"label":1}},{"type":"Feature","geometry":{"type":"Point","coordinates":[20.506631,53.802604]},"properties":{"name":"Jagiellońska-Szpital (Jagiellońska)","lines":"136","arr":["136"],"terminus":1,"mode":"bus","color":"#0059a9","colorDark":"#00294f","angle":2.7,"snapDist":7,"label":0}},{"type":"Feature","geometry":{"type":"Point","coordinates":[20.480382,53.735445]},"properties":{"name":"Rubinowa (Bartąska)","lines":"136","arr":["136"],"terminus":0,"mode":"bus","color":"#0059a9","colorDark":"#00294f","angle":292.7,"snapDist":4,"label":0}},{"type":"Feature","geometry":{"type":"Point","coordinates":[20.537355,53.781995]},"properties":{"name":"Bublewicza (Cementowa)","lines":"141","arr":["141"],"terminus":0,"mode":"bus","color":"#0059a9","colorDark":"#00294f","angle":126.2,"snapDist":3,"label":1}},{"type":"Feature","geometry":{"type":"Point","coordinates":[20.399154,53.80152]},"properties":{"name":"Kresowa (Kresowa)","lines":"145","arr":["145"],"terminus":0,"mode":"bus","color":"#0059a9","colorDark":"#00294f","angle":19,"snapDist":0,"label":1}},{"type":"Feature","geometry":{"type":"Point","coordinates":[20.392599,53.800914]},"properties":{"name":"Żółkiewskiego (Kresowa)","lines":"145","arr":["145"],"terminus":0,"mode":"bus","color":"#0059a9","colorDark":"#00294f","angle":4.1,"snapDist":9,"label":1}},{"type":"Feature","geometry":{"type":"Point","coordinates":[20.384295,53.798619]},"properties":{"name":"Gutkowo-Przyjazna (Gutkowo)","lines":"145","arr":["145"],"terminus":0,"mode":"bus","color":"#0059a9","colorDark":"#00294f","angle":325.7,"snapDist":6,"label":1}},{"type":"Feature","geometry":{"type":"Point","coordinates":[20.370885,53.799098]},"properties":{"name":"Gutkowo-Cisowa (Gutkowo)","lines":"145","arr":["145"],"terminus":0,"mode":"bus","color":"#0059a9","colorDark":"#00294f","angle":329,"snapDist":6,"label":1}},{"type":"Feature","geometry":{"type":"Point","coordinates":[20.365473,53.802694]},"properties":{"name":"Gutkowo-Kapliczka (Gutkowo)","lines":"145","arr":["145"],"terminus":0,"mode":"bus","color":"#0059a9","colorDark":"#00294f","angle":81.9,"snapDist":3,"label":1}},{"type":"Feature","geometry":{"type":"Point","coordinates":[20.370651,53.809674]},"properties":{"name":"Gutkowo-Rondo (Gutkowo)","lines":"145","arr":["145"],"terminus":0,"mode":"bus","color":"#0059a9","colorDark":"#00294f","angle":340.4,"snapDist":5,"label":1}},{"type":"Feature","geometry":{"type":"Point","coordinates":[20.340929,53.804898]},"properties":{"name":"Warkały-Osiedle Miłe (Warkały)","lines":"145","arr":["145"],"terminus":0,"mode":"bus","color":"#0059a9","colorDark":"#00294f","angle":345.1,"snapDist":7,"label":1}},{"type":"Feature","geometry":{"type":"Point","coordinates":[20.32648,53.802154]},"properties":{"name":"Warkały-Żłobek (Warkały)","lines":"145","arr":["145"],"terminus":0,"mode":"bus","color":"#0059a9","colorDark":"#00294f","angle":348.4,"snapDist":5,"label":1}},{"type":"Feature","geometry":{"type":"Point","coordinates":[20.299669,53.799707]},"properties":{"name":"Giedajty-Osiedle (Giedajty)","lines":"145","arr":["145"],"terminus":0,"mode":"bus","color":"#0059a9","colorDark":"#00294f","angle":158.8,"snapDist":4,"label":1}},{"type":"Feature","geometry":{"type":"Point","coordinates":[20.2984,53.804423]},"properties":{"name":"Giedajty-Świetlica (Giedajty)","lines":"145","arr":["145"],"terminus":0,"mode":"bus","color":"#0059a9","colorDark":"#00294f","angle":105.9,"snapDist":7,"label":1}},{"type":"Feature","geometry":{"type":"Point","coordinates":[20.301727,53.815569]},"properties":{"name":"Jonkowo-Dworzec (Jonkowo)","lines":"145","arr":["145"],"terminus":0,"mode":"bus","color":"#0059a9","colorDark":"#00294f","angle":96.5,"snapDist":3,"label":1}},{"type":"Feature","geometry":{"type":"Point","coordinates":[20.302643,53.817221]},"properties":{"name":"Jonkowo-Lipowa 2 (Jonkowo)","lines":"145","arr":["145"],"terminus":0,"mode":"bus","color":"#0059a9","colorDark":"#00294f","angle":112.7,"snapDist":8,"label":1}},{"type":"Feature","geometry":{"type":"Point","coordinates":[20.305265,53.822278]},"properties":{"name":"Jonkowo-Lipowa 1 (Jonkowo)","lines":"145","arr":["145"],"terminus":0,"mode":"bus","color":"#0059a9","colorDark":"#00294f","angle":101.1,"snapDist":6,"label":1}},{"type":"Feature","geometry":{"type":"Point","coordinates":[20.307841,53.826294]},"properties":{"name":"Jonkowo-Szkoła (Jonkowo)","lines":"145","arr":["145"],"terminus":0,"mode":"bus","color":"#0059a9","colorDark":"#00294f","angle":144.2,"snapDist":6,"label":1}},{"type":"Feature","geometry":{"type":"Point","coordinates":[20.310753,53.828069]},"properties":{"name":"Jonkowo (Jonkowo)","lines":"145","arr":["145"],"terminus":1,"mode":"bus","color":"#0059a9","colorDark":"#00294f","angle":81.3,"snapDist":21,"label":1}},{"type":"Feature","geometry":{"type":"Point","coordinates":[20.310851,53.828285]},"properties":{"name":"Jonkowo (Jonkowo)","lines":"145","arr":["145"],"terminus":1,"mode":"bus","color":"#0059a9","colorDark":"#00294f","angle":246.4,"snapDist":7,"label":0}},{"type":"Feature","geometry":{"type":"Point","coordinates":[20.308496,53.826573]},"properties":{"name":"Jonkowo-Szkoła (Jonkowo)","lines":"145","arr":["145"],"terminus":0,"mode":"bus","color":"#0059a9","colorDark":"#00294f","angle":324.2,"snapDist":2,"label":0}},{"type":"Feature","geometry":{"type":"Point","coordinates":[20.305269,53.822292]},"properties":{"name":"Jonkowo-Lipowa 1 (Jonkowo)","lines":"145","arr":["145"],"terminus":0,"mode":"bus","color":"#0059a9","colorDark":"#00294f","angle":281.1,"snapDist":5,"label":0}},{"type":"Feature","geometry":{"type":"Point","coordinates":[20.302618,53.817185]},"properties":{"name":"Jonkowo-Lipowa 2 (Jonkowo)","lines":"145","arr":["145"],"terminus":0,"mode":"bus","color":"#0059a9","colorDark":"#00294f","angle":292.7,"snapDist":3,"label":0}},{"type":"Feature","geometry":{"type":"Point","coordinates":[20.301728,53.815573]},"properties":{"name":"Jonkowo-Dworzec (Jonkowo)","lines":"145","arr":["145"],"terminus":0,"mode":"bus","color":"#0059a9","colorDark":"#00294f","angle":276.5,"snapDist":3,"label":0}},{"type":"Feature","geometry":{"type":"Point","coordinates":[20.298629,53.804893]},"properties":{"name":"Giedajty-Świetlica (Giedajty)","lines":"145","arr":["145"],"terminus":0,"mode":"bus","color":"#0059a9","colorDark":"#00294f","angle":286,"snapDist":7,"label":0}},{"type":"Feature","geometry":{"type":"Point","coordinates":[20.297578,53.799802]},"properties":{"name":"Giedajty-Sklep (Giedajty)","lines":"145","arr":["145"],"terminus":0,"mode":"bus","color":"#0059a9","colorDark":"#00294f","angle":253,"snapDist":2,"label":1}},{"type":"Feature","geometry":{"type":"Point","coordinates":[20.3028,53.800555]},"properties":{"name":"Giedajty-Osiedle (Giedajty)","lines":"145","arr":["145"],"terminus":0,"mode":"bus","color":"#0059a9","colorDark":"#00294f","angle":150.6,"snapDist":3,"label":1}},{"type":"Feature","geometry":{"type":"Point","coordinates":[20.322639,53.801552]},"properties":{"name":"Warkały (Warkały)","lines":"145","arr":["145"],"terminus":0,"mode":"bus","color":"#0059a9","colorDark":"#00294f","angle":169.5,"snapDist":2,"label":1}},{"type":"Feature","geometry":{"type":"Point","coordinates":[20.328638,53.802379]},"properties":{"name":"Warkały-Żłobek (Warkały)","lines":"145","arr":["145"],"terminus":0,"mode":"bus","color":"#0059a9","colorDark":"#00294f","angle":169.3,"snapDist":6,"label":0}},{"type":"Feature","geometry":{"type":"Point","coordinates":[20.342037,53.805077]},"properties":{"name":"Warkały-Osiedle Miłe (Warkały)","lines":"145","arr":["145"],"terminus":0,"mode":"bus","color":"#0059a9","colorDark":"#00294f","angle":164,"snapDist":7,"label":0}},{"type":"Feature","geometry":{"type":"Point","coordinates":[20.371284,53.809265]},"properties":{"name":"Gutkowo-Rondo (Gutkowo)","lines":"145","arr":["145"],"terminus":0,"mode":"bus","color":"#0059a9","colorDark":"#00294f","angle":326.7,"snapDist":5,"label":0}},{"type":"Feature","geometry":{"type":"Point","coordinates":[20.365409,53.802959]},"properties":{"name":"Gutkowo-Kapliczka (Gutkowo)","lines":"145","arr":["145"],"terminus":0,"mode":"bus","color":"#0059a9","colorDark":"#00294f","angle":261.9,"snapDist":4,"label":0}},{"type":"Feature","geometry":{"type":"Point","coordinates":[20.372597,53.7996]},"properties":{"name":"Gutkowo-Cisowa (Gutkowo)","lines":"145","arr":["145"],"terminus":0,"mode":"bus","color":"#0059a9","colorDark":"#00294f","angle":166.7,"snapDist":6,"label":0}},{"type":"Feature","geometry":{"type":"Point","coordinates":[20.38517,53.799064]},"properties":{"name":"Gutkowo-Przyjazna (Gutkowo)","lines":"145","arr":["145"],"terminus":0,"mode":"bus","color":"#0059a9","colorDark":"#00294f","angle":126.7,"snapDist":9,"label":0}},{"type":"Feature","geometry":{"type":"Point","coordinates":[20.392933,53.800902]},"properties":{"name":"Żółkiewskiego (Kresowa)","lines":"145","arr":["145"],"terminus":0,"mode":"bus","color":"#0059a9","colorDark":"#00294f","angle":183.2,"snapDist":0,"label":0}},{"type":"Feature","geometry":{"type":"Point","coordinates":[20.400733,53.80196]},"properties":{"name":"Kresowa (Żurawia)","lines":"145","arr":["145"],"terminus":0,"mode":"bus","color":"#0059a9","colorDark":"#00294f","angle":113.9,"snapDist":0,"label":1}},{"type":"Feature","geometry":{"type":"Point","coordinates":[20.493656,53.732405]},"properties":{"name":"Tęczowy Las (Płoskiego)","lines":"205","arr":["205"],"terminus":1,"mode":"bus","color":"#0059a9","colorDark":"#00294f","angle":-142.6,"snapDist":12,"label":1}},{"type":"Feature","geometry":{"type":"Point","coordinates":[20.491146,53.734014]},"properties":{"name":"Płoskiego (Witosa)","lines":"205","arr":["205"],"terminus":0,"mode":"bus","color":"#0059a9","colorDark":"#00294f","angle":127.3,"snapDist":4,"label":1}},{"type":"Feature","geometry":{"type":"Point","coordinates":[20.48614,53.754868]},"properties":{"name":"Galeria Warmińska (Sikorskiego)","lines":"205","arr":["205"],"terminus":1,"mode":"bus","color":"#0059a9","colorDark":"#00294f","angle":272.7,"snapDist":8,"label":0}},{"type":"Feature","geometry":{"type":"Point","coordinates":[20.495772,53.735813]},"properties":{"name":"Witosa (Witosa)","lines":"205","arr":["205"],"terminus":0,"mode":"bus","color":"#0059a9","colorDark":"#00294f","angle":349.8,"snapDist":1,"label":0}},{"type":"Feature","geometry":{"type":"Point","coordinates":[20.490933,53.732997]},"properties":{"name":"Płoskiego (Płoskiego)","lines":"205","arr":["205"],"terminus":0,"mode":"bus","color":"#0059a9","colorDark":"#00294f","angle":215.7,"snapDist":10,"label":0}},{"type":"Feature","geometry":{"type":"Point","coordinates":[20.493524,53.732465]},"properties":{"name":"Tęczowy Las (Płoskiego)","lines":"205","arr":["205"],"terminus":1,"mode":"bus","color":"#0059a9","colorDark":"#00294f","angle":217.4,"snapDist":10,"label":0}},{"type":"Feature","geometry":{"type":"Point","coordinates":[20.561601,53.775929]},"properties":{"name":"Klebark Mały I (Klebark Mały)","lines":"304","arr":["304"],"terminus":0,"mode":"bus","color":"#0059a9","colorDark":"#00294f","angle":106,"snapDist":8,"label":1}},{"type":"Feature","geometry":{"type":"Point","coordinates":[20.567108,53.779817]},"properties":{"name":"Klebark Mały-Ogrody (Klebark Mały)","lines":"304","arr":["304"],"terminus":0,"mode":"bus","color":"#0059a9","colorDark":"#00294f","angle":140.5,"snapDist":8,"label":1}},{"type":"Feature","geometry":{"type":"Point","coordinates":[20.572471,53.782452]},"properties":{"name":"Wójtowa Rola-Ogrody I (Wójtowa Rola)","lines":"304","arr":["304"],"terminus":0,"mode":"bus","color":"#0059a9","colorDark":"#00294f","angle":140.2,"snapDist":6,"label":1}},{"type":"Feature","geometry":{"type":"Point","coordinates":[20.59073,53.786187]},"properties":{"name":"Wójtowa Rola-Ogrody II (Wójtowa Rola)","lines":"304","arr":["304"],"terminus":0,"mode":"bus","color":"#0059a9","colorDark":"#00294f","angle":179.7,"snapDist":12,"label":1}},{"type":"Feature","geometry":{"type":"Point","coordinates":[20.601842,53.790556]},"properties":{"name":"Wójtowo-Leszczynowa (Wójtowo)","lines":"304","arr":["304"],"terminus":1,"mode":"bus","color":"#0059a9","colorDark":"#00294f","angle":142.9,"snapDist":3,"label":0}},{"type":"Feature","geometry":{"type":"Point","coordinates":[20.59033,53.786186]},"properties":{"name":"Wójtowa Rola-Ogrody II (Wójtowa Rola)","lines":"304","arr":["304"],"terminus":0,"mode":"bus","color":"#0059a9","colorDark":"#00294f","angle":0.2,"snapDist":6,"label":0}},{"type":"Feature","geometry":{"type":"Point","coordinates":[20.571862,53.782153]},"properties":{"name":"Wójtowa Rola-Ogrody I (Wójtowa Rola)","lines":"304","arr":["304"],"terminus":0,"mode":"bus","color":"#0059a9","colorDark":"#00294f","angle":320.3,"snapDist":10,"label":0}},{"type":"Feature","geometry":{"type":"Point","coordinates":[20.566454,53.779515]},"properties":{"name":"Klebark Mały-Ogrody (Klebark Mały)","lines":"304","arr":["304"],"terminus":0,"mode":"bus","color":"#0059a9","colorDark":"#00294f","angle":322.9,"snapDist":5,"label":0}},{"type":"Feature","geometry":{"type":"Point","coordinates":[20.561081,53.775755]},"properties":{"name":"Klebark Mały I (Klebark Mały)","lines":"304","arr":["304"],"terminus":0,"mode":"bus","color":"#0059a9","colorDark":"#00294f","angle":14.3,"snapDist":5,"label":0}},{"type":"Feature","geometry":{"type":"Point","coordinates":[20.539708,53.784381]},"properties":{"name":"Cementowa (Lubelska)","lines":"304","arr":["304"],"terminus":0,"mode":"bus","color":"#0059a9","colorDark":"#00294f","angle":36.9,"snapDist":0,"label":0}},{"type":"Feature","geometry":{"type":"Point","coordinates":[20.450249,53.776976]},"properties":{"name":"Plaża Miejska (Kapitańska)","lines":"307","arr":["307"],"terminus":1,"mode":"bus","color":"#0059a9","colorDark":"#00294f","angle":283.8,"snapDist":9,"label":1}},{"type":"Feature","geometry":{"type":"Point","coordinates":[20.450288,53.776811]},"properties":{"name":"Plaża Miejska (Kapitańska)","lines":"307","arr":["307"],"terminus":1,"mode":"bus","color":"#0059a9","colorDark":"#00294f","angle":257.6,"snapDist":7,"label":0}},{"type":"Feature","geometry":{"type":"Point","coordinates":[20.440503,53.773188]},"properties":{"name":"Zatoka Miła (Miła)","lines":"307","arr":["307"],"terminus":0,"mode":"bus","color":"#0059a9","colorDark":"#00294f","angle":1.8,"snapDist":19,"label":1}},{"type":"Feature","geometry":{"type":"Point","coordinates":[20.478567,53.777208]},"properties":{"name":"Wysoka Brama (pl. Jedności Słowiańskiej)","lines":"1","arr":["1"],"terminus":1,"mode":"tram","color":"#E31E1E","colorDark":"#7d1111","angle":56.6,"snapDist":2,"label":1}},{"type":"Feature","geometry":{"type":"Point","coordinates":[20.482292,53.777875]},"properties":{"name":"Centrum (Piłsudskiego)","lines":"1, 5","arr":["1","5"],"terminus":0,"mode":"tram","color":"#E31E1E","colorDark":"#7d1111","angle":204,"snapDist":1,"label":1}},{"type":"Feature","geometry":{"type":"Point","coordinates":[20.487137,53.775807]},"properties":{"name":"Skwer Wakara (Kościuszki)","lines":"1, 2, 3","arr":["1","2","3"],"terminus":0,"mode":"tram","color":"#E31E1E","colorDark":"#7d1111","angle":297.8,"snapDist":2,"label":1}},{"type":"Feature","geometry":{"type":"Point","coordinates":[20.489167,53.77133]},"properties":{"name":"Szpital Wojewódzki (Mazowieckiego)","lines":"1, 2, 3","arr":["1","2","3"],"terminus":0,"mode":"tram","color":"#E31E1E","colorDark":"#7d1111","angle":289.6,"snapDist":0,"label":1}},{"type":"Feature","geometry":{"type":"Point","coordinates":[20.488141,53.766825]},"properties":{"name":"Pstrowskiego-Sikorskiego (Mazowieckiego)","lines":"1, 2, 3","arr":["1","2","3"],"terminus":0,"mode":"tram","color":"#E31E1E","colorDark":"#7d1111","angle":312.3,"snapDist":1,"label":1}},{"type":"Feature","geometry":{"type":"Point","coordinates":[20.486581,53.761601]},"properties":{"name":"Dywizjonu 303 (Sikorskiego)","lines":"1, 2, 3","arr":["1","2","3"],"terminus":0,"mode":"tram","color":"#E31E1E","colorDark":"#7d1111","angle":272.5,"snapDist":2,"label":1}},{"type":"Feature","geometry":{"type":"Point","coordinates":[20.485936,53.755284]},"properties":{"name":"Galeria Warmińska (Sikorskiego)","lines":"1, 2","arr":["1","2"],"terminus":0,"mode":"tram","color":"#E31E1E","colorDark":"#7d1111","angle":274.3,"snapDist":2,"label":1}},{"type":"Feature","geometry":{"type":"Point","coordinates":[20.485923,53.751301]},"properties":{"name":"Auchan (Sikorskiego)","lines":"1, 2","arr":["1","2"],"terminus":0,"mode":"tram","color":"#E31E1E","colorDark":"#7d1111","angle":269.4,"snapDist":6,"label":1}},{"type":"Feature","geometry":{"type":"Point","coordinates":[20.486079,53.743326]},"properties":{"name":"Andersa (Sikorskiego)","lines":"1, 2","arr":["1","2"],"terminus":0,"mode":"tram","color":"#E31E1E","colorDark":"#7d1111","angle":272.3,"snapDist":7,"label":1}},{"type":"Feature","geometry":{"type":"Point","coordinates":[20.486065,53.739659]},"properties":{"name":"Sikorskiego-Wilczyńskiego (Płoskiego)","lines":"1, 2","arr":["1","2"],"terminus":0,"mode":"tram","color":"#E31E1E","colorDark":"#7d1111","angle":268.9,"snapDist":3,"label":1}},{"type":"Feature","geometry":{"type":"Point","coordinates":[20.491143,53.734307]},"properties":{"name":"Płoskiego (Witosa)","lines":"1, 2","arr":["1","2"],"terminus":0,"mode":"tram","color":"#E31E1E","colorDark":"#7d1111","angle":127,"snapDist":3,"label":1}},{"type":"Feature","geometry":{"type":"Point","coordinates":[20.495758,53.73592]},"properties":{"name":"Witosa (Witosa)","lines":"1, 2","arr":["1","2"],"terminus":0,"mode":"tram","color":"#E31E1E","colorDark":"#7d1111","angle":170.1,"snapDist":4,"label":1}},{"type":"Feature","geometry":{"type":"Point","coordinates":[20.502877,53.736703]},"properties":{"name":"Kanta (Witosa)","lines":"1, 2","arr":["1","2"],"terminus":1,"mode":"tram","color":"#E31E1E","colorDark":"#7d1111","angle":170.3,"snapDist":1,"label":1}},{"type":"Feature","geometry":{"type":"Point","coordinates":[20.495746,53.735956]},"properties":{"name":"Witosa (Witosa)","lines":"1, 2","arr":["1","2"],"terminus":0,"mode":"tram","color":"#E31E1E","colorDark":"#7d1111","angle":350.1,"snapDist":2,"label":0}},{"type":"Feature","geometry":{"type":"Point","coordinates":[20.491084,53.734345]},"properties":{"name":"Płoskiego (Witosa)","lines":"1, 2","arr":["1","2"],"terminus":0,"mode":"tram","color":"#E31E1E","colorDark":"#7d1111","angle":307.1,"snapDist":3,"label":0}},{"type":"Feature","geometry":{"type":"Point","coordinates":[20.486133,53.739441]},"properties":{"name":"Sikorskiego-Wilczyńskiego (Płoskiego)","lines":"1, 2","arr":["1","2"],"terminus":0,"mode":"tram","color":"#E31E1E","colorDark":"#7d1111","angle":88.9,"snapDist":2,"label":0}},{"type":"Feature","geometry":{"type":"Point","coordinates":[20.486142,53.743326]},"properties":{"name":"Andersa (Sikorskiego)","lines":"1, 2","arr":["1","2"],"terminus":0,"mode":"tram","color":"#E31E1E","colorDark":"#7d1111","angle":-87.9,"snapDist":6,"label":0}},{"type":"Feature","geometry":{"type":"Point","coordinates":[20.485983,53.751301]},"properties":{"name":"Auchan (Sikorskiego)","lines":"1, 2","arr":["1","2"],"terminus":0,"mode":"tram","color":"#E31E1E","colorDark":"#7d1111","angle":89.7,"snapDist":3,"label":0}},{"type":"Feature","geometry":{"type":"Point","coordinates":[20.485999,53.755281]},"properties":{"name":"Galeria Warmińska (Sikorskiego)","lines":"1, 2","arr":["1","2"],"terminus":0,"mode":"tram","color":"#E31E1E","colorDark":"#7d1111","angle":94.5,"snapDist":3,"label":0}},{"type":"Feature","geometry":{"type":"Point","coordinates":[20.48664,53.761599]},"properties":{"name":"Dywizjonu 303 (Sikorskiego)","lines":"1, 2, 3","arr":["1","2","3"],"terminus":0,"mode":"tram","color":"#E31E1E","colorDark":"#7d1111","angle":92.5,"snapDist":1,"label":0}},{"type":"Feature","geometry":{"type":"Point","coordinates":[20.487968,53.76666]},"properties":{"name":"Pstrowskiego-Sikorskiego (Mazowieckiego)","lines":"1, 2, 3","arr":["1","2","3"],"terminus":0,"mode":"tram","color":"#E31E1E","colorDark":"#7d1111","angle":132.4,"snapDist":0,"label":0}},{"type":"Feature","geometry":{"type":"Point","coordinates":[20.489223,53.771307]},"properties":{"name":"Szpital Wojewódzki (Mazowieckiego)","lines":"1, 2, 3","arr":["1","2","3"],"terminus":0,"mode":"tram","color":"#E31E1E","colorDark":"#7d1111","angle":109.6,"snapDist":2,"label":0}},{"type":"Feature","geometry":{"type":"Point","coordinates":[20.48719,53.77579]},"properties":{"name":"Skwer Wakara (Kościuszki)","lines":"1, 2, 3","arr":["1","2","3"],"terminus":0,"mode":"tram","color":"#E31E1E","colorDark":"#7d1111","angle":117.8,"snapDist":2,"label":0}},{"type":"Feature","geometry":{"type":"Point","coordinates":[20.482317,53.777908]},"properties":{"name":"Centrum (Piłsudskiego)","lines":"1, 5","arr":["1","5"],"terminus":0,"mode":"tram","color":"#E31E1E","colorDark":"#7d1111","angle":24.4,"snapDist":3,"label":0}},{"type":"Feature","geometry":{"type":"Point","coordinates":[20.49832,53.784372]},"properties":{"name":"Dworzec Główny (pl. Konstytucji 3 Maja)","lines":"2, 3, 4","arr":["2","3","4"],"terminus":1,"mode":"tram","color":"#E31E1E","colorDark":"#7d1111","angle":351.8,"snapDist":3,"label":1}},{"type":"Feature","geometry":{"type":"Point","coordinates":[20.494819,53.783009]},"properties":{"name":"Kętrzyńskiego (Kościuszki)","lines":"2, 3, 4","arr":["2","3","4"],"terminus":0,"mode":"tram","color":"#E31E1E","colorDark":"#7d1111","angle":321,"snapDist":3,"label":1}},{"type":"Feature","geometry":{"type":"Point","coordinates":[20.490764,53.78006]},"properties":{"name":"Filharmonia (Kościuszki)","lines":"2, 3, 4","arr":["2","3","4"],"terminus":0,"mode":"tram","color":"#E31E1E","colorDark":"#7d1111","angle":302.9,"snapDist":2,"label":1}},{"type":"Feature","geometry":{"type":"Point","coordinates":[20.50284,53.736825]},"properties":{"name":"Kanta (Witosa)","lines":"2","arr":["2"],"terminus":1,"mode":"tram","color":"#E31E1E","colorDark":"#7d1111","angle":350.3,"snapDist":4,"label":0}},{"type":"Feature","geometry":{"type":"Point","coordinates":[20.490814,53.780041]},"properties":{"name":"Filharmonia (Kościuszki)","lines":"2, 3, 4","arr":["2","3","4"],"terminus":0,"mode":"tram","color":"#E31E1E","colorDark":"#7d1111","angle":123.1,"snapDist":1,"label":0}},{"type":"Feature","geometry":{"type":"Point","coordinates":[20.493066,53.78181]},"properties":{"name":"Kętrzyńskiego (Kościuszki)","lines":"2, 3, 4","arr":["2","3","4"],"terminus":0,"mode":"tram","color":"#E31E1E","colorDark":"#7d1111","angle":127.9,"snapDist":5,"label":0}},{"type":"Feature","geometry":{"type":"Point","coordinates":[20.498339,53.784292]},"properties":{"name":"Dworzec Główny (pl. Konstytucji 3 Maja)","lines":"2, 3, 4","arr":["2","3","4"],"terminus":1,"mode":"tram","color":"#E31E1E","colorDark":"#7d1111","angle":171.8,"snapDist":5,"label":0}},{"type":"Feature","geometry":{"type":"Point","coordinates":[20.48513,53.755926]},"properties":{"name":"Galeria Warmińska (Tuwima)","lines":"3","arr":["3"],"terminus":0,"mode":"tram","color":"#E31E1E","colorDark":"#7d1111","angle":359.6,"snapDist":2,"label":1}},{"type":"Feature","geometry":{"type":"Point","coordinates":[20.475279,53.754862]},"properties":{"name":"Pozorty (Tuwima)","lines":"3","arr":["3"],"terminus":0,"mode":"tram","color":"#E31E1E","colorDark":"#7d1111","angle":27.2,"snapDist":4,"label":1}},{"type":"Feature","geometry":{"type":"Point","coordinates":[20.467053,53.756545]},"properties":{"name":"Uniwersytet-Pływalnia (Tuwima)","lines":"3","arr":["3"],"terminus":0,"mode":"tram","color":"#E31E1E","colorDark":"#7d1111","angle":23.6,"snapDist":5,"label":1}},{"type":"Feature","geometry":{"type":"Point","coordinates":[20.462388,53.758216]},"properties":{"name":"Uniwersytet-Prawocheńskiego (Tuwima)","lines":"3","arr":["3"],"terminus":1,"mode":"tram","color":"#E31E1E","colorDark":"#7d1111","angle":13.5,"snapDist":6,"label":1}},{"type":"Feature","geometry":{"type":"Point","coordinates":[20.467189,53.75651]},"properties":{"name":"Uniwersytet-Pływalnia (Tuwima)","lines":"3","arr":["3"],"terminus":0,"mode":"tram","color":"#E31E1E","colorDark":"#7d1111","angle":203.6,"snapDist":5,"label":0}},{"type":"Feature","geometry":{"type":"Point","coordinates":[20.475369,53.754835]},"properties":{"name":"Pozorty (Tuwima)","lines":"3","arr":["3"],"terminus":0,"mode":"tram","color":"#E31E1E","colorDark":"#7d1111","angle":207.2,"snapDist":5,"label":0}},{"type":"Feature","geometry":{"type":"Point","coordinates":[20.485129,53.755926]},"properties":{"name":"Galeria Warmińska (Tuwima)","lines":"3","arr":["3"],"terminus":0,"mode":"tram","color":"#E31E1E","colorDark":"#7d1111","angle":179.6,"snapDist":8,"label":0}},{"type":"Feature","geometry":{"type":"Point","coordinates":[20.489668,53.775852]},"properties":{"name":"Planetarium (Piłsudskiego)","lines":"4, 5","arr":["4","5"],"terminus":0,"mode":"tram","color":"#E31E1E","colorDark":"#7d1111","angle":205.4,"snapDist":6,"label":1}},{"type":"Feature","geometry":{"type":"Point","coordinates":[20.49835,53.773534]},"properties":{"name":"Hala Urania (Piłsudskiego)","lines":"4, 5","arr":["4","5"],"terminus":0,"mode":"tram","color":"#E31E1E","colorDark":"#7d1111","angle":204.7,"snapDist":1,"label":1}},{"type":"Feature","geometry":{"type":"Point","coordinates":[20.504138,53.771909]},"properties":{"name":"Stadion Stomil (Piłsudskiego)","lines":"4, 5","arr":["4","5"],"terminus":0,"mode":"tram","color":"#E31E1E","colorDark":"#7d1111","angle":204.6,"snapDist":3,"label":1}},{"type":"Feature","geometry":{"type":"Point","coordinates":[20.508517,53.770281]},"properties":{"name":"Piłsudskiego (Wyszyńskiego)","lines":"4, 5","arr":["4","5"],"terminus":0,"mode":"tram","color":"#E31E1E","colorDark":"#7d1111","angle":116.5,"snapDist":7,"label":1}},{"type":"Feature","geometry":{"type":"Point","coordinates":[20.503418,53.765836]},"properties":{"name":"Żołnierska (Wyszyńskiego)","lines":"4, 5","arr":["4","5"],"terminus":0,"mode":"tram","color":"#E31E1E","colorDark":"#7d1111","angle":308.7,"snapDist":6,"label":1}},{"type":"Feature","geometry":{"type":"Point","coordinates":[20.501169,53.76361]},"properties":{"name":"Pstrowskiego (Wyszyńskiego)","lines":"4, 5","arr":["4","5"],"terminus":0,"mode":"tram","color":"#E31E1E","colorDark":"#7d1111","angle":298.2,"snapDist":1,"label":1}},{"type":"Feature","geometry":{"type":"Point","coordinates":[20.502401,53.756804]},"properties":{"name":"Murzynowskiego (Krasickiego)","lines":"4, 5","arr":["4","5"],"terminus":0,"mode":"tram","color":"#E31E1E","colorDark":"#7d1111","angle":25.8,"snapDist":9,"label":1}},{"type":"Feature","geometry":{"type":"Point","coordinates":[20.502336,53.753093]},"properties":{"name":"Wańkowicza (Krasickiego)","lines":"4, 5","arr":["4","5"],"terminus":0,"mode":"tram","color":"#E31E1E","colorDark":"#7d1111","angle":276.7,"snapDist":3,"label":1}},{"type":"Feature","geometry":{"type":"Point","coordinates":[20.505156,53.749394]},"properties":{"name":"Carrefour (Krasickiego)","lines":"4, 5","arr":["4","5"],"terminus":0,"mode":"tram","color":"#E31E1E","colorDark":"#7d1111","angle":211.9,"snapDist":2,"label":1}},{"type":"Feature","geometry":{"type":"Point","coordinates":[20.507758,53.745482]},"properties":{"name":"Boenigka (Krasickiego)","lines":"4, 5","arr":["4","5"],"terminus":0,"mode":"tram","color":"#E31E1E","colorDark":"#7d1111","angle":268.1,"snapDist":6,"label":1}},{"type":"Feature","geometry":{"type":"Point","coordinates":[20.510526,53.742195]},"properties":{"name":"Krasickiego-Wilczyńskiego (Wilczyńskiego)","lines":"4, 5","arr":["4","5"],"terminus":0,"mode":"tram","color":"#E31E1E","colorDark":"#7d1111","angle":168.1,"snapDist":2,"label":1}},{"type":"Feature","geometry":{"type":"Point","coordinates":[20.51534,53.740708]},"properties":{"name":"Gębika (Wilczyńskiego)","lines":"4, 5","arr":["4","5"],"terminus":0,"mode":"tram","color":"#E31E1E","colorDark":"#7d1111","angle":221.8,"snapDist":2,"label":1}},{"type":"Feature","geometry":{"type":"Point","coordinates":[20.518988,53.740247]},"properties":{"name":"Pieczewo (Wilczyńskiego)","lines":"4","arr":["4"],"terminus":1,"mode":"tram","color":"#E31E1E","colorDark":"#7d1111","angle":177.3,"snapDist":2,"label":1}},{"type":"Feature","geometry":{"type":"Point","coordinates":[20.514414,53.741234]},"properties":{"name":"Gębika (Wilczyńskiego)","lines":"4, 5","arr":["4","5"],"terminus":0,"mode":"tram","color":"#E31E1E","colorDark":"#7d1111","angle":41.8,"snapDist":0,"label":0}},{"type":"Feature","geometry":{"type":"Point","coordinates":[20.509083,53.742946]},"properties":{"name":"Krasickiego-Wilczyńskiego (Krasickiego)","lines":"4, 5","arr":["4","5"],"terminus":0,"mode":"tram","color":"#E31E1E","colorDark":"#7d1111","angle":72.8,"snapDist":6,"label":1}},{"type":"Feature","geometry":{"type":"Point","coordinates":[20.50782,53.745484]},"properties":{"name":"Boenigka (Krasickiego)","lines":"4, 5","arr":["4","5"],"terminus":0,"mode":"tram","color":"#E31E1E","colorDark":"#7d1111","angle":88.1,"snapDist":2,"label":0}},{"type":"Feature","geometry":{"type":"Point","coordinates":[20.505189,53.749426]},"properties":{"name":"Carrefour (Krasickiego)","lines":"4, 5","arr":["4","5"],"terminus":0,"mode":"tram","color":"#E31E1E","colorDark":"#7d1111","angle":32.1,"snapDist":2,"label":0}},{"type":"Feature","geometry":{"type":"Point","coordinates":[20.502396,53.753089]},"properties":{"name":"Wańkowicza (Krasickiego)","lines":"4, 5","arr":["4","5"],"terminus":0,"mode":"tram","color":"#E31E1E","colorDark":"#7d1111","angle":-83.5,"snapDist":7,"label":0}},{"type":"Feature","geometry":{"type":"Point","coordinates":[20.502488,53.756819]},"properties":{"name":"Murzynowskiego (Krasickiego)","lines":"4, 5","arr":["4","5"],"terminus":0,"mode":"tram","color":"#E31E1E","colorDark":"#7d1111","angle":25.9,"snapDist":7,"label":0}},{"type":"Feature","geometry":{"type":"Point","coordinates":[20.501225,53.763597]},"properties":{"name":"Pstrowskiego (Wyszyńskiego)","lines":"4, 5","arr":["4","5"],"terminus":0,"mode":"tram","color":"#E31E1E","colorDark":"#7d1111","angle":118.1,"snapDist":2,"label":0}},{"type":"Feature","geometry":{"type":"Point","coordinates":[20.504517,53.766583]},"properties":{"name":"Żołnierska (Wyszyńskiego)","lines":"4, 5","arr":["4","5"],"terminus":0,"mode":"tram","color":"#E31E1E","colorDark":"#7d1111","angle":-51.1,"snapDist":9,"label":0}},{"type":"Feature","geometry":{"type":"Point","coordinates":[20.508572,53.770265]},"properties":{"name":"Piłsudskiego (Wyszyńskiego)","lines":"4, 5","arr":["4","5"],"terminus":0,"mode":"tram","color":"#E31E1E","colorDark":"#7d1111","angle":116.6,"snapDist":3,"label":0}},{"type":"Feature","geometry":{"type":"Point","coordinates":[20.504157,53.771938]},"properties":{"name":"Stadion Stomil (Piłsudskiego)","lines":"4, 5","arr":["4","5"],"terminus":0,"mode":"tram","color":"#E31E1E","colorDark":"#7d1111","angle":24.6,"snapDist":7,"label":0}},{"type":"Feature","geometry":{"type":"Point","coordinates":[20.498372,53.773563]},"properties":{"name":"Hala Urania (Piłsudskiego)","lines":"4, 5","arr":["4","5"],"terminus":0,"mode":"tram","color":"#E31E1E","colorDark":"#7d1111","angle":24.6,"snapDist":4,"label":0}},{"type":"Feature","geometry":{"type":"Point","coordinates":[20.489691,53.77588]},"properties":{"name":"Planetarium (Piłsudskiego)","lines":"4, 5","arr":["4","5"],"terminus":0,"mode":"tram","color":"#E31E1E","colorDark":"#7d1111","angle":25.3,"snapDist":2,"label":0}},{"type":"Feature","geometry":{"type":"Point","coordinates":[20.478567,53.777208]},"properties":{"name":"Wysoka Brama (pl. Jedności Słowiańskiej)","lines":"5","arr":["5"],"terminus":1,"mode":"tram","color":"#E31E1E","colorDark":"#7d1111","angle":56.6,"snapDist":2,"label":0}},{"type":"Feature","geometry":{"type":"Point","coordinates":[20.518988,53.740247]},"properties":{"name":"Pieczewo (Wilczyńskiego)","lines":"5","arr":["5"],"terminus":1,"mode":"tram","color":"#E31E1E","colorDark":"#7d1111","angle":177.3,"snapDist":2,"label":0}}]}