{"type":"FeatureCollection","features":[{"type":"Feature","geometry":{"type":"LineString","coordinates":[[20.526668,53.797711],[20.526735,53.797594],[20.527883,53.797211],[20.529295,53.796729],[20.530991,53.796182],[20.531323,53.79609],[20.531681,53.795991],[20.531783,53.795971],[20.531858,53.795955],[20.532441,53.795829],[20.533769,53.795636],[20.533926,53.795619],[20.535382,53.795648],[20.536273,53.795685],[20.536715,53.79571],[20.537642,53.795748],[20.53821,53.795784],[20.539264,53.795819]]},"properties":{"name":"Tracka"}},{"type":"Feature","geometry":{"type":"LineString","coordinates":[[20.511803,53.790308],[20.511882,53.790313],[20.512016,53.790329]]},"properties":{"name":"Marii Zientary-Malewskiej"}},{"type":"Feature","geometry":{"type":"LineString","coordinates":[[20.500294,53.789406],[20.500094,53.789355],[20.499838,53.789273],[20.499466,53.789113],[20.498766,53.788809],[20.498549,53.788716],[20.498322,53.788606],[20.498221,53.788549],[20.497962,53.788276],[20.496778,53.786981]]},"properties":{"name":"Marii Zientary-Malewskiej"}},{"type":"Feature","geometry":{"type":"LineString","coordinates":[[20.511922,53.790221],[20.511965,53.790276],[20.512016,53.790329],[20.512064,53.790355],[20.512166,53.790411],[20.512333,53.790522],[20.512406,53.790579],[20.512497,53.790658],[20.51266,53.790829],[20.512937,53.791123],[20.513077,53.791286],[20.513124,53.791341],[20.513223,53.791461],[20.513435,53.791685],[20.51363,53.791863],[20.51396,53.792141],[20.51451,53.792599],[20.514908,53.792946],[20.51516,53.793156],[20.515279,53.793247],[20.515387,53.793318],[20.515496,53.79338],[20.515595,53.793432],[20.515837,53.793554],[20.51605,53.793673],[20.516158,53.793739],[20.516268,53.793816],[20.516427,53.793958],[20.516593,53.794121],[20.516992,53.794578],[20.517267,53.794914],[20.517377,53.795066],[20.51786,53.795729],[20.518054,53.795996],[20.51834,53.796372],[20.518439,53.796498],[20.518568,53.796625],[20.518682,53.796734],[20.518834,53.796824],[20.518981,53.7969],[20.519143,53.796939],[20.519377,53.796976],[20.520259,53.797102],[20.521256,53.797214],[20.523178,53.797395],[20.525174,53.797586],[20.526668,53.797711],[20.527074,53.79775],[20.531572,53.798179],[20.534082,53.798404],[20.534774,53.798464],[20.535301,53.798508],[20.535883,53.798541],[20.537299,53.798579],[20.538317,53.798586],[20.53908,53.79856],[20.539368,53.798551],[20.539638,53.798528],[20.540206,53.798439],[20.540959,53.798281],[20.541333,53.798206],[20.542313,53.797989],[20.543694,53.797716],[20.543961,53.797669],[20.544201,53.797634],[20.544513,53.797598],[20.544668,53.797583],[20.544803,53.797571],[20.545229,53.797554],[20.545482,53.797552],[20.545706,53.797564],[20.54618,53.79761],[20.546355,53.797639],[20.546625,53.79769],[20.546951,53.797768],[20.547874,53.798023],[20.548117,53.798088],[20.549032,53.798365],[20.549576,53.798553],[20.549781,53.798629],[20.549909,53.79869],[20.5503,53.798903],[20.550676,53.799117],[20.550884,53.79924],[20.551095,53.799374],[20.552269,53.800202],[20.552555,53.800407],[20.552608,53.800445],[20.552958,53.800692],[20.553153,53.800814],[20.553396,53.800936],[20.55365,53.801049],[20.553949,53.80116],[20.554356,53.801313],[20.554581,53.801383],[20.554776,53.801437],[20.55558,53.801631],[20.558712,53.80241]]},"properties":{"name":"Marii Zientary-Malewskiej"}},{"type":"Feature","geometry":{"type":"LineString","coordinates":[[20.541333,53.798206],[20.541492,53.798464],[20.541586,53.798644],[20.541673,53.798891],[20.541726,53.799126],[20.541721,53.799312],[20.541643,53.799529],[20.541546,53.799714],[20.541476,53.79996],[20.541395,53.800162],[20.541343,53.800456],[20.541325,53.80066],[20.541334,53.800901],[20.54135,53.801136],[20.541398,53.801307],[20.54147,53.801538],[20.541702,53.802208],[20.542334,53.803893],[20.542491,53.804371],[20.545345,53.804014],[20.545823,53.803969],[20.545986,53.803903],[20.546192,53.803879]]},"properties":{"name":"Jesienna"}},{"type":"Feature","geometry":{"type":"LineString","coordinates":[[20.511653,53.790302],[20.511561,53.7903],[20.511421,53.79031]]},"properties":{"name":"Poprzeczna"}},{"type":"Feature","geometry":{"type":"LineString","coordinates":[[20.511554,53.790195],[20.511513,53.790246],[20.511421,53.79031],[20.511362,53.790327],[20.51118,53.790374],[20.510457,53.79057],[20.509165,53.79092],[20.509088,53.790941],[20.508319,53.791147],[20.508141,53.791195],[20.50807,53.791214],[20.507172,53.791454],[20.507027,53.791493],[20.506892,53.791529],[20.506407,53.791659],[20.506071,53.791749],[20.504924,53.792056],[20.504786,53.792093],[20.504571,53.792151],[20.503622,53.792408],[20.502103,53.792816],[20.501885,53.792877],[20.501713,53.792921],[20.501547,53.792967],[20.500806,53.793198],[20.500069,53.793433],[20.499043,53.793722],[20.497956,53.794029],[20.497925,53.794037],[20.497417,53.794181],[20.497324,53.794207],[20.49715,53.794256],[20.497036,53.794288],[20.496966,53.794307]]},"properties":{"name":"Poprzeczna"}},{"type":"Feature","geometry":{"type":"LineString","coordinates":[[20.504786,53.792093],[20.504698,53.791985],[20.50426,53.791456],[20.504065,53.791258],[20.503454,53.790864],[20.502398,53.790264],[20.502109,53.79013],[20.501467,53.789859],[20.50102,53.789686],[20.500294,53.789406]]},"properties":{"name":"Cicha"}},{"type":"Feature","geometry":{"type":"LineString","coordinates":[[20.496778,53.786981],[20.496649,53.787018],[20.495778,53.787273],[20.495414,53.787379],[20.495309,53.78741],[20.494348,53.787697],[20.494119,53.787758],[20.493958,53.787802],[20.493843,53.787835],[20.493377,53.787969],[20.493339,53.78798],[20.493274,53.787999],[20.492399,53.788231],[20.492281,53.788262],[20.491946,53.788351],[20.491856,53.788362],[20.491758,53.788371],[20.491673,53.788374],[20.491566,53.788374],[20.491451,53.788359]]},"properties":{"name":"Ignacego Jana Paderewskiego"}},{"type":"Feature","geometry":{"type":"LineString","coordinates":[[20.492234,53.783839],[20.492226,53.783981],[20.492223,53.784035],[20.492224,53.784156],[20.492212,53.784296]]},"properties":{"name":"Bolesława Limanowskiego"}},{"type":"Feature","geometry":{"type":"LineString","coordinates":[[20.492737,53.783996],[20.492642,53.784019],[20.492592,53.784032],[20.492561,53.784043],[20.492512,53.784065],[20.492467,53.784092],[20.492418,53.784131],[20.492391,53.784158],[20.492328,53.784207],[20.492212,53.784296],[20.492189,53.784327],[20.491818,53.784767]]},"properties":{"name":"Bolesława Limanowskiego"}},{"type":"Feature","geometry":{"type":"LineString","coordinates":[[20.491051,53.790074],[20.491102,53.789895],[20.491104,53.789858],[20.491068,53.789751]]},"properties":{"name":"Bolesława Limanowskiego"}},{"type":"Feature","geometry":{"type":"LineString","coordinates":[[20.490857,53.790097],[20.490902,53.790012],[20.490963,53.789877],[20.490992,53.789831],[20.491068,53.789751],[20.491114,53.789511],[20.491209,53.789181],[20.491402,53.788535],[20.491415,53.788491],[20.491451,53.788359],[20.491475,53.788267],[20.491616,53.7878],[20.491638,53.787719],[20.491665,53.78762],[20.491687,53.787414],[20.491685,53.787263],[20.491673,53.787155],[20.49164,53.787016],[20.491602,53.786899],[20.491551,53.786782],[20.491443,53.786622]]},"properties":{"name":"Bolesława Limanowskiego"}},{"type":"Feature","geometry":{"type":"LineString","coordinates":[[20.491443,53.786622],[20.49137,53.786586],[20.491323,53.786551],[20.491255,53.786432],[20.491211,53.786338],[20.491201,53.786219],[20.491222,53.785553],[20.491261,53.785382],[20.491281,53.785339],[20.491339,53.785217],[20.491373,53.78517],[20.491428,53.785084],[20.491557,53.784942],[20.491648,53.78486],[20.491721,53.784803],[20.491772,53.784778],[20.491818,53.784767],[20.49182,53.784812],[20.491808,53.78485],[20.491781,53.784908],[20.491712,53.784992],[20.491593,53.78517],[20.49157,53.785214],[20.491534,53.785272],[20.491449,53.785451],[20.491434,53.785491],[20.491396,53.785616],[20.491386,53.785751],[20.49137,53.786029],[20.491371,53.786243],[20.491383,53.786365],[20.4914,53.786426],[20.491425,53.786492],[20.491443,53.786529],[20.491443,53.786622]]},"properties":{"name":"Bolesława Limanowskiego"}},{"type":"Feature","geometry":{"type":"LineString","coordinates":[[20.493135,53.783822],[20.493191,53.783911],[20.493217,53.78394],[20.493272,53.783989],[20.493336,53.784034],[20.493435,53.784084],[20.493541,53.784129],[20.493719,53.784217]]},"properties":{"name":"Partyzantów"}},{"type":"Feature","geometry":{"type":"LineString","coordinates":[[20.496949,53.784669],[20.496881,53.784685],[20.496812,53.784697],[20.496735,53.784707],[20.49665,53.784715],[20.496574,53.784718],[20.496489,53.784719],[20.496418,53.784718],[20.496348,53.784714],[20.496281,53.784706],[20.496219,53.784698],[20.496148,53.784685],[20.496027,53.784661],[20.495734,53.784603],[20.495486,53.784552],[20.495383,53.784532],[20.495272,53.78451],[20.495083,53.784482],[20.494913,53.78447]]},"properties":{"name":"Partyzantów"}},{"type":"Feature","geometry":{"type":"LineString","coordinates":[[20.492234,53.783839],[20.49208,53.783773],[20.491711,53.783638],[20.49134,53.783536],[20.491192,53.783492],[20.49105,53.78345],[20.490759,53.783363],[20.490095,53.783163],[20.489655,53.783033],[20.489395,53.782969],[20.488859,53.782865],[20.488644,53.782831],[20.488573,53.782854],[20.488403,53.782831],[20.488348,53.782821],[20.488267,53.782806],[20.488217,53.782797],[20.488109,53.782736],[20.488014,53.782718],[20.487363,53.782596],[20.487065,53.78254]]},"properties":{"name":"Partyzantów"}},{"type":"Feature","geometry":{"type":"LineString","coordinates":[[20.488109,53.782736],[20.488249,53.782724],[20.488385,53.782749],[20.488441,53.782759],[20.488608,53.78279],[20.488644,53.782831]]},"properties":{"name":"Partyzantów"}},{"type":"Feature","geometry":{"type":"LineString","coordinates":[[20.491711,53.783638],[20.491823,53.783635],[20.492098,53.783595],[20.492303,53.783565]]},"properties":{"name":"Partyzantów"}},{"type":"Feature","geometry":{"type":"LineString","coordinates":[[20.478751,53.782094],[20.478884,53.782023],[20.478933,53.781957],[20.478958,53.781923],[20.479033,53.781822],[20.479107,53.781724],[20.479173,53.781674],[20.479253,53.781644],[20.47939,53.781613],[20.47956,53.781587],[20.480474,53.781458],[20.480595,53.781442],[20.480658,53.781435],[20.480726,53.781431],[20.480757,53.781431],[20.48081,53.78143],[20.480891,53.781436],[20.481008,53.781456],[20.481105,53.781472],[20.481622,53.781559],[20.481841,53.781579],[20.481959,53.781577],[20.482262,53.781634],[20.482431,53.781665],[20.482818,53.781736],[20.482867,53.781745],[20.483074,53.781782],[20.483153,53.781833],[20.483202,53.781843],[20.483263,53.781853],[20.483344,53.781833],[20.483532,53.781866],[20.48368,53.781894],[20.484435,53.782036],[20.484609,53.782075],[20.48468,53.782126],[20.484728,53.782136],[20.484786,53.782146],[20.484876,53.782125],[20.485005,53.782145],[20.485405,53.782217],[20.486042,53.782337],[20.486369,53.7824],[20.486621,53.782456],[20.486668,53.782505],[20.48674,53.782521],[20.486799,53.782532],[20.486853,53.782542],[20.486919,53.782555],[20.487065,53.78254],[20.48696,53.782483],[20.486893,53.78247],[20.486838,53.78246],[20.486713,53.782436],[20.486621,53.782456]]},"properties":{"name":"Partyzantów"}},{"type":"Feature","geometry":{"type":"LineString","coordinates":[[20.478684,53.782196],[20.478751,53.782094],[20.478755,53.781989],[20.478802,53.781923],[20.4789,53.781787],[20.478962,53.781704],[20.47903,53.781643],[20.479111,53.781599],[20.479251,53.781565],[20.480246,53.781417],[20.480312,53.781406],[20.480379,53.781394],[20.48044,53.781379],[20.4805,53.781364],[20.480568,53.781354],[20.480645,53.781346]]},"properties":{"name":"Partyzantów"}},{"type":"Feature","geometry":{"type":"LineString","coordinates":[[20.497,53.784731],[20.496938,53.784747],[20.496852,53.784762],[20.496767,53.784774],[20.496694,53.784781],[20.49662,53.784786],[20.496552,53.784788],[20.496491,53.784788],[20.496435,53.784787],[20.496384,53.784785],[20.496313,53.784779],[20.496224,53.784769],[20.496161,53.78476],[20.495999,53.784727],[20.49583,53.784694],[20.495562,53.784642],[20.495447,53.784619],[20.495232,53.784575],[20.495085,53.78453],[20.494913,53.78447],[20.494038,53.784286],[20.493719,53.784217],[20.493312,53.784129],[20.493005,53.784055],[20.492951,53.78404],[20.492833,53.784014],[20.492737,53.783996]]},"properties":{"name":"Partyzantów"}},{"type":"Feature","geometry":{"type":"LineString","coordinates":[[20.480801,53.781344],[20.480875,53.781349],[20.480955,53.781359],[20.481047,53.781374],[20.481511,53.781453],[20.481673,53.78148],[20.481859,53.781529],[20.481959,53.781577]]},"properties":{"name":"Partyzantów"}},{"type":"Feature","geometry":{"type":"LineString","coordinates":[[20.483074,53.781782],[20.483179,53.781767],[20.483238,53.781776],[20.483298,53.781789],[20.483344,53.781833]]},"properties":{"name":"Partyzantów"}},{"type":"Feature","geometry":{"type":"LineString","coordinates":[[20.484609,53.782075],[20.484704,53.78206],[20.484763,53.782071],[20.484805,53.782079],[20.484876,53.782125]]},"properties":{"name":"Partyzantów"}},{"type":"Feature","geometry":{"type":"LineString","coordinates":[[20.496949,53.784669],[20.497035,53.784645],[20.497287,53.784571],[20.497357,53.784551],[20.497424,53.784532],[20.497442,53.784527],[20.497485,53.784513],[20.497534,53.784497],[20.497586,53.784477],[20.497631,53.784457],[20.49768,53.784431]]},"properties":{"name":"Plac Konstytucji 3 Maja"}},{"type":"Feature","geometry":{"type":"LineString","coordinates":[[20.500725,53.784616],[20.500541,53.784617],[20.500075,53.784594]]},"properties":{"name":"Plac Konstytucji 3 Maja"}},{"type":"Feature","geometry":{"type":"LineString","coordinates":[[20.499038,53.784249],[20.499156,53.784257],[20.499201,53.784261],[20.499657,53.784292],[20.500005,53.784313],[20.500464,53.784349],[20.500756,53.784383]]},"properties":{"name":"Plac Konstytucji 3 Maja"}},{"type":"Feature","geometry":{"type":"LineString","coordinates":[[20.497,53.784731],[20.497075,53.784712],[20.497197,53.784676],[20.497414,53.784611],[20.49748,53.784593],[20.49754,53.78458],[20.497611,53.784567],[20.497672,53.784561],[20.497733,53.784558],[20.497781,53.784558],[20.497822,53.78456],[20.498141,53.784574],[20.498571,53.784605],[20.498877,53.784617],[20.499006,53.784618],[20.499086,53.784618],[20.499176,53.784618],[20.499594,53.784612],[20.499839,53.784609],[20.499975,53.784607],[20.500075,53.784594],[20.499984,53.784574],[20.499385,53.784556],[20.499185,53.784548],[20.499091,53.784544],[20.498553,53.784522],[20.498357,53.784509],[20.497823,53.784464],[20.49768,53.784431],[20.49779,53.784324],[20.497826,53.784288],[20.497872,53.784251],[20.497927,53.784218],[20.498022,53.784176]]},"properties":{"name":"Plac Konstytucji 3 Maja"}},{"type":"Feature","geometry":{"type":"LineString","coordinates":[[20.49768,53.784431],[20.497515,53.784359],[20.497464,53.784334],[20.497216,53.784213],[20.496833,53.784032],[20.496474,53.783858],[20.496349,53.783796],[20.495877,53.783567],[20.495383,53.783329],[20.494817,53.783052],[20.494608,53.782948],[20.494555,53.782922],[20.49439,53.782836],[20.494276,53.782775]]},"properties":{"name":"Tadeusza Kościuszki"}},{"type":"Feature","geometry":{"type":"LineString","coordinates":[[20.492069,53.781159],[20.491728,53.780903],[20.491501,53.780732],[20.491376,53.780637],[20.491262,53.780546],[20.491137,53.780444],[20.491038,53.780359],[20.490847,53.780201],[20.490685,53.780051],[20.490523,53.779899],[20.490438,53.779821]]},"properties":{"name":"Tadeusza Kościuszki"}},{"type":"Feature","geometry":{"type":"LineString","coordinates":[[20.490029,53.779422],[20.489885,53.77927],[20.48979,53.779161],[20.489691,53.779035],[20.489343,53.778584],[20.489313,53.778546],[20.489239,53.778446]]},"properties":{"name":"Tadeusza Kościuszki"}},{"type":"Feature","geometry":{"type":"LineString","coordinates":[[20.486147,53.774596],[20.486198,53.774622],[20.486227,53.774637]]},"properties":{"name":"Tadeusza Kościuszki"}},{"type":"Feature","geometry":{"type":"LineString","coordinates":[[20.485929,53.774588],[20.485885,53.774521],[20.485813,53.77441],[20.485774,53.774366],[20.485422,53.773958],[20.485182,53.773648],[20.484997,53.77338]]},"properties":{"name":"Tadeusza Kościuszki"}},{"type":"Feature","geometry":{"type":"LineString","coordinates":[[20.481848,53.76957],[20.482073,53.769565],[20.482143,53.769563],[20.482367,53.769554],[20.48256,53.769663]]},"properties":{"name":"Tadeusza Kościuszki"}},{"type":"Feature","geometry":{"type":"LineString","coordinates":[[20.481866,53.769271],[20.48201,53.76931],[20.48225,53.769366],[20.482401,53.769489],[20.48256,53.769663],[20.482933,53.770034],[20.482986,53.770098],[20.483132,53.770275],[20.483283,53.77046],[20.483454,53.770671],[20.483491,53.770722],[20.483615,53.770877],[20.483842,53.771177],[20.484055,53.771477],[20.484305,53.771884],[20.484429,53.772137],[20.484619,53.772605],[20.484714,53.772828],[20.48473,53.772867],[20.484736,53.77288]]},"properties":{"name":"Tadeusza Kościuszki"}},{"type":"Feature","geometry":{"type":"LineString","coordinates":[[20.484997,53.77338],[20.484818,53.773207],[20.484805,53.773131],[20.484749,53.773068],[20.484736,53.77288],[20.484821,53.773055],[20.484805,53.773131],[20.484878,53.773193],[20.484997,53.77338]]},"properties":{"name":"Tadeusza Kościuszki"}},{"type":"Feature","geometry":{"type":"LineString","coordinates":[[20.49439,53.782836],[20.494289,53.782904],[20.49424,53.782933],[20.493861,53.783135],[20.49361,53.783277],[20.493457,53.783366],[20.493394,53.783405],[20.493334,53.783445],[20.49327,53.783507],[20.493251,53.783529],[20.493222,53.783578],[20.493203,53.783628],[20.493171,53.783723]]},"properties":{"name":"Wojciecha Kętrzyńskiego"}},{"type":"Feature","geometry":{"type":"LineString","coordinates":[[20.494276,53.782775],[20.494304,53.782751],[20.494333,53.782727],[20.494375,53.782691],[20.494491,53.782592],[20.494809,53.782364],[20.495057,53.7822],[20.495299,53.782055],[20.495421,53.781982],[20.495677,53.78183],[20.49584,53.781736],[20.495955,53.781675],[20.496123,53.781577],[20.496398,53.781457],[20.496583,53.78139],[20.496782,53.78133],[20.496888,53.781301],[20.497217,53.781228],[20.497449,53.78119],[20.497743,53.781161],[20.498107,53.781151],[20.498285,53.781155],[20.498463,53.781163],[20.498581,53.781172],[20.498708,53.781183],[20.498891,53.781202],[20.499036,53.781217],[20.499192,53.781233],[20.499343,53.781246],[20.499455,53.781253],[20.49956,53.781259],[20.499658,53.781263],[20.49976,53.781267],[20.499839,53.78127]]},"properties":{"name":"Wojciecha Kętrzyńskiego"}},{"type":"Feature","geometry":{"type":"LineString","coordinates":[[20.487065,53.78254],[20.487135,53.78241],[20.48721,53.782269],[20.487242,53.782211],[20.48726,53.78218],[20.487281,53.782153]]},"properties":{"name":"Michała Kajki"}},{"type":"Feature","geometry":{"type":"LineString","coordinates":[[20.489747,53.781226],[20.489566,53.781271],[20.488901,53.781498],[20.487818,53.78193],[20.48764,53.781999],[20.487492,53.782057],[20.487435,53.782079],[20.48739,53.782098],[20.487334,53.782123],[20.487281,53.782153],[20.487264,53.782101],[20.487264,53.782079],[20.487289,53.782055],[20.487321,53.782033],[20.487362,53.782013],[20.487414,53.781989],[20.487546,53.781935],[20.487737,53.781855],[20.488587,53.781526],[20.48903,53.781355],[20.489501,53.781197],[20.489607,53.781167],[20.489707,53.781157],[20.489773,53.78118]]},"properties":{"name":"Michała Kajki"}},{"type":"Feature","geometry":{"type":"LineString","coordinates":[[20.486635,53.781138],[20.486723,53.781216],[20.486905,53.781378],[20.486947,53.781414],[20.487169,53.781608],[20.487293,53.781717],[20.487463,53.781867],[20.487512,53.78191],[20.487546,53.781935]]},"properties":{"name":"Dąbrowszczaków"}},{"type":"Feature","geometry":{"type":"LineString","coordinates":[[20.486635,53.781138],[20.486817,53.781071],[20.487276,53.780901],[20.487934,53.780644],[20.488579,53.780377],[20.488658,53.780353],[20.488651,53.780164],[20.488655,53.780076]]},"properties":{"name":"Mazurska"}},{"type":"Feature","geometry":{"type":"LineString","coordinates":[[20.490438,53.779821],[20.490327,53.779866],[20.49004,53.779949],[20.489873,53.779998],[20.489715,53.780043],[20.489343,53.78015],[20.489125,53.780213]]},"properties":{"name":"Mazurska"}},{"type":"Feature","geometry":{"type":"LineString","coordinates":[[20.490085,53.781075],[20.48999,53.780951],[20.489623,53.780569],[20.489507,53.780448],[20.489425,53.780373],[20.489293,53.780289],[20.489125,53.780213],[20.488786,53.780114],[20.488655,53.780076],[20.488364,53.77997],[20.488055,53.779843],[20.487778,53.779715],[20.487651,53.779638],[20.48754,53.779572],[20.487317,53.779399],[20.48704,53.779164],[20.486951,53.779088],[20.486883,53.779001],[20.486424,53.778425],[20.486356,53.778332],[20.486224,53.778155],[20.486111,53.778017],[20.485764,53.777557],[20.485495,53.777189],[20.485435,53.777111],[20.485414,53.777083],[20.485404,53.77707],[20.485394,53.777057],[20.485373,53.777029]]},"properties":{"name":"Mikołaja Kopernika"}},{"type":"Feature","geometry":{"type":"LineString","coordinates":[[20.481565,53.778179],[20.481464,53.77821],[20.481221,53.77827],[20.48057,53.778405],[20.480501,53.778419],[20.480355,53.778443],[20.480152,53.77843]]},"properties":{"name":"Aleja Marszałka Józefa Piłsudskiego"}},{"type":"Feature","geometry":{"type":"LineString","coordinates":[[20.480126,53.778315],[20.480404,53.778273],[20.481044,53.778146]]},"properties":{"name":"Aleja Marszałka Józefa Piłsudskiego"}},{"type":"Feature","geometry":{"type":"LineString","coordinates":[[20.485373,53.777029],[20.485545,53.776984],[20.485947,53.776877],[20.486461,53.776741],[20.487255,53.776526],[20.487323,53.776507],[20.487495,53.776449],[20.487573,53.776421],[20.487618,53.776405],[20.487658,53.77639],[20.487683,53.77638]]},"properties":{"name":"Aleja Marszałka Józefa Piłsudskiego"}},{"type":"Feature","geometry":{"type":"LineString","coordinates":[[20.529013,53.769618],[20.527623,53.769892],[20.526848,53.770042],[20.526699,53.770061],[20.526468,53.770089],[20.526226,53.770106],[20.52599,53.770109],[20.525744,53.770099],[20.525423,53.770063],[20.525208,53.770033],[20.523909,53.76985],[20.52342,53.76978],[20.522845,53.769697],[20.522635,53.769666],[20.522067,53.769596],[20.521579,53.769575],[20.521266,53.769581],[20.520732,53.769614],[20.519879,53.769708],[20.519621,53.76974],[20.519251,53.769785],[20.518609,53.769859],[20.517938,53.769941],[20.516486,53.770063],[20.515668,53.770129],[20.51514,53.770156],[20.514681,53.770146],[20.513433,53.769926],[20.512927,53.769893],[20.512485,53.769885],[20.512276,53.769886],[20.512113,53.769896],[20.511949,53.769915],[20.511775,53.76994],[20.511554,53.769989],[20.510666,53.770197],[20.510336,53.770275]]},"properties":{"name":"Aleja Marszałka Józefa Piłsudskiego"}},{"type":"Feature","geometry":{"type":"LineString","coordinates":[[20.506866,53.77115],[20.507297,53.771054],[20.50735,53.771042],[20.50743,53.771019],[20.507503,53.770994],[20.507664,53.770939],[20.507879,53.770866],[20.508011,53.770824],[20.508495,53.770691],[20.508554,53.770675],[20.508721,53.770629],[20.508807,53.770606],[20.509011,53.770551],[20.509211,53.770502],[20.509456,53.770443],[20.509513,53.770428],[20.509628,53.770399],[20.509781,53.770363],[20.509921,53.770334],[20.510015,53.770319],[20.510336,53.770275],[20.51005,53.770396],[20.509975,53.770422],[20.509804,53.770467],[20.509647,53.770512],[20.509581,53.770532],[20.509526,53.770551],[20.509417,53.77059],[20.509316,53.770629],[20.509139,53.770701],[20.509033,53.770742],[20.508918,53.770785],[20.508809,53.77082],[20.508703,53.770854],[20.508645,53.77087],[20.508198,53.770993],[20.508045,53.771032],[20.50784,53.771081],[20.507733,53.771109],[20.50762,53.771137],[20.50741,53.771187],[20.506669,53.771354],[20.506388,53.771421],[20.506283,53.771443],[20.506266,53.771446],[20.506211,53.771456],[20.506109,53.771477],[20.506018,53.771498],[20.505929,53.77152],[20.505777,53.771558],[20.505191,53.771714],[20.505095,53.771741],[20.505005,53.771768],[20.504939,53.771793],[20.504891,53.771811],[20.504839,53.771831],[20.504785,53.771847],[20.504733,53.771862],[20.504542,53.771914],[20.504024,53.772054],[20.503712,53.772138],[20.503655,53.772153],[20.503567,53.772177],[20.503515,53.77219],[20.503235,53.772252],[20.503104,53.772288],[20.502925,53.772338],[20.502748,53.772391],[20.50219,53.772563],[20.501455,53.77279],[20.501398,53.772806],[20.501297,53.77283],[20.501177,53.772859]]},"properties":{"name":"Aleja Marszałka Józefa Piłsudskiego"}},{"type":"Feature","geometry":{"type":"LineString","coordinates":[[20.490493,53.775568],[20.491062,53.775454],[20.491255,53.775414],[20.491457,53.775366],[20.491651,53.775319],[20.491819,53.775275],[20.49199,53.775229],[20.492924,53.774964],[20.493007,53.77494],[20.493088,53.774907],[20.493166,53.774874],[20.493248,53.774849],[20.493319,53.774828],[20.49349,53.774776],[20.493619,53.774734],[20.493651,53.774725],[20.493703,53.774711],[20.49384,53.774679],[20.493917,53.77466],[20.493992,53.774638],[20.494066,53.774616],[20.494145,53.774594]]},"properties":{"name":"Aleja Marszałka Józefa Piłsudskiego"}},{"type":"Feature","geometry":{"type":"LineString","coordinates":[[20.479221,53.778284],[20.479699,53.778369],[20.47999,53.778415],[20.480152,53.77843],[20.480139,53.778373],[20.480126,53.778315]]},"properties":{"name":"Plac Jana Pawła II"}},{"type":"Feature","geometry":{"type":"LineString","coordinates":[[20.479221,53.778284],[20.478536,53.77815],[20.478176,53.778078],[20.478126,53.778066],[20.478074,53.778051],[20.478042,53.778037],[20.478013,53.778018]]},"properties":{"name":"11 Listopada"}},{"type":"Feature","geometry":{"type":"LineString","coordinates":[[20.478013,53.778018],[20.477991,53.777998],[20.477972,53.777967],[20.477966,53.777933],[20.477974,53.7779],[20.477992,53.777873],[20.478013,53.777853],[20.478198,53.77768],[20.478484,53.777422],[20.478696,53.777231],[20.478844,53.777098],[20.478983,53.776974],[20.479089,53.776907],[20.479091,53.776849],[20.479191,53.776725],[20.479207,53.776708],[20.479348,53.776587]]},"properties":{"name":"Plac Jedności Słowiańskiej"}},{"type":"Feature","geometry":{"type":"LineString","coordinates":[[20.478381,53.774741],[20.478442,53.774845],[20.478461,53.774879],[20.47866,53.775213],[20.478683,53.775256],[20.478744,53.775374],[20.479043,53.775955],[20.479177,53.776222],[20.479212,53.776292],[20.479228,53.776326],[20.479348,53.776587],[20.47941,53.776704],[20.479428,53.776748],[20.479462,53.776831],[20.479483,53.776884],[20.479615,53.77717],[20.479633,53.777208],[20.479772,53.777509],[20.479914,53.777814],[20.47996,53.777912],[20.480073,53.778154],[20.480097,53.778212],[20.480126,53.778315]]},"properties":{"name":"Seweryna Pieniężnego"}},{"type":"Feature","geometry":{"type":"LineString","coordinates":[[20.478381,53.774741],[20.478357,53.774699],[20.47826,53.774526]]},"properties":{"name":"Most świętego Jakuba"}},{"type":"Feature","geometry":{"type":"LineString","coordinates":[[20.47826,53.774526],[20.478207,53.774443],[20.478179,53.774402],[20.478062,53.774257],[20.477959,53.774164],[20.477924,53.774095],[20.477563,53.773814],[20.477288,53.773622],[20.476862,53.773381]]},"properties":{"name":"Feliksa Szrajbera"}},{"type":"Feature","geometry":{"type":"LineString","coordinates":[[20.477959,53.774164],[20.477848,53.774122],[20.477381,53.773815],[20.477184,53.7737],[20.476566,53.773377],[20.476484,53.773336],[20.47623,53.773215]]},"properties":{"name":"Feliksa Szrajbera"}},{"type":"Feature","geometry":{"type":"LineString","coordinates":[[20.476397,53.773152],[20.476599,53.773255],[20.476862,53.773381],[20.476872,53.773236],[20.476873,53.773184],[20.47696,53.772966]]},"properties":{"name":"Feliksa Szrajbera"}},{"type":"Feature","geometry":{"type":"LineString","coordinates":[[20.47623,53.773215],[20.475962,53.773298],[20.475543,53.773384]]},"properties":{"name":"Maurycego Mochnackiego"}},{"type":"Feature","geometry":{"type":"LineString","coordinates":[[20.476073,53.77314],[20.475876,53.773217],[20.475806,53.773243],[20.475543,53.773384],[20.474713,53.773682],[20.474431,53.773794],[20.474099,53.773947]]},"properties":{"name":"Maurycego Mochnackiego"}},{"type":"Feature","geometry":{"type":"LineString","coordinates":[[20.474099,53.773947],[20.473826,53.774146],[20.473717,53.774174],[20.473644,53.774182],[20.473538,53.774182],[20.473606,53.774117],[20.473712,53.77406],[20.474099,53.773947]]},"properties":{"name":"Maurycego Mochnackiego"}},{"type":"Feature","geometry":{"type":"LineString","coordinates":[[20.473538,53.774182],[20.473769,53.774439],[20.473805,53.774558]]},"properties":{"name":"Aleja Warszawska"}},{"type":"Feature","geometry":{"type":"LineString","coordinates":[[20.469923,53.770223],[20.4698,53.770162],[20.469679,53.770095],[20.469579,53.770032],[20.469461,53.769946],[20.469166,53.7697],[20.46876,53.769362],[20.467931,53.768695],[20.467768,53.768563],[20.466902,53.767865],[20.466156,53.767264],[20.465742,53.76692],[20.4657,53.766885],[20.465671,53.766861],[20.465461,53.766686],[20.465363,53.766573],[20.465321,53.766501],[20.465263,53.766378],[20.465159,53.766164],[20.464954,53.765703],[20.464658,53.765012],[20.464437,53.764535],[20.463147,53.761913],[20.462853,53.761308],[20.462793,53.761186],[20.462623,53.760842],[20.461984,53.759463],[20.461561,53.758536],[20.461474,53.758352],[20.461452,53.758292],[20.461405,53.758163],[20.46138,53.758085],[20.461353,53.757926],[20.461313,53.757693],[20.4613,53.75752],[20.461272,53.757116],[20.461206,53.75618],[20.461117,53.754862],[20.46111,53.754754],[20.461092,53.754509],[20.461021,53.753485],[20.460974,53.752741],[20.460939,53.752174],[20.460938,53.752138],[20.460924,53.751968]]},"properties":{"name":"Aleja Warszawska"}},{"type":"Feature","geometry":{"type":"LineString","coordinates":[[20.470102,53.770166],[20.46998,53.770106],[20.469811,53.770013],[20.469763,53.769987],[20.469533,53.769838],[20.469177,53.769544],[20.467873,53.768471],[20.467741,53.768363],[20.467313,53.768023],[20.466797,53.767612],[20.466686,53.767522],[20.466265,53.767178],[20.465856,53.766818],[20.46583,53.766794],[20.46565,53.766623],[20.465549,53.766512],[20.465448,53.766341],[20.465425,53.766296],[20.465224,53.765891],[20.46496,53.76535],[20.464733,53.764885],[20.464446,53.76427],[20.464218,53.763792],[20.46413,53.763606],[20.463213,53.76166],[20.463021,53.761277],[20.462961,53.761156],[20.46278,53.760789],[20.462438,53.760044],[20.46211,53.759336],[20.461857,53.758781],[20.461631,53.758269],[20.461621,53.758243],[20.461587,53.758137],[20.461563,53.758059],[20.46154,53.757963],[20.461529,53.757914],[20.461523,53.757875],[20.461494,53.757606],[20.461472,53.757323],[20.46147,53.757135],[20.461435,53.756732],[20.461367,53.755798],[20.461336,53.755327],[20.461324,53.755142],[20.461296,53.754752],[20.461256,53.754065],[20.461199,53.753352],[20.461112,53.752135],[20.461097,53.751965]]},"properties":{"name":"Aleja Warszawska"}},{"type":"Feature","geometry":{"type":"LineString","coordinates":[[20.466008,53.777343],[20.46625,53.777256],[20.467049,53.776927],[20.467465,53.776756],[20.467896,53.776575],[20.467976,53.776543],[20.46849,53.77635],[20.468763,53.776256],[20.469113,53.776132],[20.469614,53.775975]]},"properties":{"name":"Grunwaldzka"}},{"type":"Feature","geometry":{"type":"LineString","coordinates":[[20.473394,53.774723],[20.473656,53.774671],[20.473805,53.774558],[20.473612,53.774624],[20.473394,53.774723],[20.473202,53.774779],[20.472646,53.774959],[20.472043,53.775164],[20.471957,53.775193],[20.471296,53.775412],[20.47105,53.775494],[20.47095,53.775528],[20.470209,53.775774],[20.470136,53.7758]]},"properties":{"name":"Grunwaldzka"}},{"type":"Feature","geometry":{"type":"LineString","coordinates":[[20.470136,53.7758],[20.469979,53.775875],[20.469801,53.775936],[20.469795,53.775939],[20.469614,53.775975],[20.469755,53.775892],[20.469934,53.775835],[20.470136,53.7758]]},"properties":{"name":"Grunwaldzka"}},{"type":"Feature","geometry":{"type":"LineString","coordinates":[[20.466008,53.777343],[20.465655,53.777238],[20.464867,53.777002],[20.464761,53.776977],[20.464646,53.776963],[20.464523,53.776965]]},"properties":{"name":"Szarych Szeregów"}},{"type":"Feature","geometry":{"type":"LineString","coordinates":[[20.464125,53.777672],[20.464128,53.777627],[20.464133,53.777566],[20.464141,53.777519],[20.464156,53.777486],[20.464196,53.777413],[20.46422,53.777366],[20.464313,53.777152],[20.46434,53.777105],[20.46437,53.777071],[20.464428,53.777028],[20.464523,53.776965],[20.464424,53.776955],[20.464355,53.776966],[20.464294,53.776991],[20.464223,53.777028],[20.464165,53.777066],[20.464002,53.777424],[20.463981,53.777458],[20.463953,53.77749],[20.463916,53.777521],[20.4638,53.777607]]},"properties":{"name":"Bałtycka"}},{"type":"Feature","geometry":{"type":"LineString","coordinates":[[20.463658,53.778244],[20.463471,53.778342],[20.46322,53.778507],[20.462752,53.778829],[20.462198,53.779163],[20.461915,53.779328],[20.461378,53.779635],[20.461129,53.779786],[20.460076,53.78041],[20.459701,53.780639],[20.459629,53.780683],[20.459024,53.781045],[20.458806,53.781165],[20.458723,53.781213],[20.458561,53.781313],[20.458437,53.781384],[20.458241,53.781496],[20.457713,53.781805],[20.457063,53.782186],[20.455546,53.783103],[20.455139,53.783353],[20.45419,53.783923],[20.453489,53.784328],[20.453279,53.784447],[20.452312,53.784996],[20.451164,53.785652],[20.450981,53.785752],[20.450764,53.785875],[20.450137,53.786183],[20.449415,53.786565],[20.448723,53.786962],[20.448618,53.786905],[20.448448,53.786858],[20.448304,53.786783],[20.448194,53.78672],[20.447958,53.786609]]},"properties":{"name":"Bałtycka"}},{"type":"Feature","geometry":{"type":"LineString","coordinates":[[20.463385,53.778146],[20.463359,53.778178],[20.463289,53.778264],[20.463257,53.778303],[20.463123,53.778409],[20.462536,53.778817],[20.462124,53.779075],[20.461831,53.779249],[20.461121,53.779634],[20.461001,53.779715],[20.460026,53.780307],[20.459951,53.780351],[20.459701,53.780499],[20.459229,53.780779],[20.45889,53.780981],[20.458606,53.781138],[20.458425,53.781248],[20.458304,53.781318],[20.458105,53.781427],[20.458056,53.781456],[20.45717,53.782005],[20.456593,53.782351],[20.455044,53.783291],[20.454576,53.783576],[20.454102,53.783854],[20.453668,53.784073],[20.453262,53.784298],[20.453143,53.784367],[20.451035,53.785573],[20.450854,53.785675],[20.450641,53.785784],[20.449838,53.786198],[20.448901,53.786729],[20.448619,53.786735],[20.448423,53.786716],[20.448212,53.786657],[20.447958,53.786609],[20.447843,53.786587],[20.447777,53.786576],[20.447718,53.786569],[20.44766,53.786563],[20.447603,53.786558],[20.447542,53.786557],[20.447484,53.786556],[20.447428,53.786557],[20.447362,53.78656],[20.4473,53.786565],[20.447239,53.786571],[20.447181,53.786578],[20.447122,53.786587],[20.447062,53.786597],[20.447004,53.78661],[20.446946,53.786624],[20.446883,53.786642],[20.446822,53.786661],[20.446758,53.786684],[20.446704,53.786705],[20.446652,53.786729],[20.446604,53.786753],[20.446568,53.786773],[20.446523,53.786799],[20.44648,53.786826],[20.446436,53.786857],[20.446384,53.786898],[20.446316,53.78696],[20.446256,53.787021],[20.4462,53.787082],[20.446148,53.787141],[20.446093,53.787212],[20.446038,53.787289],[20.445877,53.787531],[20.445772,53.787694],[20.445608,53.78795],[20.445457,53.788172],[20.445314,53.788377],[20.445198,53.788517],[20.445102,53.788622],[20.444988,53.788727],[20.444876,53.788819],[20.444755,53.788893],[20.444634,53.788967],[20.444439,53.789071],[20.444312,53.789134],[20.444175,53.789202],[20.443651,53.789466],[20.443327,53.789626],[20.443067,53.789754],[20.442972,53.789799],[20.442897,53.789834],[20.4428,53.789878],[20.442566,53.789975],[20.442227,53.790108],[20.442106,53.790154],[20.441963,53.790208],[20.44181,53.790265],[20.441362,53.790438],[20.440042,53.790944],[20.439915,53.790993],[20.439726,53.791065],[20.43952,53.791146],[20.439102,53.791311],[20.438762,53.791444],[20.438338,53.791613],[20.438068,53.791718],[20.437891,53.791788],[20.437666,53.791877],[20.43707,53.792115],[20.436815,53.792212],[20.436488,53.792341],[20.435843,53.79259],[20.435711,53.792646],[20.435505,53.792731],[20.435288,53.792833],[20.435087,53.792929],[20.434828,53.79306],[20.434558,53.7932],[20.434036,53.793495],[20.433721,53.793692],[20.433417,53.793886],[20.433145,53.79408],[20.432891,53.794272],[20.432847,53.794305],[20.43272,53.794408],[20.432641,53.794472],[20.432351,53.794709],[20.431976,53.795043],[20.431755,53.795261],[20.431549,53.795476],[20.431344,53.795685],[20.431295,53.795735],[20.431202,53.795824],[20.431083,53.79594],[20.430919,53.796091],[20.430863,53.79614],[20.430738,53.796244],[20.430594,53.796347],[20.430468,53.796426],[20.430319,53.796505],[20.430149,53.796594],[20.429997,53.796669],[20.429453,53.796943],[20.429233,53.797053],[20.428955,53.797197],[20.428672,53.797333],[20.428496,53.797413],[20.42831,53.797492],[20.428087,53.797582],[20.427831,53.797681],[20.427655,53.797751],[20.42754,53.797794],[20.427029,53.797986],[20.426689,53.798115],[20.426541,53.798172],[20.426131,53.798328],[20.425712,53.798495],[20.425258,53.798687],[20.424717,53.798927],[20.424427,53.799055],[20.42413,53.799178],[20.423975,53.799237],[20.423828,53.799287],[20.423517,53.799377],[20.423486,53.799386],[20.423145,53.799481],[20.422975,53.799518],[20.422797,53.799553],[20.422661,53.799576],[20.422519,53.799593],[20.422426,53.799601],[20.422266,53.799607],[20.422113,53.799607],[20.421793,53.799591],[20.421382,53.799563],[20.421087,53.799543],[20.420834,53.799528],[20.420586,53.799512],[20.420157,53.799489],[20.419719,53.799463],[20.419276,53.799443],[20.418847,53.799427],[20.418434,53.799412],[20.418193,53.799411],[20.41793,53.799415],[20.417662,53.79943],[20.417293,53.799456],[20.416806,53.79949],[20.416704,53.799497],[20.416032,53.799546],[20.415584,53.79958],[20.415142,53.799625],[20.415049,53.799636],[20.41494,53.799649],[20.41473,53.799683],[20.414642,53.799699],[20.414541,53.799719],[20.414458,53.799736],[20.4143,53.799772],[20.4135,53.79998],[20.412994,53.800119],[20.412592,53.800252],[20.412212,53.800398],[20.411965,53.800503],[20.411881,53.800538],[20.411325,53.800773],[20.410238,53.801234],[20.409879,53.801379],[20.409,53.801647],[20.408384,53.801828],[20.408341,53.801841],[20.408236,53.801873],[20.408014,53.80194],[20.407661,53.802051],[20.40748,53.802116],[20.407124,53.802255],[20.406983,53.802312],[20.406923,53.802339],[20.406386,53.802545],[20.405917,53.802677],[20.405727,53.802731],[20.40556,53.802781],[20.405493,53.802801],[20.405368,53.802847],[20.405236,53.8029],[20.405118,53.802952],[20.405005,53.803011],[20.404845,53.803091],[20.404579,53.803231],[20.40431,53.80337],[20.404262,53.803392],[20.404115,53.803465],[20.403905,53.803562],[20.403625,53.803688],[20.402755,53.804111],[20.402593,53.804199],[20.402412,53.804302],[20.402291,53.80438],[20.402232,53.80442],[20.402173,53.804465],[20.402078,53.804539],[20.401951,53.804639],[20.401923,53.804661],[20.401698,53.804836],[20.401484,53.805006],[20.401356,53.805119],[20.401236,53.805213],[20.401093,53.805333],[20.400791,53.805584],[20.400664,53.805685],[20.400526,53.805784],[20.400393,53.805868],[20.400252,53.805952],[20.40017,53.806003],[20.400102,53.806046],[20.400053,53.806086],[20.400008,53.80612],[20.399921,53.806191],[20.399651,53.806418],[20.39956,53.806497],[20.399381,53.806652],[20.399313,53.806705],[20.399242,53.806757],[20.39916,53.806808],[20.399081,53.806849],[20.398965,53.8069],[20.398897,53.806927],[20.39882,53.806955],[20.398621,53.807023],[20.398335,53.807116],[20.397629,53.807341],[20.397102,53.80751],[20.396539,53.807691],[20.396258,53.807781],[20.395501,53.808022],[20.39533,53.808076],[20.395137,53.808136]]},"properties":{"name":"Bałtycka"}},{"type":"Feature","geometry":{"type":"LineString","coordinates":[[20.433755,53.796715],[20.432524,53.797241],[20.432426,53.797265],[20.432313,53.797268],[20.432184,53.797256],[20.432041,53.797219],[20.431948,53.797154],[20.431842,53.797063],[20.431601,53.796839],[20.431115,53.796371],[20.431109,53.796366],[20.430971,53.796245],[20.430944,53.796216],[20.430863,53.79614]]},"properties":{"name":"Wczasowa"}},{"type":"Feature","geometry":{"type":"LineString","coordinates":[[20.433755,53.796715],[20.433784,53.796723],[20.433814,53.796729],[20.433849,53.796736],[20.433884,53.796747],[20.433914,53.79676],[20.433937,53.796775],[20.433959,53.79679],[20.434149,53.796947],[20.434194,53.796983],[20.434243,53.797025],[20.434283,53.79706],[20.43432,53.797095],[20.43435,53.797121],[20.434382,53.797154],[20.434413,53.797185],[20.434461,53.797235],[20.434732,53.797517],[20.434842,53.797643],[20.43498,53.7978],[20.434999,53.797821],[20.435206,53.798021],[20.43528,53.798102],[20.43565,53.798412],[20.435732,53.79848],[20.436013,53.79865],[20.436297,53.798807],[20.436921,53.799081],[20.437651,53.799344],[20.43825,53.79956],[20.439066,53.79982],[20.439334,53.799914],[20.440223,53.800226],[20.44029,53.800254],[20.440477,53.800331],[20.440698,53.800435],[20.440915,53.800552],[20.441122,53.800685],[20.441255,53.800795],[20.441436,53.800953],[20.44159,53.801116],[20.441695,53.801252],[20.441793,53.801404],[20.441885,53.801567],[20.441949,53.801733],[20.442,53.80205],[20.441997,53.802399],[20.441906,53.802762],[20.441884,53.802899],[20.441877,53.802943],[20.441867,53.803009],[20.441784,53.803493],[20.441665,53.804142],[20.441649,53.804458],[20.441689,53.804661],[20.441777,53.804953],[20.441925,53.805293],[20.44204,53.805559],[20.442097,53.805687],[20.442188,53.805947],[20.442226,53.806246],[20.442191,53.806493],[20.44209,53.806724],[20.441959,53.806921],[20.441549,53.807345],[20.44101,53.807905],[20.440773,53.808133],[20.440159,53.808725],[20.439691,53.8092],[20.439544,53.809341],[20.439468,53.809415]]},"properties":{"name":"Kardynała Stanisława Hozjusza"}},{"type":"Feature","geometry":{"type":"LineString","coordinates":[[20.476073,53.77314],[20.476242,53.773075],[20.476397,53.773152],[20.47623,53.773215],[20.476073,53.77314]]},"properties":{"name":"Plac Franklina Delano Roosevelta"}},{"type":"Feature","geometry":{"type":"LineString","coordinates":[[20.506407,53.802639],[20.506319,53.802567],[20.506052,53.802372],[20.505385,53.801939],[20.505135,53.801776],[20.504868,53.801587],[20.504685,53.801444],[20.504508,53.801296],[20.504173,53.800993],[20.503785,53.80064],[20.503559,53.800402],[20.503076,53.799767],[20.502936,53.799597],[20.502361,53.798957],[20.501915,53.798489],[20.5018,53.798372],[20.501629,53.798224],[20.501393,53.79806],[20.50126,53.797979],[20.500808,53.79768],[20.500153,53.797227],[20.500068,53.797164],[20.499972,53.797085],[20.498904,53.796213],[20.498761,53.796091],[20.498642,53.79599],[20.497751,53.795154],[20.49736,53.794788],[20.496966,53.794307],[20.496859,53.794175],[20.49681,53.794109],[20.496582,53.793806],[20.496413,53.793564],[20.49622,53.793286],[20.495999,53.792988],[20.495829,53.792809],[20.4957,53.792695],[20.495655,53.792658],[20.495499,53.792537],[20.495336,53.792436],[20.495281,53.792405],[20.494719,53.792074],[20.494312,53.791849],[20.493448,53.791403],[20.492863,53.791103],[20.492749,53.791047],[20.492552,53.790945],[20.492046,53.790675]]},"properties":{"name":"Jagiellońska"}},{"type":"Feature","geometry":{"type":"LineString","coordinates":[[20.506722,53.802903],[20.507004,53.80314],[20.507178,53.803299],[20.507641,53.803742],[20.508356,53.804409],[20.508701,53.804724],[20.509155,53.804999],[20.509318,53.805099],[20.509902,53.805447],[20.510434,53.805778],[20.510522,53.805833],[20.511168,53.806395],[20.511508,53.806666],[20.51191,53.806954],[20.512543,53.807358],[20.51261,53.807401],[20.512942,53.80761],[20.514189,53.808392],[20.515392,53.80897],[20.515996,53.809237],[20.516159,53.80931],[20.516406,53.809413],[20.517655,53.809953],[20.518001,53.810142],[20.518093,53.810191],[20.518515,53.810517],[20.519491,53.811268],[20.519912,53.811608],[20.521078,53.81255],[20.521534,53.812892],[20.522038,53.81327],[20.522513,53.813629],[20.522976,53.814018],[20.523201,53.814281],[20.523336,53.814467],[20.523603,53.814872],[20.523662,53.814972],[20.523721,53.815113],[20.523739,53.815209],[20.523743,53.815297],[20.523723,53.815587],[20.523602,53.815897],[20.523443,53.816247],[20.523282,53.816618]]},"properties":{"name":"Jagiellońska"}},{"type":"Feature","geometry":{"type":"LineString","coordinates":[[20.490566,53.789937],[20.490679,53.790013],[20.490857,53.790097],[20.491004,53.790169],[20.491139,53.79024],[20.49121,53.790274],[20.491361,53.790356],[20.491699,53.790535],[20.492046,53.790675],[20.491737,53.79046],[20.491527,53.790345],[20.491244,53.790177],[20.491051,53.790074],[20.490902,53.790012],[20.490732,53.789952],[20.490676,53.789946],[20.490566,53.789937],[20.490196,53.789753],[20.489779,53.789518],[20.489387,53.789304],[20.489303,53.789258],[20.489194,53.789196],[20.489041,53.789092],[20.488541,53.788707],[20.487916,53.788219],[20.48749,53.787886],[20.487284,53.787729],[20.487173,53.787638],[20.48705,53.787544],[20.486192,53.786902],[20.486052,53.786798],[20.485925,53.786708],[20.485786,53.786612],[20.485565,53.786466],[20.485271,53.78629],[20.48515,53.786231],[20.484709,53.786052],[20.484223,53.785857],[20.484085,53.785803],[20.48395,53.785751],[20.48323,53.785497],[20.4828,53.785353]]},"properties":{"name":"Jagiellońska"}},{"type":"Feature","geometry":{"type":"LineString","coordinates":[[20.482081,53.78538],[20.48223,53.785361]]},"properties":{"name":"Jagiellońska"}},{"type":"Feature","geometry":{"type":"LineString","coordinates":[[20.48223,53.785361],[20.482324,53.785296],[20.482423,53.785294],[20.482567,53.785292],[20.482689,53.785306],[20.4828,53.785353],[20.482446,53.785377],[20.482345,53.785386],[20.48223,53.785361]]},"properties":{"name":"Jagiellońska"}},{"type":"Feature","geometry":{"type":"LineString","coordinates":[[20.491527,53.790345],[20.491688,53.790322],[20.491857,53.790295],[20.492142,53.790221],[20.493537,53.789833],[20.493894,53.789732],[20.49449,53.78956],[20.495635,53.789273],[20.496162,53.789126],[20.496551,53.789024],[20.496673,53.788989],[20.496811,53.788948],[20.498043,53.788612],[20.498221,53.788549]]},"properties":{"name":"Władysława Reymonta"}},{"type":"Feature","geometry":{"type":"LineString","coordinates":[[20.499839,53.78127],[20.499922,53.781176],[20.500337,53.78059],[20.500488,53.78031],[20.500499,53.780291],[20.500531,53.780235],[20.500562,53.780181],[20.500625,53.780069],[20.501085,53.779198],[20.501115,53.779141],[20.501183,53.779012],[20.501233,53.778892],[20.501616,53.777976],[20.501646,53.777902],[20.501811,53.777484],[20.502029,53.776953],[20.502093,53.776797],[20.502267,53.776335],[20.502367,53.776071],[20.502395,53.775934],[20.502416,53.775735],[20.502417,53.775536],[20.50237,53.77526],[20.502312,53.775064],[20.502221,53.774862],[20.502121,53.7747],[20.502067,53.774624],[20.501983,53.774505],[20.501928,53.774431],[20.501665,53.774074],[20.501498,53.773849],[20.501399,53.773726],[20.501217,53.773534],[20.500861,53.773172],[20.500827,53.773139],[20.500787,53.773097],[20.500743,53.773049],[20.500699,53.772999]]},"properties":{"name":"Dworcowa"}},{"type":"Feature","geometry":{"type":"LineString","coordinates":[[20.500326,53.781351],[20.500339,53.781307],[20.500362,53.781238],[20.500473,53.780926],[20.500608,53.780618],[20.50075,53.780334],[20.500765,53.780303],[20.500782,53.780269],[20.500824,53.780189],[20.50084,53.780157],[20.500856,53.780128],[20.500865,53.780109],[20.501131,53.779599],[20.50135,53.779182],[20.501421,53.779046],[20.501468,53.778928],[20.501491,53.778871],[20.501837,53.778004],[20.501866,53.777931],[20.502032,53.777516],[20.502198,53.777103],[20.502294,53.776864],[20.502309,53.776826],[20.502495,53.776364],[20.50259,53.776059],[20.502611,53.775984],[20.502635,53.775862],[20.502644,53.775722],[20.502647,53.77556],[20.502628,53.775389],[20.502595,53.775219],[20.502545,53.775053],[20.502468,53.774874],[20.502372,53.774697],[20.502192,53.774449],[20.502137,53.774373],[20.501888,53.774035],[20.501709,53.773792],[20.501669,53.773737],[20.501637,53.773686],[20.501608,53.773634],[20.50152,53.773464],[20.501497,53.773419],[20.501408,53.773249],[20.50131,53.773061],[20.501289,53.773025],[20.501257,53.772972],[20.501216,53.77291],[20.501177,53.772859]]},"properties":{"name":"Dworcowa"}},{"type":"Feature","geometry":{"type":"LineString","coordinates":[[20.500585,53.772843],[20.500516,53.772723],[20.5005,53.772692],[20.500391,53.772491],[20.500278,53.77228],[20.50012,53.771997],[20.499942,53.771757],[20.49971,53.771445],[20.499523,53.771192],[20.499442,53.771082],[20.499195,53.770705],[20.498822,53.770075],[20.498516,53.769568],[20.498387,53.769366],[20.498301,53.769258],[20.498219,53.769157],[20.497896,53.768805],[20.497852,53.76876],[20.497726,53.768623],[20.497626,53.768518],[20.49751,53.768385],[20.495989,53.766667],[20.495585,53.766217],[20.495521,53.766144],[20.495322,53.765923],[20.495247,53.765807],[20.494448,53.76491],[20.494407,53.764865],[20.494389,53.764845],[20.494288,53.764731],[20.494178,53.764605]]},"properties":{"name":"Dworcowa"}},{"type":"Feature","geometry":{"type":"LineString","coordinates":[[20.501048,53.772711],[20.500957,53.77262],[20.500928,53.772591],[20.500789,53.772452],[20.50076,53.772423],[20.500734,53.772393],[20.500553,53.772179],[20.500217,53.771808],[20.499731,53.771136],[20.499591,53.770927],[20.499416,53.770664],[20.499246,53.77038],[20.49908,53.770098],[20.499033,53.770027],[20.498983,53.769939],[20.498792,53.769602],[20.498605,53.769325],[20.498528,53.769228],[20.498389,53.769069],[20.49806,53.768711],[20.498054,53.768704],[20.497931,53.768561],[20.497828,53.768444],[20.497729,53.768321],[20.497684,53.76827],[20.496363,53.7668],[20.496182,53.766601]]},"properties":{"name":"Dworcowa"}},{"type":"Feature","geometry":{"type":"LineString","coordinates":[[20.494375,53.764558],[20.494478,53.764692],[20.494572,53.764783],[20.494591,53.764802],[20.494825,53.765073],[20.495497,53.765832],[20.495692,53.76605],[20.495789,53.766159],[20.495988,53.76638],[20.496182,53.766601],[20.495989,53.766667]]},"properties":{"name":"Dworcowa"}},{"type":"Feature","geometry":{"type":"LineString","coordinates":[[20.500201,53.78164],[20.500121,53.781736],[20.499909,53.781999],[20.499711,53.782287],[20.499512,53.782621],[20.499229,53.783148],[20.499028,53.783545],[20.498967,53.783706],[20.498937,53.783854],[20.498941,53.783972],[20.498973,53.784135],[20.49899,53.78417],[20.499038,53.784249]]},"properties":{"name":"Dworcowa"}},{"type":"Feature","geometry":{"type":"LineString","coordinates":[[20.498022,53.784176],[20.498303,53.784074],[20.498356,53.784051],[20.498408,53.784023],[20.498518,53.783946],[20.498616,53.783848],[20.498768,53.783581],[20.498882,53.783363]]},"properties":{"name":"Dworcowa"}},{"type":"Feature","geometry":{"type":"LineString","coordinates":[[20.500699,53.772999],[20.500675,53.772969],[20.500667,53.772959],[20.50065,53.772937],[20.50064,53.772922],[20.500638,53.77292],[20.500629,53.772908],[20.500585,53.772843]]},"properties":{"name":"Plac Inwalidów Wojennych"}},{"type":"Feature","geometry":{"type":"LineString","coordinates":[[20.501048,53.772711],[20.501108,53.772775],[20.501116,53.772784],[20.501121,53.772789],[20.501133,53.772803],[20.501147,53.772822],[20.501177,53.772859]]},"properties":{"name":"Plac Inwalidów Wojennych"}},{"type":"Feature","geometry":{"type":"LineString","coordinates":[[20.494288,53.764731],[20.493925,53.764808],[20.493378,53.764942],[20.492232,53.765217],[20.491125,53.76552],[20.491069,53.765536],[20.490769,53.765615],[20.49032,53.765732],[20.489154,53.766041],[20.488643,53.766177],[20.488363,53.766255],[20.488295,53.766273],[20.488035,53.766344],[20.487814,53.766409],[20.487656,53.766458],[20.487602,53.766474],[20.487432,53.766526],[20.486559,53.766771],[20.485885,53.766959],[20.485652,53.767024],[20.485531,53.767058],[20.48449,53.767336],[20.484106,53.76744],[20.483731,53.76756]]},"properties":{"name":"Wincentego Pstrowskiego"}},{"type":"Feature","geometry":{"type":"LineString","coordinates":[[20.487657,53.766309],[20.487497,53.766355],[20.487442,53.76637],[20.487332,53.766402],[20.487243,53.766428],[20.487049,53.766483],[20.486234,53.7667],[20.48575,53.766832],[20.485544,53.766892],[20.48439,53.767224],[20.48386,53.767379],[20.483615,53.767471]]},"properties":{"name":"Wincentego Pstrowskiego"}},{"type":"Feature","geometry":{"type":"LineString","coordinates":[[20.487875,53.766248],[20.488203,53.766155],[20.488373,53.766107],[20.48859,53.766046],[20.48965,53.765762],[20.48998,53.765668],[20.490707,53.76548],[20.491355,53.7653],[20.492086,53.765097],[20.493187,53.764822],[20.493809,53.764682],[20.493872,53.764669],[20.494178,53.764605],[20.494375,53.764558],[20.494609,53.76451],[20.495497,53.764331],[20.49687,53.764046],[20.496964,53.764026],[20.496989,53.764021],[20.497338,53.763948],[20.49766,53.763882],[20.497897,53.763831],[20.498209,53.763759],[20.498531,53.763679],[20.498759,53.76362],[20.499181,53.763502],[20.499242,53.763484],[20.499298,53.763465],[20.499534,53.76339],[20.500317,53.76314],[20.500492,53.763076],[20.500543,53.76306],[20.500601,53.763041],[20.500642,53.763027],[20.500695,53.76301],[20.500815,53.762971],[20.500952,53.762926],[20.50104,53.762899],[20.501134,53.762871],[20.501234,53.762845],[20.501315,53.762825],[20.501403,53.762806],[20.501465,53.762793],[20.501509,53.762785],[20.502008,53.762692],[20.502102,53.762673],[20.502177,53.762656],[20.502266,53.762634],[20.502637,53.762537],[20.502914,53.76247],[20.503464,53.762338],[20.504014,53.762205],[20.504841,53.762038],[20.505524,53.761886],[20.505592,53.761871],[20.505633,53.761862],[20.505896,53.761799],[20.506033,53.761762],[20.506297,53.761694],[20.506335,53.761684],[20.507007,53.761523],[20.507832,53.761327],[20.508105,53.761262],[20.508613,53.76114],[20.50954,53.760916],[20.509896,53.760833],[20.510694,53.760628],[20.511354,53.760405],[20.512526,53.759981],[20.513099,53.759775],[20.513476,53.759634],[20.51361,53.759575],[20.513962,53.759401],[20.514268,53.759193],[20.514543,53.758944],[20.514738,53.758684],[20.514832,53.758488],[20.514859,53.758279],[20.514856,53.758224],[20.514855,53.758195],[20.514853,53.758148]]},"properties":{"name":"Wincentego Pstrowskiego"}},{"type":"Feature","geometry":{"type":"LineString","coordinates":[[20.515397,53.758057],[20.515464,53.758071],[20.515572,53.758095],[20.515853,53.758148],[20.516035,53.758161],[20.516297,53.758155],[20.517036,53.758105],[20.517327,53.758087],[20.51769,53.758068],[20.518051,53.758057],[20.518195,53.758058],[20.518398,53.758062],[20.518601,53.758072],[20.518798,53.758082],[20.519069,53.758096],[20.519202,53.758101],[20.519704,53.758102],[20.51997,53.758079],[20.52014,53.758048],[20.520272,53.758012],[20.520488,53.757929],[20.520709,53.757826],[20.521239,53.757518],[20.52152,53.757362],[20.521939,53.757164],[20.522307,53.756963],[20.522598,53.756765],[20.522715,53.75666],[20.522851,53.756526],[20.522964,53.756387],[20.523159,53.756104],[20.523415,53.755722],[20.523769,53.75519],[20.523942,53.754964],[20.524094,53.75479],[20.524288,53.754621],[20.524461,53.754462],[20.524625,53.754295],[20.524706,53.754164],[20.524776,53.754009],[20.524834,53.753747],[20.524843,53.753523],[20.524839,53.753299],[20.524768,53.752998],[20.524678,53.752694],[20.524652,53.752553],[20.524659,53.75247],[20.524684,53.752395],[20.524724,53.752337],[20.524782,53.752268],[20.524864,53.752205],[20.524988,53.752132],[20.525092,53.752082],[20.525211,53.752037],[20.52557,53.751944],[20.525806,53.751887],[20.525979,53.751845],[20.526156,53.751774],[20.526415,53.75165],[20.526981,53.751343],[20.527375,53.751122],[20.527607,53.750994],[20.528044,53.750763],[20.52838,53.750629],[20.529172,53.750382],[20.529852,53.750172],[20.530112,53.750098],[20.530321,53.750045],[20.530416,53.750022],[20.530526,53.750011],[20.530656,53.75001],[20.530832,53.750024],[20.531388,53.750134],[20.531879,53.750242],[20.532016,53.750257],[20.532181,53.750271],[20.532404,53.750269],[20.532599,53.750251],[20.532783,53.750222],[20.533106,53.750151],[20.533458,53.750073],[20.53377,53.75003],[20.534129,53.750004],[20.534416,53.750002],[20.534633,53.750008],[20.534814,53.750024],[20.535183,53.750069],[20.535976,53.75018],[20.536925,53.750315],[20.537255,53.750349],[20.537453,53.75035],[20.537597,53.750343],[20.537805,53.750303],[20.538011,53.750241],[20.538198,53.750156],[20.538613,53.749942],[20.538849,53.749845],[20.539104,53.749761],[20.539406,53.749686],[20.540294,53.749546],[20.541406,53.749357]]},"properties":{"name":"Wincentego Pstrowskiego"}},{"type":"Feature","geometry":{"type":"LineString","coordinates":[[20.515178,53.758181],[20.515139,53.758253],[20.51511,53.7583],[20.515018,53.758505],[20.514916,53.758705],[20.514733,53.758967],[20.514439,53.759242],[20.514101,53.759467],[20.513759,53.759643],[20.513578,53.75972],[20.513451,53.759768]]},"properties":{"name":"Wincentego Pstrowskiego"}},{"type":"Feature","geometry":{"type":"LineString","coordinates":[[20.49498,53.764586],[20.495582,53.764461],[20.497046,53.764159],[20.497074,53.764153],[20.49718,53.764131],[20.497621,53.764042],[20.497843,53.763992],[20.498141,53.763925],[20.498473,53.763847],[20.498561,53.763824],[20.498859,53.763746],[20.499439,53.763589],[20.499865,53.763468],[20.500071,53.76341],[20.500332,53.763338],[20.500502,53.763301],[20.500738,53.763275],[20.500804,53.763266],[20.500851,53.763259],[20.500912,53.763249],[20.500993,53.763234],[20.50107,53.763218],[20.501165,53.763195],[20.50123,53.763179],[20.501297,53.76316],[20.501363,53.763139],[20.501422,53.763121],[20.5015,53.763092],[20.501571,53.763065],[20.501626,53.763043],[20.501721,53.763006],[20.502125,53.762847],[20.502244,53.762802],[20.502335,53.762772],[20.502416,53.762746],[20.502483,53.762726],[20.502559,53.762705],[20.502819,53.762633],[20.502998,53.762587],[20.503325,53.762504],[20.503564,53.762443],[20.504098,53.762305],[20.50564,53.761962],[20.505687,53.761951],[20.505954,53.76189],[20.506099,53.76185],[20.506358,53.761786],[20.506398,53.761776],[20.506455,53.761763],[20.507065,53.761611],[20.507333,53.761561],[20.50748,53.761528],[20.507803,53.761456],[20.508175,53.761363],[20.508697,53.761232],[20.50995,53.760933],[20.510805,53.76072],[20.512279,53.760194]]},"properties":{"name":"Wincentego Pstrowskiego"}},{"type":"Feature","geometry":{"type":"LineString","coordinates":[[20.483731,53.76756],[20.4835,53.767664],[20.483315,53.767777],[20.483153,53.767924],[20.482897,53.768205],[20.48281,53.768312],[20.48261,53.768541],[20.482455,53.768724],[20.482133,53.76915],[20.482124,53.769163],[20.48201,53.76931],[20.481921,53.769459],[20.481848,53.76957],[20.481646,53.769913]]},"properties":{"name":"Niepodległości"}},{"type":"Feature","geometry":{"type":"LineString","coordinates":[[20.476397,53.773152],[20.476634,53.773074],[20.476718,53.773046],[20.47696,53.772966],[20.477319,53.772847],[20.477987,53.772621],[20.478209,53.772548],[20.478964,53.772296],[20.47949,53.772119],[20.479876,53.771948],[20.480312,53.771688],[20.480644,53.771436],[20.480826,53.771243],[20.480867,53.771201],[20.481053,53.770954],[20.481268,53.770574],[20.481429,53.770302]]},"properties":{"name":"Niepodległości"}},{"type":"Feature","geometry":{"type":"LineString","coordinates":[[20.476242,53.773075],[20.476536,53.772959],[20.476767,53.772885],[20.477927,53.772532],[20.47814,53.772469],[20.478308,53.772414],[20.47861,53.772311],[20.479277,53.772076],[20.479705,53.771878],[20.479886,53.771784],[20.480165,53.771592],[20.480284,53.771497],[20.480464,53.771355],[20.480645,53.771186],[20.480843,53.770923],[20.481247,53.770273]]},"properties":{"name":"Niepodległości"}},{"type":"Feature","geometry":{"type":"LineString","coordinates":[[20.483615,53.767471],[20.48337,53.767602],[20.483191,53.767727],[20.483073,53.76783],[20.482843,53.768056],[20.482646,53.768269],[20.482444,53.768492],[20.481961,53.769108],[20.481866,53.769271],[20.481766,53.769433],[20.481747,53.769463],[20.481498,53.769865]]},"properties":{"name":"Niepodległości"}},{"type":"Feature","geometry":{"type":"LineString","coordinates":[[20.481646,53.769913],[20.481429,53.770302]]},"properties":{"name":"Most Mariacki"}},{"type":"Feature","geometry":{"type":"LineString","coordinates":[[20.481247,53.770273],[20.481498,53.769865]]},"properties":{"name":"Most Mariacki"}},{"type":"Feature","geometry":{"type":"LineString","coordinates":[[20.476073,53.77314],[20.475866,53.77304],[20.475633,53.772928]]},"properties":{"name":"Alojzego Śliwy"}},{"type":"Feature","geometry":{"type":"LineString","coordinates":[[20.469923,53.770223],[20.470149,53.770328],[20.470195,53.770351],[20.470969,53.77072],[20.471294,53.770856],[20.471817,53.771111],[20.472326,53.771352],[20.472539,53.771456],[20.473661,53.771983],[20.474515,53.772403],[20.475235,53.772753],[20.475465,53.772844],[20.475633,53.772928],[20.475643,53.773057],[20.475643,53.773108],[20.475543,53.773384]]},"properties":{"name":"Alojzego Śliwy"}},{"type":"Feature","geometry":{"type":"LineString","coordinates":[[20.476242,53.773075],[20.475987,53.772948],[20.475936,53.77292],[20.474694,53.772324],[20.474051,53.77203],[20.473893,53.771956],[20.470825,53.770491],[20.470496,53.770356],[20.470376,53.770296],[20.470255,53.77024],[20.470102,53.770166]]},"properties":{"name":"Alojzego Śliwy"}},{"type":"Feature","geometry":{"type":"LineString","coordinates":[[20.460205,53.751951],[20.459823,53.751941],[20.459427,53.75192],[20.458674,53.751858],[20.458422,53.751829],[20.458058,53.751751],[20.45774,53.751639],[20.457316,53.751486],[20.456803,53.751315],[20.456662,53.751258],[20.455109,53.750704],[20.454869,53.750617],[20.454069,53.750332],[20.45329,53.750058],[20.45292,53.74992],[20.452284,53.749702],[20.452063,53.749626],[20.451859,53.749556],[20.451679,53.749487],[20.451521,53.749401],[20.451441,53.749352],[20.451243,53.749205],[20.451013,53.748979],[20.450221,53.748198],[20.45019,53.748167],[20.450011,53.747995],[20.449627,53.747616],[20.449576,53.747566],[20.449466,53.747456]]},"properties":{"name":"Benedykta Dybowskiego"}},{"type":"Feature","geometry":{"type":"LineString","coordinates":[[20.461097,53.751965],[20.460924,53.751968]]},"properties":{"name":"Benedykta Dybowskiego"}},{"type":"Feature","geometry":{"type":"LineString","coordinates":[[20.460924,53.751968],[20.460802,53.752003],[20.460686,53.752002],[20.460205,53.751951],[20.460722,53.751921],[20.460808,53.751925],[20.460924,53.751968]]},"properties":{"name":"Benedykta Dybowskiego"}},{"type":"Feature","geometry":{"type":"LineString","coordinates":[[20.454572,53.745073],[20.453797,53.74506],[20.452928,53.74504],[20.452238,53.745029],[20.451704,53.745045],[20.451125,53.745211],[20.450207,53.745558],[20.450083,53.745629],[20.449942,53.745729],[20.449823,53.745865],[20.449675,53.746206],[20.44962,53.74633],[20.449497,53.746645],[20.44942,53.746826],[20.449366,53.746944],[20.449328,53.747123],[20.449338,53.747237],[20.449363,53.747325],[20.449466,53.747456],[20.449233,53.747512],[20.448946,53.747573],[20.44872,53.747633],[20.44841,53.747833],[20.448101,53.74817],[20.44802,53.748399],[20.447976,53.748526],[20.447794,53.748938],[20.447709,53.749149],[20.44769,53.749327],[20.44767,53.749541],[20.447649,53.749848],[20.447624,53.750096],[20.447607,53.750352],[20.447617,53.750565],[20.447674,53.750771],[20.447757,53.750967],[20.447845,53.751094],[20.447944,53.751225],[20.448164,53.751443],[20.448686,53.75176]]},"properties":{"name":"Słoneczna"}},{"type":"Feature","geometry":{"type":"LineString","coordinates":[[20.455759,53.745078],[20.456915,53.745127],[20.457154,53.745134],[20.457411,53.745143]]},"properties":{"name":"Słoneczna"}},{"type":"Feature","geometry":{"type":"LineString","coordinates":[[20.487657,53.766309],[20.487875,53.766248]]},"properties":{"name":"5 Wileńskiej Brygady AK"}},{"type":"Feature","geometry":{"type":"LineString","coordinates":[[20.474461,53.767075],[20.474642,53.767199],[20.474768,53.767296],[20.475258,53.767756],[20.475586,53.768083],[20.47561,53.768113],[20.475916,53.768522],[20.475946,53.768564],[20.476169,53.768918],[20.476192,53.768963]]},"properties":{"name":"Księdza Tadeusza Borkowskiego"}},{"type":"Feature","geometry":{"type":"LineString","coordinates":[[20.476192,53.768963],[20.476084,53.768993],[20.475776,53.769091],[20.474578,53.76947],[20.47405,53.769555],[20.473861,53.769583],[20.473004,53.769763],[20.472821,53.769801],[20.472705,53.76982],[20.472431,53.769849],[20.472186,53.769847],[20.472017,53.76984]]},"properties":{"name":"Walentego Barczewskiego"}},{"type":"Feature","geometry":{"type":"LineString","coordinates":[[20.470376,53.770296],[20.470405,53.770184],[20.470417,53.77014],[20.470436,53.770066],[20.47086,53.769928],[20.470969,53.769905],[20.471184,53.769876],[20.471366,53.76986],[20.471778,53.76986],[20.472017,53.76984],[20.471768,53.769795],[20.471532,53.76978],[20.471275,53.769779],[20.471099,53.769792],[20.470926,53.76982],[20.470747,53.769862],[20.470187,53.770046],[20.46998,53.770106],[20.4698,53.770162]]},"properties":{"name":"Walentego Barczewskiego"}},{"type":"Feature","geometry":{"type":"LineString","coordinates":[[20.486893,53.773616],[20.486871,53.77361],[20.486838,53.773601]]},"properties":{"name":"Bartosza Głowackiego"}},{"type":"Feature","geometry":{"type":"LineString","coordinates":[[20.490842,53.778002],[20.490989,53.778172],[20.491568,53.778895],[20.491637,53.778971]]},"properties":{"name":"Bartosza Głowackiego"}},{"type":"Feature","geometry":{"type":"LineString","coordinates":[[20.485813,53.77441],[20.485952,53.774411],[20.48606,53.774412],[20.486145,53.774401],[20.486276,53.774375],[20.48661,53.773914],[20.48679,53.773664],[20.486838,53.773601],[20.486861,53.773571],[20.486911,53.77351],[20.486939,53.773475],[20.48708,53.773343],[20.487173,53.773274],[20.487427,53.773093],[20.487676,53.772915],[20.488205,53.772542],[20.489117,53.771905],[20.489334,53.771775],[20.489415,53.771725],[20.489546,53.771657],[20.489719,53.771613],[20.489615,53.771708],[20.48949,53.771769],[20.48928,53.771874],[20.489087,53.772008],[20.487937,53.772813],[20.487882,53.772852],[20.487491,53.773127],[20.487159,53.773362],[20.487018,53.7735],[20.486988,53.773532],[20.487018,53.7735],[20.487159,53.773362],[20.487491,53.773127],[20.487882,53.772852],[20.487937,53.772813],[20.489087,53.772008],[20.48928,53.771874]]},"properties":{"name":"Żołnierska"}},{"type":"Feature","geometry":{"type":"LineString","coordinates":[[20.504144,53.765984],[20.504013,53.766047],[20.503873,53.766113],[20.503825,53.766135],[20.503719,53.766184],[20.503675,53.766205],[20.50343,53.76632],[20.503358,53.766363],[20.503189,53.766478],[20.503111,53.766517],[20.502942,53.766602],[20.50213,53.766966],[20.5017,53.767145],[20.501585,53.76719],[20.501461,53.767236],[20.50125,53.767318],[20.500959,53.767424],[20.500339,53.767642],[20.500303,53.767655],[20.499953,53.767778],[20.499643,53.767888],[20.499253,53.768022],[20.499003,53.768088],[20.498475,53.768261],[20.498019,53.768378],[20.497828,53.768444],[20.497626,53.768518],[20.497419,53.76859],[20.497172,53.768688],[20.496733,53.768861],[20.496361,53.768975],[20.495917,53.769133],[20.49566,53.769225],[20.495565,53.76926],[20.495255,53.769381],[20.494967,53.769486],[20.494272,53.769751],[20.494137,53.769802],[20.493929,53.76988],[20.493219,53.770147],[20.49269,53.770347],[20.49249,53.770427],[20.49179,53.77068],[20.49165,53.770733],[20.491617,53.770746],[20.491456,53.770813],[20.491271,53.770884],[20.490905,53.771032],[20.490525,53.7712],[20.490382,53.771267],[20.490245,53.771338],[20.490074,53.771429],[20.489836,53.771554],[20.489719,53.771613]]},"properties":{"name":"Żołnierska"}},{"type":"Feature","geometry":{"type":"LineString","coordinates":[[20.496733,53.768861],[20.497132,53.768772],[20.497287,53.768728],[20.497424,53.768693],[20.497503,53.768673],[20.497726,53.768623],[20.497931,53.768561],[20.49813,53.768484],[20.498309,53.768405],[20.498473,53.768335],[20.499253,53.768022]]},"properties":{"name":"Żołnierska"}},{"type":"Feature","geometry":{"type":"LineString","coordinates":[[20.504251,53.766082],[20.50412,53.76613],[20.504031,53.766162],[20.503971,53.766185],[20.503922,53.766206],[20.503815,53.766256],[20.50377,53.766274],[20.503742,53.766286],[20.503616,53.766342],[20.503541,53.766369],[20.503189,53.766478]]},"properties":{"name":"Żołnierska"}},{"type":"Feature","geometry":{"type":"LineString","coordinates":[[20.564057,53.738316],[20.56414,53.738308],[20.564238,53.738294],[20.564346,53.738268],[20.564723,53.738132],[20.56528,53.737946]]},"properties":{"name":"53"}},{"type":"Feature","geometry":{"type":"LineString","coordinates":[[20.57376,53.735212],[20.573487,53.735247],[20.573275,53.73528],[20.573061,53.73532],[20.572822,53.735375],[20.572574,53.735439],[20.571679,53.73571],[20.571056,53.735898],[20.569372,53.73644],[20.568941,53.736578],[20.567663,53.737037],[20.567473,53.737105],[20.567393,53.737135],[20.56722,53.737198],[20.566614,53.737428],[20.56528,53.737946],[20.564829,53.738156],[20.5644,53.738346],[20.564333,53.738378],[20.564282,53.738406],[20.564226,53.73845]]},"properties":{"name":"53"}},{"type":"Feature","geometry":{"type":"LineString","coordinates":[[20.473861,53.769583],[20.473875,53.76953],[20.473913,53.76943],[20.473933,53.769318],[20.473944,53.769038],[20.473959,53.768789],[20.474039,53.768636],[20.474072,53.768611],[20.474355,53.768521],[20.474897,53.768346],[20.475316,53.768204],[20.47561,53.768113]]},"properties":{"name":"Janusza Korczaka"}},{"type":"Feature","geometry":{"type":"LineString","coordinates":[[20.540075,53.784218],[20.539897,53.784071],[20.539543,53.783778],[20.539264,53.783534],[20.538928,53.783272],[20.538177,53.782686],[20.538081,53.78261],[20.537755,53.782318],[20.537086,53.781778],[20.536753,53.781508],[20.536684,53.781456],[20.536669,53.781441],[20.536563,53.781363],[20.536436,53.781262]]},"properties":{"name":"Cementowa"}},{"type":"Feature","geometry":{"type":"LineString","coordinates":[[20.517006,53.786348],[20.517784,53.786414],[20.518253,53.786466],[20.518699,53.786521],[20.518836,53.786569],[20.519123,53.786707],[20.519247,53.786755],[20.519793,53.786943],[20.520338,53.787117],[20.520588,53.787191],[20.520733,53.787234],[20.520935,53.787293],[20.521033,53.787314],[20.521213,53.787339],[20.521383,53.787352],[20.521577,53.787365],[20.521763,53.787369],[20.521881,53.787368],[20.521984,53.787364],[20.522172,53.787348],[20.522457,53.787316],[20.522778,53.787275],[20.523254,53.787218],[20.523658,53.78717],[20.524189,53.787106],[20.524526,53.787063],[20.525289,53.786966],[20.526112,53.786861],[20.526262,53.786842],[20.526861,53.786768],[20.527208,53.786725],[20.527644,53.786672],[20.528061,53.78662],[20.528325,53.786588],[20.529647,53.786426],[20.529791,53.786409],[20.530045,53.786377],[20.530672,53.7863],[20.531285,53.786225],[20.531531,53.786194],[20.532475,53.786077],[20.53382,53.785908],[20.533975,53.785891],[20.534384,53.785844],[20.534808,53.785794],[20.535145,53.785753],[20.535584,53.785699],[20.53569,53.785684],[20.535824,53.785666],[20.536019,53.785634],[20.536135,53.785615],[20.53642,53.785563],[20.536702,53.785506],[20.536909,53.785456],[20.537285,53.785355],[20.537436,53.785309],[20.53756,53.785271],[20.537737,53.785214],[20.537912,53.785154],[20.538061,53.785101],[20.538134,53.785075],[20.538253,53.785025],[20.538354,53.784982],[20.539777,53.78435],[20.539974,53.784263],[20.540075,53.784218],[20.540403,53.784073],[20.541143,53.783746],[20.541355,53.783653],[20.542073,53.783336],[20.542485,53.783156],[20.54277,53.783032],[20.543041,53.782915],[20.54327,53.782822],[20.543318,53.782805],[20.543703,53.78266],[20.544753,53.782292],[20.544958,53.782218],[20.545342,53.782086],[20.545694,53.781964],[20.545851,53.78191],[20.546559,53.781659],[20.547718,53.781253]]},"properties":{"name":"Lubelska"}},{"type":"Feature","geometry":{"type":"LineString","coordinates":[[20.549104,53.780472],[20.54909,53.780534],[20.549074,53.780578],[20.549028,53.780629],[20.54887,53.780736],[20.548749,53.780807],[20.548633,53.780876],[20.547718,53.781253],[20.548557,53.780986],[20.548754,53.78092],[20.548889,53.780855],[20.549028,53.780786],[20.549071,53.780756],[20.549133,53.780726],[20.549241,53.780669],[20.549301,53.780656],[20.549383,53.780643]]},"properties":{"name":"Lubelska"}},{"type":"Feature","geometry":{"type":"LineString","coordinates":[[20.549255,53.777326],[20.549209,53.777402],[20.549184,53.777492],[20.549197,53.777597],[20.549366,53.778107],[20.549395,53.778196]]},"properties":{"name":"Lubelska"}},{"type":"Feature","geometry":{"type":"LineString","coordinates":[[20.506457,53.785157],[20.506204,53.785166],[20.505263,53.785078],[20.503641,53.784879],[20.502543,53.784737],[20.502244,53.784698],[20.502185,53.784691],[20.501633,53.784612],[20.501473,53.784601],[20.501304,53.784597],[20.500725,53.784616],[20.500788,53.784543],[20.500804,53.78449],[20.500786,53.784428],[20.500756,53.784383],[20.501846,53.784544],[20.502217,53.784599],[20.502277,53.784608],[20.502583,53.784647],[20.503651,53.784782],[20.504658,53.7849],[20.505441,53.784992],[20.506155,53.785093],[20.506226,53.785103],[20.506457,53.785157],[20.506619,53.785175],[20.506706,53.785185],[20.507685,53.785296],[20.508086,53.785341],[20.508571,53.785396],[20.508725,53.785413],[20.508807,53.785423],[20.510366,53.785599],[20.510626,53.785629],[20.511091,53.785681],[20.511707,53.785751],[20.512297,53.785818],[20.513122,53.785911],[20.513478,53.785951],[20.514171,53.786029],[20.514498,53.786067],[20.514826,53.786104],[20.515476,53.786177]]},"properties":{"name":"Lubelska"}},{"type":"Feature","geometry":{"type":"LineString","coordinates":[[20.515476,53.786177],[20.515731,53.786171],[20.516037,53.786195],[20.516846,53.786293],[20.517006,53.786348],[20.516793,53.786383],[20.516289,53.786324],[20.515681,53.786252],[20.515476,53.786177]]},"properties":{"name":"Lubelska"}},{"type":"Feature","geometry":{"type":"LineString","coordinates":[[20.53047,53.782739],[20.530506,53.782908],[20.530505,53.783006],[20.530504,53.783029],[20.530503,53.783117],[20.530506,53.783262],[20.530525,53.783405],[20.53057,53.78355],[20.53089,53.784432],[20.530977,53.784672],[20.531128,53.785085],[20.531187,53.785265],[20.531364,53.785742],[20.531477,53.786047],[20.531531,53.786194]]},"properties":{"name":"Budowlana"}},{"type":"Feature","geometry":{"type":"LineString","coordinates":[[20.500326,53.781351],[20.50048,53.7814],[20.500659,53.781456],[20.500752,53.781483],[20.500843,53.781506],[20.500932,53.781525],[20.501022,53.781542],[20.50111,53.781557],[20.501293,53.781578],[20.501503,53.781591],[20.501721,53.781593],[20.502737,53.781588],[20.503105,53.781586],[20.503244,53.781584],[20.503369,53.781582],[20.503498,53.781579],[20.503638,53.781576],[20.503754,53.781574],[20.503881,53.781573],[20.504011,53.781573],[20.504151,53.781574],[20.504285,53.781575],[20.504427,53.781577],[20.504567,53.781578],[20.504764,53.781579],[20.505804,53.781573],[20.506625,53.781567],[20.506762,53.781566],[20.507003,53.781565],[20.507069,53.781565],[20.507464,53.78156],[20.508132,53.78156],[20.509421,53.781551],[20.510026,53.781548],[20.510293,53.781545],[20.510392,53.781543],[20.510506,53.781539],[20.510847,53.781527],[20.51187,53.781538],[20.512162,53.781538],[20.512253,53.781538],[20.512545,53.781539],[20.512976,53.781538],[20.513416,53.781537],[20.514466,53.781531],[20.514617,53.781526],[20.514987,53.781514],[20.515287,53.781504],[20.515675,53.78149],[20.516685,53.781457],[20.517815,53.781418],[20.518325,53.781401],[20.518596,53.781393],[20.518854,53.781387],[20.519129,53.781374],[20.519426,53.781351],[20.519999,53.781296],[20.520364,53.781262],[20.520629,53.781233],[20.522116,53.781091],[20.522285,53.781077],[20.522453,53.781066],[20.522745,53.781075],[20.523005,53.781075],[20.523322,53.781091],[20.523463,53.7811],[20.523702,53.781117],[20.524093,53.781156],[20.524368,53.781197],[20.524502,53.78122],[20.524748,53.781279],[20.524987,53.781338],[20.525598,53.781515],[20.525864,53.781605],[20.527278,53.78208],[20.527856,53.782274],[20.528259,53.782391],[20.528562,53.782473],[20.528923,53.782551],[20.529232,53.782605],[20.529577,53.782664],[20.529907,53.782702],[20.530073,53.782709],[20.530241,53.782724],[20.530391,53.782735],[20.53047,53.782739],[20.530858,53.782755],[20.531411,53.782748],[20.53178,53.782715],[20.532354,53.782637],[20.532837,53.782561],[20.533364,53.78244],[20.533699,53.782351],[20.534141,53.78221],[20.534968,53.781875],[20.53608,53.781403],[20.536139,53.781378],[20.536247,53.781335],[20.536436,53.781262]]},"properties":{"name":"Towarowa"}},{"type":"Feature","geometry":{"type":"LineString","coordinates":[[20.536563,53.781363],[20.536204,53.781502],[20.534975,53.782008],[20.53459,53.782164],[20.534212,53.782312],[20.533862,53.782437],[20.533601,53.782514],[20.533322,53.782596],[20.532966,53.78268],[20.53269,53.782737],[20.532362,53.78279],[20.532069,53.782826],[20.531808,53.782852],[20.531476,53.782885],[20.530858,53.782916],[20.53077,53.782912],[20.530651,53.782912],[20.530506,53.782908],[20.530395,53.782903],[20.530261,53.782894],[20.530034,53.782877],[20.529826,53.782856],[20.52953,53.782819],[20.529275,53.782787],[20.528984,53.782737],[20.528738,53.782691],[20.528409,53.782611],[20.527905,53.78247],[20.527144,53.782213],[20.525649,53.78169],[20.525445,53.781619],[20.525177,53.781536],[20.524825,53.781428],[20.524697,53.781391],[20.524671,53.781384],[20.524432,53.781328],[20.524298,53.781301],[20.524175,53.781279],[20.523903,53.781235],[20.523649,53.781204],[20.523329,53.781183],[20.523099,53.781175],[20.522893,53.781175],[20.522424,53.781191],[20.522256,53.781202],[20.522087,53.781214],[20.520822,53.781341],[20.520467,53.781377],[20.520318,53.781393],[20.519922,53.781435],[20.519402,53.781487],[20.519075,53.781515],[20.51876,53.781533],[20.518402,53.781548],[20.517855,53.781568],[20.51725,53.781587],[20.515785,53.781636],[20.515688,53.781639],[20.5153,53.781652],[20.515154,53.781657],[20.51494,53.781665],[20.514825,53.781668],[20.514704,53.781673],[20.514516,53.781678],[20.514312,53.781682],[20.514009,53.781685],[20.513521,53.781685],[20.513141,53.781683],[20.512867,53.781685],[20.512547,53.781687],[20.512254,53.781686],[20.511814,53.781687],[20.511457,53.781689],[20.508991,53.781699],[20.508726,53.781701],[20.507585,53.781714],[20.507372,53.781716],[20.507071,53.781718],[20.506175,53.781727],[20.504115,53.781736],[20.503883,53.781738],[20.503754,53.781738],[20.503618,53.781737],[20.503452,53.781735],[20.503322,53.781732],[20.503193,53.78173],[20.503073,53.78173],[20.50296,53.78173],[20.502842,53.78173],[20.502204,53.781734],[20.50139,53.781739],[20.50121,53.781733],[20.500364,53.781656],[20.500264,53.781646],[20.500201,53.78164]]},"properties":{"name":"Towarowa"}},{"type":"Feature","geometry":{"type":"LineString","coordinates":[[20.524298,53.781301],[20.524368,53.781197],[20.524454,53.781085],[20.524776,53.780659]]},"properties":{"name":"Sprzętowa"}},{"type":"Feature","geometry":{"type":"LineString","coordinates":[[20.531682,53.775303],[20.531488,53.775427],[20.531434,53.77546],[20.530441,53.776065],[20.529327,53.776807],[20.528344,53.777564],[20.528233,53.77765],[20.528017,53.777804],[20.527132,53.778439],[20.526594,53.778825],[20.526222,53.779104],[20.525496,53.779649],[20.525193,53.779989],[20.525037,53.780246],[20.524874,53.780516],[20.524776,53.780659],[20.524576,53.781054],[20.524555,53.781102],[20.524502,53.78122],[20.524432,53.781328]]},"properties":{"name":"Sprzętowa"}},{"type":"Feature","geometry":{"type":"LineString","coordinates":[[20.507464,53.78156],[20.507432,53.781614],[20.507409,53.781653],[20.507372,53.781716],[20.507326,53.781796],[20.507302,53.781838],[20.507322,53.782647],[20.507313,53.782921],[20.507273,53.783019],[20.507228,53.783134],[20.50718,53.783237],[20.507039,53.783468],[20.506955,53.783617],[20.506855,53.783863],[20.506718,53.784298],[20.506635,53.784557],[20.506567,53.784823]]},"properties":{"name":"Składowa"}},{"type":"Feature","geometry":{"type":"LineString","coordinates":[[20.506567,53.784823],[20.506569,53.784993],[20.506562,53.78503],[20.506457,53.785157],[20.506465,53.785017],[20.506567,53.784823]]},"properties":{"name":"Składowa"}},{"type":"Feature","geometry":{"type":"LineString","coordinates":[[20.480623,53.781038],[20.480726,53.781108],[20.480766,53.781186],[20.480785,53.781224],[20.480802,53.781258],[20.480807,53.781298],[20.480801,53.781344],[20.480784,53.781387],[20.480757,53.781431],[20.480712,53.781408],[20.480673,53.781377],[20.480645,53.781346],[20.480636,53.781307],[20.480622,53.781241],[20.4806,53.781138],[20.480623,53.781038],[20.48058,53.78094],[20.480537,53.780841],[20.48051,53.780776],[20.480487,53.780706],[20.480462,53.780624],[20.480421,53.780413],[20.480412,53.780374],[20.480402,53.780332],[20.480392,53.780289],[20.480359,53.780089],[20.480304,53.779753],[20.4803,53.779727],[20.480258,53.779448],[20.480199,53.77908],[20.480173,53.778734]]},"properties":{"name":"1 Maja"}},{"type":"Feature","geometry":{"type":"LineString","coordinates":[[20.480152,53.77843],[20.480222,53.778493],[20.48023,53.778622],[20.480173,53.778734],[20.480122,53.778669],[20.480101,53.778623],[20.480093,53.778495],[20.480152,53.77843]]},"properties":{"name":"1 Maja"}},{"type":"Feature","geometry":{"type":"LineString","coordinates":[[20.478684,53.782196],[20.478323,53.7821],[20.477731,53.781908],[20.477488,53.78183],[20.476454,53.781491],[20.475731,53.781288],[20.475204,53.781154],[20.474183,53.780887],[20.473593,53.78071],[20.473458,53.780672],[20.473334,53.780638],[20.473138,53.780576],[20.472374,53.780318],[20.471989,53.780175],[20.471771,53.7801],[20.470789,53.779772],[20.469578,53.779355],[20.469515,53.779333],[20.469464,53.779315],[20.469242,53.779231],[20.468522,53.778976],[20.468231,53.778869],[20.467534,53.778611],[20.467371,53.778556],[20.467195,53.778495],[20.466918,53.778423],[20.466552,53.778339],[20.466296,53.778286],[20.466046,53.778241],[20.465666,53.778191],[20.465357,53.778158],[20.464898,53.778125],[20.464688,53.778109],[20.464335,53.778092],[20.464273,53.77809]]},"properties":{"name":"Bohaterów Bitwy Warszawskiej 1920"}},{"type":"Feature","geometry":{"type":"LineString","coordinates":[[20.464329,53.777857],[20.464561,53.777924],[20.46474,53.777955],[20.465421,53.778056],[20.466166,53.778171],[20.466655,53.778261],[20.467062,53.778356],[20.467708,53.778535],[20.469131,53.779071],[20.469333,53.779144],[20.469611,53.779243],[20.470616,53.779598],[20.472467,53.780223],[20.473236,53.780482],[20.473606,53.780608],[20.474147,53.780775],[20.474677,53.780923],[20.475915,53.781243],[20.476742,53.78149],[20.478319,53.781985],[20.478396,53.782007],[20.478751,53.782094]]},"properties":{"name":"Bohaterów Bitwy Warszawskiej 1920"}},{"type":"Feature","geometry":{"type":"LineString","coordinates":[[20.481715,53.797248],[20.48196,53.797186],[20.482101,53.797159],[20.482234,53.797198]]},"properties":{"name":"Parkowa"}},{"type":"Feature","geometry":{"type":"LineString","coordinates":[[20.478751,53.782094],[20.479034,53.782159],[20.479623,53.782272],[20.4802,53.782384],[20.480574,53.782463],[20.480773,53.782516],[20.480975,53.782597],[20.481113,53.782675],[20.481235,53.782769],[20.481323,53.782861],[20.481399,53.78298],[20.48148,53.783146],[20.48156,53.783376],[20.481581,53.783442],[20.481645,53.78362],[20.481701,53.783783],[20.481749,53.783973],[20.481845,53.7843],[20.481952,53.784606],[20.482075,53.784924],[20.482123,53.785065],[20.482141,53.785111],[20.48223,53.785361],[20.482302,53.785511],[20.482388,53.78578],[20.482384,53.785967],[20.482401,53.786155],[20.482398,53.786489],[20.482404,53.786614],[20.482404,53.786699],[20.482387,53.787143],[20.482372,53.787491],[20.48237,53.787712],[20.482361,53.788359],[20.482359,53.788492],[20.482357,53.789535],[20.482357,53.789731],[20.482356,53.789872],[20.482344,53.790598],[20.482337,53.790965],[20.482331,53.791536],[20.482318,53.791958],[20.482315,53.792122],[20.482299,53.79311],[20.482299,53.793137],[20.482296,53.793502],[20.482296,53.793581],[20.482287,53.793857],[20.482269,53.79445],[20.482265,53.794581],[20.482257,53.795149],[20.482257,53.795226],[20.482254,53.795532],[20.482248,53.795728],[20.48225,53.795787],[20.482269,53.796004],[20.482286,53.796342]]},"properties":{"name":"Aleja Wojska Polskiego"}},{"type":"Feature","geometry":{"type":"LineString","coordinates":[[20.477305,53.820246],[20.477339,53.820127],[20.477342,53.820119],[20.477482,53.819631],[20.477546,53.819405],[20.478543,53.815961],[20.478807,53.815059],[20.479147,53.813903],[20.479285,53.813418],[20.47954,53.81252],[20.479938,53.811296],[20.480108,53.810685],[20.480592,53.808923],[20.480752,53.808314],[20.480916,53.807689],[20.48102,53.806937],[20.481394,53.803932],[20.481491,53.803023],[20.481508,53.80287],[20.481604,53.802031],[20.481703,53.801227],[20.481879,53.799756],[20.482029,53.798646],[20.482047,53.798513],[20.482103,53.798097],[20.482121,53.797984],[20.482159,53.797723],[20.482213,53.797345],[20.482234,53.797198],[20.482257,53.797006]]},"properties":{"name":"Aleja Wojska Polskiego"}},{"type":"Feature","geometry":{"type":"LineString","coordinates":[[20.482384,53.785967],[20.482307,53.785869],[20.482151,53.785574],[20.482137,53.785534],[20.482081,53.78538],[20.482021,53.785217],[20.481992,53.78513],[20.481895,53.784858],[20.481798,53.784586],[20.481779,53.784533],[20.481739,53.784418],[20.48164,53.784135],[20.481606,53.78404],[20.481537,53.783842],[20.481523,53.783804],[20.481464,53.783642],[20.481403,53.783462],[20.481261,53.783096],[20.481208,53.782976],[20.481129,53.782861],[20.481019,53.782774],[20.480941,53.782718],[20.480772,53.782636],[20.480599,53.782584],[20.480407,53.782538],[20.479086,53.782283],[20.478976,53.782259],[20.478684,53.782196]]},"properties":{"name":"Aleja Wojska Polskiego"}},{"type":"Feature","geometry":{"type":"LineString","coordinates":[[20.482257,53.797006],[20.482211,53.796616],[20.482286,53.796342],[20.482343,53.796618],[20.482257,53.797006]]},"properties":{"name":"Aleja Wojska Polskiego"}},{"type":"Feature","geometry":{"type":"LineString","coordinates":[[20.482286,53.796342],[20.482432,53.796343],[20.482761,53.796172]]},"properties":{"name":"Aleja Sybiraków"}},{"type":"Feature","geometry":{"type":"LineString","coordinates":[[20.490374,53.791097],[20.4905,53.790952],[20.490579,53.790806],[20.490833,53.790436],[20.490935,53.790283],[20.491004,53.790169],[20.491051,53.790074]]},"properties":{"name":"Aleja Sybiraków"}},{"type":"Feature","geometry":{"type":"LineString","coordinates":[[20.490857,53.790097],[20.490779,53.790246],[20.490748,53.790294],[20.490631,53.79047],[20.490472,53.790728],[20.490409,53.790901],[20.490374,53.791097],[20.490353,53.791125],[20.490319,53.791176],[20.490118,53.791427],[20.489558,53.792046],[20.489425,53.792174],[20.489386,53.79221],[20.489307,53.792282],[20.489115,53.792458],[20.488841,53.792685],[20.488543,53.7929],[20.488437,53.792976],[20.488336,53.793044],[20.487592,53.793548],[20.487551,53.793575],[20.487398,53.793669],[20.487261,53.793748],[20.487227,53.793769],[20.486742,53.794075],[20.486466,53.794231],[20.486237,53.79436],[20.485898,53.794555],[20.485819,53.794596],[20.485772,53.794621],[20.485468,53.794782],[20.48541,53.794812],[20.484674,53.795192],[20.484507,53.795278],[20.484302,53.795384],[20.483711,53.79569],[20.482761,53.796172],[20.482269,53.796004]]},"properties":{"name":"Aleja Sybiraków"}},{"type":"Feature","geometry":{"type":"LineString","coordinates":[[20.463281,53.778042],[20.463072,53.777996],[20.462798,53.777939],[20.462257,53.777793],[20.462007,53.777705],[20.461786,53.777623],[20.461625,53.777555],[20.461459,53.777479],[20.460762,53.777134],[20.459847,53.776673],[20.459001,53.776266],[20.457864,53.775772],[20.456467,53.775265],[20.454545,53.77461],[20.454525,53.774603],[20.454302,53.774568],[20.454294,53.774567],[20.454216,53.774563],[20.454143,53.774565],[20.454076,53.774569],[20.453994,53.774573]]},"properties":{"name":"Aleja Roberta Schumana"}},{"type":"Feature","geometry":{"type":"LineString","coordinates":[[20.454113,53.77431],[20.454328,53.774318],[20.454462,53.774331],[20.454486,53.774334],[20.454509,53.774337],[20.454548,53.774345],[20.454584,53.774353],[20.454736,53.774395],[20.455504,53.774679],[20.458357,53.775769],[20.459141,53.77612],[20.459396,53.77624],[20.460019,53.776532],[20.460438,53.776752],[20.460945,53.77699],[20.461449,53.777184],[20.462097,53.777404],[20.462785,53.777638],[20.462835,53.777656],[20.463041,53.777717],[20.463182,53.77773],[20.463274,53.777737],[20.463348,53.777744]]},"properties":{"name":"Aleja Roberta Schumana"}},{"type":"Feature","geometry":{"type":"LineString","coordinates":[[20.453994,53.774573],[20.453792,53.774684],[20.453498,53.774805],[20.453287,53.774868],[20.453072,53.774918],[20.45275,53.774962],[20.452427,53.774977],[20.452062,53.774963],[20.451692,53.774911],[20.451396,53.774844],[20.451096,53.774732],[20.450904,53.774628],[20.450615,53.774444],[20.450156,53.773981],[20.449577,53.773266],[20.449281,53.772964],[20.448962,53.772742],[20.448688,53.77258],[20.448336,53.772426],[20.447969,53.772283],[20.447653,53.772196],[20.447166,53.772076],[20.446109,53.771867],[20.445813,53.771814],[20.445587,53.771776],[20.445243,53.771723],[20.444913,53.771666],[20.444554,53.771601],[20.44372,53.771473],[20.44342,53.771433],[20.442366,53.771268],[20.441937,53.771172],[20.44151,53.771039],[20.440432,53.770665],[20.440514,53.770573],[20.440572,53.770494],[20.440606,53.770427],[20.440587,53.770376],[20.440546,53.770349],[20.440508,53.770332],[20.440406,53.770317],[20.440216,53.770341],[20.440085,53.770336],[20.439181,53.770101],[20.438541,53.769994],[20.436641,53.76969],[20.435086,53.769423],[20.434684,53.769362],[20.434473,53.769327],[20.434141,53.769275],[20.432277,53.768985],[20.431747,53.768898],[20.431692,53.768887],[20.431396,53.768835],[20.431089,53.768774],[20.429655,53.768488],[20.429414,53.768437],[20.429185,53.76839],[20.427495,53.768042],[20.427267,53.767997],[20.425906,53.767731],[20.425653,53.767679],[20.425562,53.767662],[20.425182,53.767591],[20.424906,53.767538],[20.42458,53.767497],[20.424132,53.767469],[20.423515,53.767441],[20.422996,53.767425],[20.42279,53.767442],[20.422456,53.76754],[20.422284,53.767594],[20.422198,53.767619],[20.421797,53.767741],[20.420513,53.768121],[20.420287,53.768179],[20.419893,53.768237],[20.419531,53.768291],[20.418871,53.768389],[20.418561,53.768435],[20.418448,53.768448],[20.418142,53.768491],[20.417571,53.768559]]},"properties":{"name":"Sielska"}},{"type":"Feature","geometry":{"type":"LineString","coordinates":[[20.454113,53.77431],[20.454013,53.774389],[20.453814,53.774523],[20.453547,53.774658],[20.453222,53.774764],[20.452934,53.774826],[20.452669,53.774855],[20.452522,53.774864],[20.452286,53.774864],[20.452013,53.774847],[20.45181,53.774815],[20.451482,53.774739],[20.451197,53.774629],[20.451037,53.774554],[20.450793,53.774402],[20.45058,53.774217],[20.45029,53.773889],[20.449604,53.773065],[20.449379,53.772858],[20.449049,53.772627],[20.448688,53.772431],[20.448293,53.772274],[20.447854,53.772145],[20.447416,53.772033],[20.44683,53.771905],[20.44616,53.771773],[20.445853,53.77172],[20.445629,53.771679],[20.444949,53.771558],[20.444414,53.771476],[20.443771,53.77137],[20.443508,53.771333],[20.442408,53.77117],[20.442026,53.771087],[20.441653,53.770981],[20.441144,53.770801],[20.440514,53.770573]]},"properties":{"name":"Sielska"}},{"type":"Feature","geometry":{"type":"LineString","coordinates":[[20.418193,53.768726],[20.418205,53.768603],[20.418142,53.768491],[20.418067,53.768717]]},"properties":{"name":"Sielska"}},{"type":"Feature","geometry":{"type":"LineString","coordinates":[[20.417891,53.768943],[20.417463,53.768928],[20.416766,53.768921],[20.416127,53.768948],[20.415747,53.768973],[20.41538,53.769006],[20.415166,53.76903],[20.414741,53.769089],[20.413991,53.769213],[20.413171,53.769349],[20.411163,53.76968],[20.410854,53.769733],[20.410122,53.769857],[20.409493,53.769965],[20.408876,53.770065],[20.408533,53.770115],[20.408092,53.77016],[20.40781,53.770174]]},"properties":{"name":"Sielska"}},{"type":"Feature","geometry":{"type":"LineString","coordinates":[[20.404209,53.770319],[20.40456,53.770322],[20.404899,53.770329],[20.405277,53.770338],[20.405305,53.770339],[20.405402,53.770339],[20.405658,53.770341],[20.405917,53.770337],[20.406159,53.770325],[20.406348,53.770315],[20.40667,53.770288],[20.40781,53.770174],[20.408063,53.770102],[20.408487,53.77002],[20.4094,53.769865],[20.41007,53.76975],[20.411108,53.769576],[20.412769,53.769303],[20.413909,53.769109],[20.414717,53.768977],[20.415311,53.768904],[20.415706,53.768865],[20.416141,53.768833],[20.416743,53.768814],[20.417339,53.768817],[20.417648,53.768828],[20.417867,53.768813]]},"properties":{"name":"Sielska"}},{"type":"Feature","geometry":{"type":"LineString","coordinates":[[20.427495,53.768042],[20.427551,53.767935],[20.427742,53.767572],[20.427945,53.767155],[20.428011,53.766724],[20.428013,53.766642],[20.428004,53.766085],[20.428012,53.765823],[20.428007,53.765506],[20.428007,53.765424],[20.428013,53.765317],[20.428009,53.765093],[20.427992,53.764918],[20.427975,53.764837],[20.427946,53.76475],[20.427894,53.764614],[20.427817,53.764494],[20.427777,53.76443],[20.427697,53.764322],[20.427552,53.764174],[20.427158,53.76387],[20.426735,53.763566],[20.426624,53.763478],[20.426522,53.763372],[20.426072,53.762782],[20.425584,53.762136],[20.425405,53.761917],[20.425247,53.761716],[20.425175,53.761658],[20.425118,53.761619],[20.424938,53.761501],[20.424861,53.761477],[20.42466,53.761446],[20.424495,53.761427],[20.424329,53.761426],[20.424167,53.761441],[20.424013,53.761466],[20.423939,53.761485],[20.423892,53.761497],[20.423472,53.761608],[20.42333,53.761643],[20.423277,53.761656],[20.422692,53.7618],[20.422387,53.76186],[20.422285,53.761861],[20.422216,53.761865],[20.422074,53.761862],[20.421388,53.76178],[20.420616,53.761684],[20.420391,53.761687],[20.420267,53.761702],[20.420175,53.761713],[20.419989,53.761737],[20.419787,53.761796],[20.419475,53.761934],[20.419138,53.762164],[20.418491,53.762659],[20.41827,53.762764],[20.418004,53.762862],[20.417714,53.762925],[20.417376,53.762991],[20.417105,53.763078],[20.41684,53.763206],[20.416646,53.763368],[20.416495,53.763547],[20.416412,53.76369],[20.416321,53.763966],[20.416301,53.764295],[20.416339,53.764543],[20.416397,53.764728],[20.416448,53.76484],[20.416482,53.764912],[20.41662,53.765112],[20.417256,53.765755]]},"properties":{"name":"Kłosowa"}},{"type":"Feature","geometry":{"type":"LineString","coordinates":[[20.417256,53.765755],[20.416373,53.766121],[20.416098,53.766225]]},"properties":{"name":"Rolna"}},{"type":"Feature","geometry":{"type":"LineString","coordinates":[[20.417074,53.767629],[20.416881,53.767354],[20.416492,53.766817],[20.416098,53.766225]]},"properties":{"name":"Oliwkowa"}},{"type":"Feature","geometry":{"type":"LineString","coordinates":[[20.417074,53.767629],[20.417118,53.767712],[20.417135,53.767947],[20.417143,53.768166],[20.417571,53.768559]]},"properties":{"name":"Zbożowa"}},{"type":"Feature","geometry":{"type":"LineString","coordinates":[[20.379052,53.778221],[20.378907,53.778319],[20.378759,53.778395],[20.378613,53.778464],[20.378457,53.778532],[20.378244,53.778613],[20.377841,53.778756],[20.377037,53.779031],[20.37684,53.779099],[20.376246,53.7793],[20.375639,53.779477],[20.37544,53.779539],[20.375238,53.779612],[20.375053,53.779685],[20.374942,53.77973],[20.374855,53.77977],[20.374697,53.779858],[20.374524,53.779956],[20.374362,53.78005],[20.374241,53.780141],[20.374117,53.780239],[20.373896,53.780446],[20.373677,53.780646],[20.373572,53.780749],[20.373468,53.780857],[20.373393,53.780934],[20.373323,53.781018],[20.373258,53.781101],[20.373195,53.781193],[20.37316,53.781265],[20.37313,53.781684]]},"properties":{"name":"Perkoza"}},{"type":"Feature","geometry":{"type":"LineString","coordinates":[[20.37313,53.781684],[20.373121,53.781786],[20.37311,53.781922],[20.37309,53.782077]]},"properties":{"name":"Żurawia"}},{"type":"Feature","geometry":{"type":"LineString","coordinates":[[20.40431,53.80337],[20.40423,53.803298],[20.404144,53.803223],[20.404126,53.803209],[20.404106,53.803198],[20.404082,53.803189],[20.404046,53.803181],[20.404016,53.803178],[20.403964,53.803179],[20.403841,53.803194],[20.403743,53.803203],[20.403567,53.803217],[20.403405,53.803227],[20.403208,53.803233],[20.402923,53.803235],[20.40256,53.803235],[20.402371,53.803234],[20.402281,53.803226],[20.402199,53.803214],[20.402136,53.8032],[20.402083,53.803186],[20.402001,53.803161],[20.40192,53.803131],[20.401841,53.8031],[20.401765,53.803065],[20.401702,53.803038],[20.401587,53.802967],[20.401505,53.802913],[20.401421,53.802847],[20.401342,53.802775],[20.401276,53.802702],[20.401249,53.802667],[20.401194,53.802596],[20.401051,53.802412],[20.400982,53.802319],[20.400916,53.802217],[20.400767,53.802005],[20.400516,53.80167],[20.400431,53.80155],[20.400209,53.801298]]},"properties":{"name":"Żurawia"}},{"type":"Feature","geometry":{"type":"LineString","coordinates":[[20.417143,53.768166],[20.416859,53.768204]]},"properties":{"name":"Słonecznikowa"}},{"type":"Feature","geometry":{"type":"LineString","coordinates":[[20.419138,53.762164],[20.420269,53.762666],[20.421039,53.762778],[20.422109,53.76288],[20.422549,53.762854],[20.423017,53.76279],[20.423799,53.762588],[20.424402,53.762437],[20.425584,53.762136]]},"properties":{"name":"Dożynkowa"}},{"type":"Feature","geometry":{"type":"LineString","coordinates":[[20.523282,53.816618],[20.523132,53.816975],[20.523096,53.817112],[20.522897,53.817149],[20.520534,53.817588],[20.520487,53.817596],[20.519837,53.817718],[20.518776,53.817914],[20.518388,53.818002],[20.518062,53.81811],[20.517128,53.818525],[20.515924,53.81906],[20.515554,53.819227],[20.515015,53.819562],[20.514861,53.819657],[20.514812,53.819687],[20.514567,53.819786],[20.514391,53.819842],[20.513989,53.819971],[20.513808,53.820029],[20.513629,53.820088],[20.513425,53.820163],[20.513253,53.820226],[20.513072,53.820299],[20.512878,53.820365],[20.512634,53.820438],[20.511997,53.820572],[20.511823,53.820607],[20.511568,53.820633],[20.51135,53.820641]]},"properties":{"name":"Księdza Jakuba Jagałły"}},{"type":"Feature","geometry":{"type":"LineString","coordinates":[[20.502555,53.82164],[20.502868,53.821579],[20.503303,53.821547],[20.503955,53.821546],[20.505715,53.82157],[20.506907,53.821539],[20.507067,53.821534],[20.507633,53.821517],[20.50787,53.821502],[20.508021,53.821488],[20.508173,53.821464],[20.508319,53.821433],[20.50846,53.821392],[20.508684,53.821319],[20.508888,53.821244],[20.509751,53.820909]]},"properties":{"name":"Księdza Jakuba Jagałły"}},{"type":"Feature","geometry":{"type":"LineString","coordinates":[[20.48524,53.843447],[20.484385,53.842347],[20.483041,53.840615],[20.482495,53.839888],[20.482184,53.839507],[20.481903,53.839097],[20.481735,53.838866],[20.481634,53.838729],[20.481526,53.83858],[20.481055,53.837974],[20.480559,53.837324],[20.480317,53.837089],[20.480069,53.836975],[20.479726,53.836889],[20.479504,53.836834],[20.479203,53.836765],[20.478467,53.836575],[20.477734,53.836338],[20.477551,53.836298],[20.477391,53.836269],[20.476857,53.836181],[20.476442,53.836121],[20.475936,53.836049],[20.475769,53.836027],[20.475564,53.836],[20.475275,53.835957],[20.475166,53.835944],[20.47487,53.835908],[20.474709,53.835888]]},"properties":{"name":"Spółdzielcza"}},{"type":"Feature","geometry":{"type":"LineString","coordinates":[[20.476404,53.823036],[20.476419,53.823074],[20.476424,53.823118],[20.476423,53.823153],[20.476422,53.823169],[20.476417,53.823223],[20.476417,53.823257],[20.476436,53.823309]]},"properties":{"name":"Olsztyńska"}},{"type":"Feature","geometry":{"type":"LineString","coordinates":[[20.477198,53.82064],[20.477155,53.820802],[20.477102,53.820964],[20.477082,53.821031],[20.477074,53.82106],[20.477009,53.821279],[20.476957,53.821499],[20.476708,53.822501]]},"properties":{"name":"Olsztyńska"}},{"type":"Feature","geometry":{"type":"LineString","coordinates":[[20.476732,53.822792],[20.47672,53.822756],[20.47672,53.82272],[20.476725,53.822666],[20.476729,53.822594],[20.476725,53.822545],[20.476708,53.822501],[20.476665,53.822549],[20.476644,53.822583],[20.476613,53.822632],[20.476582,53.822683],[20.476546,53.822724],[20.476502,53.822765]]},"properties":{"name":"Olsztyńska"}},{"type":"Feature","geometry":{"type":"LineString","coordinates":[[20.476649,53.823064],[20.476605,53.823095],[20.476577,53.823132],[20.476556,53.823167],[20.476551,53.823177],[20.476524,53.823226],[20.476498,53.82326],[20.476477,53.82328],[20.476436,53.823309],[20.476235,53.823943],[20.476218,53.824002],[20.476011,53.824715],[20.475931,53.824995],[20.475478,53.826569],[20.475253,53.827262],[20.475108,53.827798],[20.474959,53.828285],[20.474953,53.828303],[20.47492,53.828412],[20.474796,53.828837],[20.474554,53.829666],[20.474087,53.831268],[20.473926,53.83178],[20.473835,53.83204],[20.473286,53.833613],[20.473254,53.833703],[20.473218,53.833786],[20.47319,53.833872],[20.473174,53.83397],[20.473191,53.83408],[20.47324,53.834157],[20.473349,53.834225],[20.473515,53.834286],[20.47356,53.834297],[20.474133,53.834447],[20.474623,53.834571],[20.474762,53.834614],[20.474876,53.834688],[20.474949,53.834758],[20.474988,53.834831],[20.475005,53.834908],[20.474998,53.83497],[20.474709,53.835888],[20.474666,53.836028],[20.474546,53.836434],[20.474384,53.837001],[20.474329,53.837191],[20.4742,53.837631],[20.474149,53.837804],[20.473775,53.839126],[20.473597,53.839716],[20.473457,53.840213],[20.473362,53.84054],[20.473138,53.841297],[20.473022,53.841641],[20.472824,53.842097],[20.472505,53.842774]]},"properties":{"name":"Olsztyńska"}},{"type":"Feature","geometry":{"type":"LineString","coordinates":[[20.642598,53.818203],[20.642465,53.818283],[20.642228,53.818371]]},"properties":{"name":"Olsztyńska"}},{"type":"Feature","geometry":{"type":"LineString","coordinates":[[20.642608,53.818089],[20.642506,53.818146],[20.642371,53.818221],[20.642228,53.818371],[20.642006,53.818443],[20.64191,53.818466],[20.641738,53.818495],[20.641533,53.818509],[20.641406,53.818512],[20.64129,53.818509],[20.641164,53.818492],[20.64067,53.818398],[20.640522,53.818371],[20.640394,53.818361],[20.640253,53.81836],[20.639909,53.818361],[20.639802,53.818373],[20.639716,53.818388],[20.639631,53.81841],[20.639554,53.818444],[20.639427,53.818514],[20.639302,53.818582],[20.639015,53.818737],[20.638902,53.818793],[20.638002,53.819243],[20.637653,53.819417],[20.637455,53.819514],[20.636764,53.819855],[20.635511,53.820483],[20.635205,53.820638],[20.634908,53.820774],[20.634646,53.820873],[20.634332,53.820975],[20.634251,53.821002],[20.634086,53.821056],[20.63383,53.821131],[20.633533,53.821208],[20.633252,53.82126],[20.63309,53.821283],[20.632945,53.821296],[20.632796,53.821296],[20.632634,53.821283],[20.632449,53.821251],[20.631865,53.821113],[20.631393,53.820991],[20.631121,53.820929],[20.630854,53.820885],[20.63064,53.820864],[20.630396,53.820853],[20.629933,53.820862],[20.629362,53.820884],[20.629074,53.820897],[20.62829,53.820949],[20.627807,53.820989],[20.627372,53.821032],[20.626753,53.821112],[20.62652,53.821123],[20.626346,53.821119],[20.626137,53.821106],[20.625917,53.82108],[20.625697,53.821052],[20.625275,53.820991],[20.624742,53.820891],[20.624378,53.820807],[20.623835,53.820669],[20.623573,53.820613],[20.623345,53.820569],[20.623082,53.820526],[20.622789,53.820492],[20.621939,53.820426],[20.62169,53.820412],[20.621465,53.820403],[20.621239,53.820402],[20.620982,53.820417],[20.620704,53.820443],[20.620151,53.820512],[20.619859,53.820548],[20.6196,53.820562],[20.619407,53.820563],[20.619193,53.820555],[20.618923,53.820526],[20.618631,53.820478],[20.618435,53.82043],[20.618226,53.820371],[20.617881,53.820248],[20.617268,53.820021],[20.615798,53.819441],[20.61499,53.819108],[20.613894,53.818663],[20.613696,53.818598],[20.613528,53.818548],[20.613351,53.818504],[20.613142,53.81846],[20.612875,53.818423],[20.612506,53.818365],[20.61226,53.818308],[20.612095,53.818252],[20.611254,53.817849],[20.611164,53.817805],[20.611085,53.81779],[20.61101,53.817792],[20.610959,53.81781],[20.61088,53.817857],[20.610827,53.817893],[20.610798,53.817912],[20.610591,53.818047],[20.610535,53.818078],[20.610457,53.818107],[20.61036,53.818123],[20.61026,53.818127],[20.610042,53.818117],[20.609755,53.818086],[20.609508,53.818045],[20.609271,53.817994],[20.609,53.817912],[20.608678,53.817771],[20.608273,53.817578],[20.608134,53.817507],[20.608005,53.817437],[20.607672,53.817242],[20.607172,53.816948],[20.606625,53.81661],[20.605749,53.816051],[20.604542,53.815266],[20.603957,53.814915],[20.603647,53.814721],[20.603326,53.814541],[20.603045,53.814405],[20.602826,53.81431],[20.602631,53.814242],[20.602538,53.814213],[20.602454,53.814189],[20.602355,53.814162],[20.602137,53.814107],[20.601554,53.813962],[20.601123,53.813858],[20.600849,53.813782],[20.600619,53.813703],[20.600468,53.813643],[20.600311,53.813564],[20.600174,53.813491],[20.600036,53.813395],[20.599529,53.813006],[20.599237,53.812788],[20.599115,53.812703],[20.599007,53.812643],[20.598886,53.812592],[20.598704,53.812531],[20.598197,53.812387],[20.597587,53.812226],[20.597267,53.812153],[20.596979,53.812093],[20.596744,53.812069],[20.596479,53.81205],[20.59613,53.812059],[20.595774,53.812077],[20.595589,53.812099],[20.594418,53.812237],[20.592948,53.812378]]},"properties":{"name":"Olsztyńska"}},{"type":"Feature","geometry":{"type":"LineString","coordinates":[[20.674517,53.826311],[20.673646,53.826203],[20.673397,53.826199],[20.673178,53.826228],[20.6731,53.826241],[20.673039,53.826264]]},"properties":{"name":"Olsztyńska"}},{"type":"Feature","geometry":{"type":"LineString","coordinates":[[20.672438,53.826624],[20.672532,53.826554]]},"properties":{"name":"Olsztyńska"}},{"type":"Feature","geometry":{"type":"LineString","coordinates":[[20.672532,53.826554],[20.672774,53.826362],[20.673039,53.826264],[20.672848,53.826415],[20.672532,53.826554]]},"properties":{"name":"Olsztyńska"}},{"type":"Feature","geometry":{"type":"LineString","coordinates":[[20.476808,53.822847],[20.476889,53.822869],[20.477011,53.822879],[20.477096,53.822875],[20.477324,53.822846]]},"properties":{"name":"Wadąska"}},{"type":"Feature","geometry":{"type":"LineString","coordinates":[[20.502555,53.82164],[20.50118,53.822006],[20.499526,53.822418],[20.499206,53.822463],[20.498838,53.822491],[20.497815,53.82242],[20.496628,53.822312],[20.495348,53.822193],[20.494808,53.822167],[20.494622,53.822164],[20.494015,53.8222],[20.49205,53.822336],[20.491804,53.822354],[20.490833,53.82249],[20.490003,53.822624],[20.488824,53.822717],[20.487306,53.822713],[20.484897,53.82304],[20.484073,53.823112],[20.483397,53.823103],[20.481754,53.822809],[20.481605,53.822787],[20.480877,53.822679],[20.479943,53.822542],[20.479635,53.822509],[20.478989,53.822446],[20.478917,53.822442],[20.478773,53.822433],[20.478488,53.82245],[20.478353,53.822473],[20.478224,53.822501],[20.477998,53.822572],[20.477805,53.822646],[20.477491,53.822781],[20.477324,53.822846],[20.47726,53.822886],[20.477147,53.822927],[20.477034,53.822956],[20.477004,53.82296],[20.476903,53.822973],[20.476805,53.822986]]},"properties":{"name":"Wadąska"}},{"type":"Feature","geometry":{"type":"LineString","coordinates":[[20.509751,53.820909],[20.50992,53.821065],[20.510005,53.821189],[20.511204,53.820964],[20.511288,53.820948],[20.511402,53.820926],[20.511355,53.820685],[20.51135,53.820641]]},"properties":{"name":"Edyty Stein"}},{"type":"Feature","geometry":{"type":"LineString","coordinates":[[20.490566,53.781579],[20.490642,53.781579],[20.490802,53.781536],[20.491216,53.781418],[20.491878,53.781231],[20.49194,53.781212],[20.492006,53.781187],[20.492069,53.781159]]},"properties":{"name":"plac Kazimierza Pułaskiego"}},{"type":"Feature","geometry":{"type":"LineString","coordinates":[[20.509316,53.770629],[20.509385,53.770717],[20.509403,53.770742],[20.50943,53.770776],[20.509528,53.770908],[20.509737,53.771186],[20.509889,53.771392],[20.509978,53.771513],[20.510154,53.771751],[20.510589,53.772353],[20.51069,53.772506],[20.510986,53.773],[20.511136,53.773273],[20.51115,53.7733],[20.511242,53.773476],[20.511332,53.773697],[20.511675,53.774506],[20.511962,53.775184],[20.512016,53.775312],[20.512049,53.775391],[20.512209,53.775822],[20.512264,53.77603],[20.512319,53.77644]]},"properties":{"name":"Władysława Leonharda"}},{"type":"Feature","geometry":{"type":"LineString","coordinates":[[20.512466,53.778178],[20.512555,53.778433],[20.512561,53.778687],[20.512569,53.779003],[20.512569,53.77902],[20.512569,53.77906],[20.512573,53.779209],[20.512575,53.779349],[20.512585,53.779878],[20.512588,53.780068],[20.512603,53.780716],[20.512613,53.781251],[20.512606,53.781372],[20.5126,53.781429],[20.512545,53.781539],[20.512547,53.781687]]},"properties":{"name":"Władysława Leonharda"}},{"type":"Feature","geometry":{"type":"LineString","coordinates":[[20.509139,53.770701],[20.509217,53.770794],[20.509245,53.770827],[20.509279,53.770868],[20.509334,53.770931],[20.509594,53.771213],[20.509705,53.771332],[20.509785,53.771423],[20.510005,53.771697],[20.510071,53.771777],[20.510563,53.772474],[20.510695,53.772706],[20.510726,53.772754],[20.510946,53.773268],[20.510961,53.773302],[20.510975,53.773332],[20.511056,53.773507],[20.511097,53.773596],[20.511164,53.773768],[20.511231,53.773928],[20.511286,53.774043],[20.511337,53.77417],[20.511426,53.774374],[20.511618,53.774815],[20.511786,53.775209],[20.511838,53.775324],[20.511868,53.775391],[20.512111,53.776047],[20.512319,53.77644],[20.512358,53.776615],[20.512429,53.777067],[20.512452,53.777864],[20.512466,53.778178],[20.512378,53.778361],[20.512372,53.778648],[20.512386,53.779061],[20.51239,53.779214],[20.512393,53.779351],[20.512394,53.779401],[20.512402,53.779775],[20.512404,53.779906],[20.512407,53.780075],[20.51241,53.78019],[20.512413,53.780333],[20.512428,53.781042],[20.512444,53.781295],[20.512199,53.781396],[20.512129,53.781426],[20.51187,53.781538]]},"properties":{"name":"Władysława Leonharda"}},{"type":"Feature","geometry":{"type":"LineString","coordinates":[[20.512573,53.779209],[20.51239,53.779214],[20.512267,53.779216],[20.512163,53.779216],[20.511655,53.779215],[20.510807,53.779223],[20.510591,53.779229],[20.5101,53.779247],[20.5094,53.779282],[20.508821,53.779313],[20.50834,53.779345],[20.507527,53.779404],[20.506723,53.779466],[20.506428,53.779487],[20.506255,53.7795],[20.505856,53.779516],[20.50537,53.779521],[20.505203,53.779516],[20.504581,53.779486],[20.504032,53.779437],[20.503106,53.779306],[20.503038,53.779296],[20.502795,53.779263],[20.502254,53.779175],[20.502036,53.77914],[20.501588,53.779071],[20.501485,53.779055],[20.501421,53.779046],[20.501183,53.779012],[20.501067,53.778995],[20.501029,53.778989],[20.50054,53.778915],[20.500276,53.778873],[20.499905,53.778832],[20.499462,53.778801],[20.498875,53.778771],[20.498369,53.778765],[20.498335,53.778765],[20.497727,53.778747],[20.497598,53.778745],[20.497369,53.778739],[20.497207,53.778735],[20.49625,53.77871],[20.49575,53.778696],[20.49548,53.778688],[20.49523,53.77868],[20.494673,53.778672],[20.494528,53.778673],[20.494369,53.778679],[20.494021,53.778694],[20.493881,53.778702],[20.493682,53.778717],[20.493557,53.778726],[20.492858,53.778781],[20.492428,53.778824],[20.492,53.778887],[20.491775,53.778936],[20.491637,53.778971],[20.491525,53.779003],[20.491036,53.779144],[20.490349,53.779334],[20.490275,53.779354],[20.490167,53.779384],[20.490123,53.779396],[20.490075,53.779409],[20.490029,53.779422]]},"properties":{"name":"Kołobrzeska"}},{"type":"Feature","geometry":{"type":"LineString","coordinates":[[20.488413,53.778675],[20.488724,53.778591],[20.488803,53.778569],[20.489056,53.778497],[20.489118,53.778479],[20.489239,53.778446],[20.489283,53.778434],[20.489325,53.778423],[20.489376,53.778409],[20.489451,53.778388],[20.489479,53.778381],[20.489573,53.778354],[20.489938,53.778253],[20.490158,53.778192],[20.490704,53.77804],[20.490842,53.778002]]},"properties":{"name":"Adama Mickiewicza"}},{"type":"Feature","geometry":{"type":"LineString","coordinates":[[20.477305,53.820246],[20.477198,53.82064]]},"properties":{"name":"51"}},{"type":"Feature","geometry":{"type":"LineString","coordinates":[[20.461702,53.860693],[20.461575,53.86097],[20.461367,53.861315],[20.461253,53.861477],[20.461127,53.861573],[20.460873,53.861697],[20.459861,53.862067],[20.457917,53.862723],[20.456924,53.863058],[20.455851,53.863396],[20.454884,53.863661],[20.453323,53.86409],[20.452981,53.864194],[20.452929,53.86421],[20.450635,53.865102],[20.449414,53.865591],[20.448697,53.865882],[20.448323,53.866064],[20.448036,53.86624],[20.447841,53.866452],[20.447639,53.866817],[20.447087,53.867991],[20.446749,53.868681],[20.446427,53.869228],[20.446223,53.869576],[20.446035,53.869946],[20.445788,53.870621],[20.445681,53.871097],[20.44551,53.872043],[20.445386,53.87266],[20.444974,53.8746],[20.444566,53.876968],[20.444464,53.877478],[20.444125,53.878508],[20.44376,53.879229],[20.443278,53.879994],[20.442637,53.880747],[20.442093,53.881305],[20.441457,53.881827]]},"properties":{"name":"51"}},{"type":"Feature","geometry":{"type":"LineString","coordinates":[[20.438759,53.884178],[20.439824,53.883282],[20.440416,53.882788],[20.441278,53.882022],[20.441457,53.881827],[20.441192,53.881999],[20.440604,53.882466],[20.439981,53.882995],[20.439284,53.883579],[20.438626,53.884122]]},"properties":{"name":"51"}},{"type":"Feature","geometry":{"type":"LineString","coordinates":[[20.472505,53.842774],[20.472144,53.843552],[20.471897,53.844083],[20.471635,53.844636],[20.471339,53.845277],[20.471284,53.845397],[20.470717,53.846592],[20.470354,53.847348],[20.469998,53.848075],[20.469598,53.848906],[20.46942,53.849231],[20.469148,53.849636],[20.468938,53.849893],[20.468775,53.850091],[20.468348,53.850557],[20.468001,53.850942],[20.467881,53.851075],[20.467678,53.851301],[20.467114,53.851932],[20.466935,53.852157],[20.466792,53.85244],[20.466766,53.852517],[20.466611,53.852992],[20.466533,53.853229],[20.466439,53.853413],[20.466317,53.853569],[20.466162,53.853725],[20.465978,53.853875],[20.465496,53.854268],[20.465274,53.854515],[20.465147,53.85477],[20.464926,53.855311],[20.464758,53.855741],[20.464623,53.856057],[20.464529,53.856203],[20.464416,53.856331],[20.464227,53.856497],[20.463904,53.856794],[20.463511,53.857279],[20.463143,53.857757],[20.462832,53.858161],[20.46237,53.858926],[20.462113,53.859381],[20.462023,53.859676],[20.461989,53.859985],[20.461932,53.860176],[20.461829,53.860415],[20.461702,53.860693]]},"properties":{"name":"Dywicka"}},{"type":"Feature","geometry":{"type":"LineString","coordinates":[[20.509139,53.770701],[20.50909,53.770643],[20.509073,53.770623],[20.509011,53.770551],[20.508867,53.770379],[20.508839,53.770346],[20.508598,53.770058],[20.508431,53.769865],[20.508351,53.769767],[20.508288,53.769686],[20.508233,53.769613],[20.508148,53.769512],[20.50807,53.769426],[20.507997,53.769344],[20.507891,53.769234],[20.507771,53.769119],[20.507633,53.76899],[20.507101,53.768492],[20.506978,53.76838],[20.506836,53.768257],[20.506723,53.768167],[20.506626,53.768092],[20.506422,53.767934],[20.506298,53.767839],[20.505519,53.767237],[20.505412,53.767148],[20.505336,53.767078],[20.505213,53.766968],[20.505113,53.766877],[20.505011,53.766789],[20.504938,53.766729],[20.504793,53.766623],[20.504607,53.766489],[20.504385,53.766325],[20.504337,53.766291],[20.504302,53.766265],[20.504204,53.766193],[20.50412,53.76613],[20.504013,53.766047],[20.503855,53.765928],[20.503819,53.765902],[20.5038,53.765888],[20.503442,53.765627],[20.50332,53.765538],[20.503246,53.765481],[20.503171,53.765419],[20.503087,53.765347],[20.503005,53.765274],[20.502943,53.765218],[20.502814,53.765108],[20.502703,53.765006],[20.502622,53.764926],[20.50253,53.764831],[20.502454,53.764749],[20.501965,53.764177],[20.501863,53.764058],[20.501624,53.763793],[20.501591,53.763757],[20.501555,53.763722],[20.501519,53.763686],[20.501486,53.763651],[20.501284,53.763428],[20.501246,53.763387],[20.501207,53.763348],[20.501178,53.763321],[20.50116,53.763304],[20.501146,53.763291],[20.50107,53.763218],[20.500895,53.763052],[20.500852,53.763011],[20.500815,53.762971]]},"properties":{"name":"Kardynała Stefana Wyszyńskiego"}},{"type":"Feature","geometry":{"type":"LineString","coordinates":[[20.501234,53.762845],[20.50127,53.762885],[20.50131,53.762936],[20.501343,53.762982],[20.501378,53.763038],[20.501401,53.763079],[20.501422,53.763121],[20.501439,53.763161],[20.501453,53.763194],[20.501468,53.763228],[20.501508,53.763325],[20.501548,53.763413],[20.501588,53.763495],[20.501644,53.763592],[20.501697,53.763675],[20.501758,53.763762],[20.501822,53.763845],[20.501843,53.763871],[20.501984,53.764046],[20.502428,53.764571],[20.502711,53.764894],[20.502789,53.764968],[20.502837,53.76501],[20.502892,53.765052],[20.503067,53.76518],[20.50396,53.765834],[20.503996,53.765861],[20.504144,53.765984],[20.504251,53.766082],[20.504327,53.766148],[20.504409,53.766214],[20.504444,53.76624],[20.50481,53.766509],[20.504939,53.766603],[20.505021,53.766665],[20.505119,53.766748],[20.505193,53.766817],[20.505277,53.766902],[20.505381,53.767005],[20.505446,53.76707],[20.505521,53.767133],[20.505592,53.76719],[20.506499,53.76789],[20.50671,53.768053],[20.506812,53.768133],[20.506917,53.768215],[20.507053,53.768327],[20.507161,53.768419],[20.507364,53.768591],[20.507594,53.768802],[20.507898,53.769086],[20.508007,53.769196],[20.508106,53.7693],[20.508204,53.769406],[20.508419,53.769631],[20.508546,53.76977],[20.508988,53.770255],[20.509024,53.770295],[20.509055,53.770329],[20.509136,53.770418],[20.509211,53.770502],[20.50927,53.770573],[20.509316,53.770629]]},"properties":{"name":"Kardynała Stefana Wyszyńskiego"}},{"type":"Feature","geometry":{"type":"LineString","coordinates":[[20.499442,53.753392],[20.499415,53.753737],[20.499414,53.753832]]},"properties":{"name":"Franciszka Barcza"}},{"type":"Feature","geometry":{"type":"LineString","coordinates":[[20.486102,53.752729],[20.486335,53.752728],[20.486529,53.752732],[20.48658,53.752733],[20.487064,53.752767],[20.48753,53.752826],[20.487824,53.752897],[20.488105,53.752964],[20.488498,53.75308],[20.488729,53.75314],[20.488959,53.753193],[20.489211,53.753244],[20.489419,53.75328],[20.489578,53.753304],[20.489739,53.753323],[20.489958,53.753345],[20.490186,53.753363],[20.490392,53.753374],[20.490595,53.753377],[20.490817,53.753378],[20.49196,53.753386],[20.492945,53.753389],[20.493154,53.753389],[20.493346,53.753391],[20.493638,53.753394],[20.493966,53.753395],[20.494499,53.753402],[20.494734,53.753415],[20.494937,53.753436],[20.495069,53.753456],[20.495209,53.753484],[20.49533,53.753511],[20.495634,53.75359],[20.495893,53.753659],[20.496178,53.753732],[20.49633,53.753764],[20.496419,53.753781],[20.496578,53.753804],[20.496749,53.753819],[20.496915,53.753827],[20.497031,53.753831],[20.497211,53.753835],[20.497495,53.753834],[20.498445,53.753834],[20.499176,53.753834],[20.499414,53.753832],[20.500512,53.753831],[20.500759,53.753831],[20.50094,53.753831],[20.501517,53.753831],[20.501735,53.753822],[20.501805,53.753815],[20.501898,53.753803],[20.502003,53.753785],[20.502099,53.753765],[20.502185,53.753743],[20.502368,53.75369],[20.502419,53.753674],[20.502473,53.753655],[20.502505,53.753641],[20.502533,53.753627],[20.502574,53.753602],[20.502605,53.753579],[20.502635,53.753553],[20.502663,53.753519],[20.502707,53.753428]]},"properties":{"name":"Melchiora Wańkowicza"}},{"type":"Feature","geometry":{"type":"LineString","coordinates":[[20.487824,53.752897],[20.487482,53.752866],[20.487128,53.75283],[20.486929,53.752825],[20.486651,53.752831],[20.486575,53.752832],[20.486525,53.752833],[20.48633,53.752834]]},"properties":{"name":"Melchiora Wańkowicza"}},{"type":"Feature","geometry":{"type":"LineString","coordinates":[[20.503,53.753588],[20.502807,53.753633],[20.502737,53.753683],[20.502676,53.753712],[20.502603,53.753733],[20.502538,53.753748],[20.502474,53.75376],[20.502419,53.753767],[20.502081,53.753821],[20.501976,53.753833],[20.501875,53.753842],[20.501778,53.753847],[20.501517,53.753831]]},"properties":{"name":"Melchiora Wańkowicza"}},{"type":"Feature","geometry":{"type":"LineString","coordinates":[[20.486288,53.740037],[20.486282,53.740147],[20.486274,53.740292],[20.486273,53.740324],[20.48627,53.74037],[20.486249,53.74112],[20.48624,53.741413],[20.486234,53.741729],[20.486255,53.742717],[20.486255,53.742724],[20.486277,53.743054],[20.486281,53.743107],[20.486318,53.743587],[20.486323,53.743672],[20.486358,53.743926],[20.486452,53.744368],[20.486577,53.744937],[20.486644,53.745274],[20.486697,53.745598],[20.486739,53.745923],[20.486755,53.746047],[20.486843,53.746502],[20.486893,53.746754],[20.486933,53.746934],[20.486939,53.746966],[20.486962,53.747092],[20.486984,53.747234],[20.487021,53.747496],[20.487031,53.747633],[20.487033,53.747691],[20.487033,53.747814],[20.48701,53.748052],[20.48699,53.74818],[20.486957,53.748308],[20.486925,53.748392],[20.486882,53.748491],[20.486781,53.748704],[20.486688,53.748881],[20.486457,53.749334],[20.486382,53.749535],[20.486326,53.749711],[20.486313,53.749759],[20.486292,53.749839],[20.486253,53.750007],[20.486247,53.750031],[20.48624,53.750062],[20.486233,53.7501],[20.486218,53.750168],[20.486194,53.750301],[20.486178,53.750548],[20.486162,53.750797],[20.486143,53.751034],[20.486131,53.751512],[20.486116,53.751661],[20.486116,53.751778],[20.486108,53.752113],[20.486105,53.752452],[20.486104,53.752515],[20.486104,53.752545],[20.486102,53.752729],[20.486097,53.752834],[20.486096,53.753019],[20.486096,53.753051],[20.486096,53.753088],[20.486099,53.753253],[20.486097,53.753576],[20.486091,53.753952],[20.486102,53.754417],[20.486124,53.754674],[20.486133,53.754784],[20.486159,53.7551],[20.486204,53.755428],[20.486207,53.755461],[20.486238,53.75567],[20.486263,53.755784],[20.486287,53.755932],[20.486292,53.755959],[20.486299,53.755995],[20.486316,53.756107],[20.486375,53.756618],[20.486403,53.756867],[20.486444,53.757145],[20.486492,53.75749],[20.486496,53.757523],[20.486499,53.757545],[20.48651,53.757611],[20.486516,53.757652],[20.486522,53.7577],[20.486538,53.757827],[20.486552,53.757935],[20.486571,53.758172],[20.486589,53.758399],[20.486609,53.758674],[20.486622,53.759074],[20.486623,53.759105],[20.486626,53.75914],[20.486624,53.759226],[20.486616,53.759579],[20.486631,53.760102],[20.486688,53.760643],[20.486778,53.761236],[20.486809,53.761518],[20.48683,53.761733],[20.486826,53.761909],[20.486787,53.76207],[20.486725,53.762228],[20.486716,53.762251],[20.486665,53.762396],[20.486554,53.762649],[20.486367,53.763074],[20.48608,53.763803],[20.48601,53.763974],[20.485959,53.764169],[20.485944,53.764324],[20.485944,53.76439],[20.485967,53.764548],[20.486003,53.764681],[20.486026,53.764766],[20.486097,53.764934],[20.486185,53.765094],[20.486324,53.765284],[20.486436,53.765413],[20.486876,53.765798]]},"properties":{"name":"Aleja Generała Władysława Sikorskiego"}},{"type":"Feature","geometry":{"type":"LineString","coordinates":[[20.487875,53.766248],[20.487681,53.766125],[20.487617,53.766086],[20.487018,53.76569],[20.48667,53.765405],[20.486542,53.765283],[20.486417,53.765145],[20.486352,53.76506],[20.486284,53.764958],[20.48619,53.764764],[20.486126,53.764544],[20.486104,53.764325],[20.486101,53.764279],[20.486108,53.764188],[20.486172,53.763964],[20.486259,53.763718],[20.486354,53.763461],[20.486514,53.763093],[20.486831,53.762416],[20.486886,53.762272],[20.486894,53.762252],[20.486903,53.762213],[20.487002,53.761784],[20.48702,53.761647],[20.487034,53.761442],[20.486921,53.760676],[20.48688,53.760162],[20.486871,53.759828],[20.486868,53.759525],[20.486874,53.759327],[20.486871,53.759224],[20.486871,53.759104],[20.486871,53.759073],[20.48687,53.759031],[20.486866,53.758675],[20.486859,53.758557],[20.486841,53.758257],[20.486803,53.757927],[20.48678,53.757735],[20.486767,53.757633],[20.486753,53.757531],[20.48675,53.757511],[20.486746,53.757478],[20.48674,53.757438],[20.486694,53.757098],[20.48664,53.756724],[20.486556,53.756142],[20.486532,53.755949],[20.486527,53.755923],[20.486505,53.755785],[20.486495,53.75567],[20.486468,53.755472],[20.486465,53.755451],[20.48646,53.755417],[20.486454,53.75538],[20.486414,53.755111],[20.486359,53.754678],[20.486339,53.754361],[20.486339,53.754049],[20.48634,53.753505],[20.48633,53.753226],[20.48633,53.753113],[20.48633,53.753052],[20.48633,53.75302],[20.48633,53.752834],[20.486335,53.752728],[20.486333,53.752625],[20.48633,53.752546],[20.486329,53.752516],[20.486328,53.752472],[20.486318,53.752205],[20.486342,53.751852],[20.48637,53.751512],[20.486386,53.751024],[20.486388,53.750771],[20.486385,53.750535],[20.486409,53.750325],[20.486444,53.750106],[20.486451,53.750078],[20.486459,53.750047],[20.486502,53.749865],[20.486503,53.749856],[20.486526,53.749778],[20.486534,53.749747],[20.486577,53.749605],[20.486582,53.749591],[20.486594,53.749557],[20.486648,53.749412],[20.486718,53.749262],[20.486918,53.748921],[20.487007,53.748768],[20.487061,53.748659],[20.487124,53.748521],[20.487168,53.748402],[20.487197,53.748303],[20.487251,53.748088],[20.487275,53.747902],[20.487291,53.747752],[20.487285,53.747587],[20.487229,53.747255],[20.487195,53.747071],[20.487166,53.746948],[20.487158,53.746915],[20.487148,53.746869],[20.486995,53.746186],[20.486877,53.745658],[20.486679,53.744761],[20.486588,53.744332],[20.486512,53.743909],[20.486485,53.743649],[20.486437,53.743053],[20.486433,53.742999],[20.486434,53.74271],[20.486452,53.742411],[20.486463,53.742063],[20.486478,53.741732],[20.486547,53.740736],[20.486558,53.740324],[20.486558,53.740293],[20.486563,53.740146],[20.486564,53.740036]]},"properties":{"name":"Aleja Generała Władysława Sikorskiego"}},{"type":"Feature","geometry":{"type":"LineString","coordinates":[[20.486495,53.75567],[20.486707,53.755672],[20.486754,53.755673],[20.487717,53.755714],[20.48811,53.755724],[20.488441,53.755732],[20.489003,53.755749],[20.489514,53.755782],[20.489989,53.755851],[20.490392,53.755932],[20.490716,53.756029],[20.490978,53.756125],[20.491127,53.756182],[20.491181,53.756204],[20.491323,53.756266],[20.491501,53.756347],[20.491881,53.756491],[20.492177,53.756586],[20.492571,53.756678],[20.492983,53.756747],[20.493387,53.756784],[20.495182,53.756852],[20.495803,53.756923],[20.496355,53.757025],[20.496852,53.757163],[20.497295,53.757315],[20.497705,53.757497],[20.498027,53.757671],[20.498335,53.757852],[20.498787,53.758182],[20.498831,53.758214],[20.498864,53.758236],[20.499025,53.75835],[20.4991,53.758398],[20.49927,53.75851],[20.499419,53.758623],[20.499499,53.758688],[20.49957,53.758753],[20.499648,53.758826],[20.499722,53.758905],[20.499798,53.758993],[20.499836,53.759044],[20.499882,53.759108],[20.499924,53.75917],[20.499967,53.759245],[20.500045,53.759397],[20.500112,53.759588],[20.500137,53.759681],[20.500156,53.759774],[20.500169,53.759869],[20.500174,53.759967],[20.500171,53.760078],[20.500161,53.760183],[20.500144,53.760289],[20.500119,53.760392],[20.500077,53.760552],[20.500056,53.760631],[20.500042,53.760709],[20.50003,53.760819],[20.500025,53.76093],[20.500037,53.761107],[20.500053,53.761198],[20.500063,53.761244],[20.500091,53.761345],[20.500128,53.761448],[20.500163,53.761528],[20.500205,53.761611],[20.500249,53.761688],[20.500305,53.761775],[20.500369,53.761862],[20.500679,53.762265],[20.500715,53.762312],[20.500774,53.762384],[20.500819,53.762437],[20.500877,53.762501],[20.500935,53.76256],[20.501001,53.762626],[20.501046,53.762666],[20.501081,53.762698],[20.501106,53.76272],[20.50115,53.76276],[20.501187,53.762796],[20.501234,53.762845]]},"properties":{"name":"Synów Pułku"}},{"type":"Feature","geometry":{"type":"LineString","coordinates":[[20.500815,53.762971],[20.500683,53.762825],[20.500653,53.762792],[20.500504,53.762627],[20.500447,53.762561],[20.500396,53.762499],[20.500326,53.762405],[20.50028,53.76234],[20.500233,53.762264],[20.500187,53.762186],[20.500144,53.762103],[20.500104,53.762014],[20.500067,53.761922],[20.500037,53.761829],[20.500012,53.761735],[20.499993,53.761649],[20.499968,53.761522],[20.499908,53.76119],[20.499899,53.761127],[20.499892,53.761062],[20.499888,53.760986],[20.499889,53.76091],[20.499895,53.760837],[20.499906,53.760764],[20.499921,53.760698],[20.500005,53.760346],[20.500016,53.760292],[20.500028,53.760215],[20.500039,53.760112],[20.50004,53.760025],[20.500036,53.759946],[20.50003,53.759881],[20.500016,53.759795],[20.499992,53.759696],[20.499965,53.759608],[20.499926,53.759509],[20.499891,53.759434],[20.499846,53.75935],[20.499781,53.759246],[20.499735,53.759181],[20.499686,53.759117],[20.499639,53.759059],[20.499578,53.758993],[20.499509,53.758922],[20.499418,53.758837],[20.499285,53.758728],[20.499016,53.758514],[20.498897,53.758416],[20.498744,53.758297],[20.498713,53.758275],[20.498186,53.757916],[20.497609,53.757604],[20.497159,53.757404],[20.49673,53.757256],[20.496295,53.757135],[20.495751,53.757034],[20.495231,53.756973],[20.494639,53.756942],[20.493879,53.75692],[20.493334,53.756892],[20.492992,53.756863],[20.492624,53.756804],[20.49224,53.756716],[20.491817,53.756593],[20.491279,53.756391],[20.491063,53.756304],[20.491011,53.756284],[20.490539,53.756112],[20.490231,53.756027],[20.489933,53.755963],[20.489545,53.755906],[20.489214,53.755869],[20.488413,53.755843],[20.486828,53.755793],[20.486742,53.75579],[20.486696,53.755789],[20.486505,53.755785]]},"properties":{"name":"Synów Pułku"}},{"type":"Feature","geometry":{"type":"LineString","coordinates":[[20.486505,53.755785],[20.486263,53.755784],[20.486064,53.755783],[20.48602,53.755783],[20.486004,53.755783],[20.485936,53.755782],[20.485799,53.755781],[20.485746,53.755781],[20.485464,53.755781],[20.484958,53.755777],[20.48467,53.75577],[20.484431,53.755756],[20.484204,53.755735],[20.483987,53.755703],[20.483767,53.755665],[20.483545,53.755618],[20.483298,53.755557],[20.483063,53.755488],[20.482828,53.75541],[20.4825,53.75528],[20.482124,53.755127],[20.481881,53.755032],[20.481757,53.754986],[20.481665,53.754952],[20.481632,53.75494],[20.481618,53.754936],[20.481596,53.75493],[20.481578,53.754925],[20.481517,53.754909],[20.481507,53.754906],[20.481502,53.754905],[20.481414,53.75488],[20.481381,53.75487],[20.481123,53.754798],[20.480597,53.754713],[20.479937,53.754616],[20.479098,53.754537],[20.478385,53.754507],[20.477768,53.754493],[20.476838,53.754493],[20.476773,53.754493],[20.476568,53.754501],[20.476426,53.754509],[20.476206,53.754533],[20.476024,53.754561],[20.475767,53.754609],[20.475513,53.754674],[20.475318,53.754733],[20.475039,53.754817],[20.474566,53.754969],[20.473447,53.755342],[20.472945,53.755501],[20.472619,53.755589],[20.472303,53.755667],[20.471988,53.755732],[20.471495,53.755808],[20.47012,53.755974],[20.468469,53.756159],[20.468452,53.756162],[20.468373,53.756174],[20.468233,53.756196],[20.468208,53.756201],[20.468065,53.756226],[20.468014,53.756235],[20.467883,53.756259],[20.467804,53.756273],[20.467538,53.756323],[20.467168,53.756404],[20.467046,53.756439],[20.46657,53.756574],[20.466242,53.756683],[20.465797,53.756852],[20.464633,53.757351],[20.464224,53.757532],[20.463797,53.757701],[20.463569,53.757784],[20.463289,53.757874],[20.462954,53.757953],[20.462658,53.758012],[20.462279,53.758061],[20.461854,53.758112],[20.4618,53.758118]]},"properties":{"name":"Juliana Tuwima"}},{"type":"Feature","geometry":{"type":"LineString","coordinates":[[20.486238,53.75567],[20.48605,53.755669],[20.485985,53.755668],[20.485924,53.755668],[20.485798,53.755667],[20.48575,53.755666],[20.485667,53.755666],[20.485464,53.755666],[20.485061,53.755664],[20.484685,53.75565],[20.484411,53.755633],[20.48396,53.755573],[20.483218,53.755409],[20.482996,53.755331],[20.482662,53.755205],[20.482121,53.755001],[20.481998,53.754952],[20.481772,53.754866],[20.481502,53.754787],[20.481295,53.754727],[20.481074,53.754688],[20.480578,53.754597],[20.480141,53.75453],[20.47962,53.754472],[20.479036,53.754428],[20.478781,53.754418],[20.478475,53.754406],[20.47769,53.754391],[20.476919,53.754391],[20.476825,53.754393],[20.476766,53.754394],[20.47673,53.754395],[20.476649,53.754397],[20.476524,53.754402],[20.476378,53.754413],[20.476163,53.754433],[20.476093,53.754442],[20.47574,53.754505],[20.475443,53.754575],[20.474533,53.754878],[20.474371,53.754926],[20.473934,53.755054],[20.473229,53.755285],[20.472864,53.7554],[20.472515,53.755503],[20.472246,53.755564],[20.471966,53.755618],[20.47145,53.7557],[20.470998,53.755753],[20.470127,53.75586],[20.469286,53.755947],[20.468525,53.756036],[20.468327,53.756059],[20.468184,53.756075],[20.468154,53.756079],[20.468014,53.756097],[20.467965,53.756103],[20.467817,53.756123],[20.467738,53.756137],[20.46751,53.756179],[20.467401,53.756203],[20.467333,53.756218],[20.467101,53.756275],[20.466802,53.756354],[20.466531,53.756438],[20.466038,53.756622],[20.465697,53.756766],[20.464525,53.75726],[20.464087,53.75744],[20.463648,53.757612],[20.463353,53.757707],[20.463059,53.757792],[20.462406,53.757931],[20.461825,53.758021],[20.461777,53.758027]]},"properties":{"name":"Juliana Tuwima"}},{"type":"Feature","geometry":{"type":"LineString","coordinates":[[20.461405,53.758163],[20.461587,53.758137],[20.4618,53.758118],[20.461621,53.758243]]},"properties":{"name":"Juliana Tuwima"}},{"type":"Feature","geometry":{"type":"LineString","coordinates":[[20.46154,53.757963],[20.461777,53.758027],[20.461563,53.758059],[20.46138,53.758085]]},"properties":{"name":"Juliana Tuwima"}},{"type":"Feature","geometry":{"type":"LineString","coordinates":[[20.465461,53.766686],[20.465089,53.766813],[20.465041,53.766831],[20.464518,53.767017],[20.463477,53.767382],[20.461071,53.768223],[20.460744,53.768337],[20.460381,53.768476],[20.459957,53.768657],[20.459797,53.768735],[20.459717,53.768774],[20.459642,53.768815],[20.459421,53.768944],[20.459266,53.769048],[20.459195,53.769101],[20.459124,53.769156],[20.459024,53.769239],[20.458929,53.769324],[20.458839,53.769411],[20.458751,53.769501],[20.45836,53.769923],[20.458311,53.769972],[20.457472,53.770897],[20.456961,53.771456],[20.456502,53.771964],[20.456466,53.772006],[20.456321,53.77217],[20.4562,53.77231],[20.455439,53.773145],[20.454614,53.774058],[20.45446,53.774195],[20.454423,53.774229],[20.454328,53.774318],[20.454216,53.774411],[20.453994,53.774573]]},"properties":{"name":"Armii Krajowej"}},{"type":"Feature","geometry":{"type":"LineString","coordinates":[[20.454113,53.77431],[20.454245,53.774171],[20.455005,53.773367],[20.455713,53.7726],[20.456,53.772297],[20.456035,53.772258],[20.456143,53.772129],[20.456294,53.771951],[20.456753,53.771449],[20.458129,53.769941],[20.458483,53.769558],[20.458959,53.769099],[20.459268,53.768879],[20.459447,53.768765],[20.459571,53.7687],[20.459681,53.768645],[20.459791,53.768596],[20.460143,53.76845],[20.460368,53.768362],[20.46251,53.767632],[20.462787,53.767521],[20.464872,53.766749],[20.464929,53.766728],[20.464978,53.766709],[20.465363,53.766573]]},"properties":{"name":"Armii Krajowej"}},{"type":"Feature","geometry":{"type":"LineString","coordinates":[[20.690613,53.829964],[20.690914,53.829985],[20.691217,53.830006],[20.691561,53.83003],[20.692116,53.830069],[20.69235,53.830085],[20.692731,53.830212]]},"properties":{"name":"Armii Krajowej"}},{"type":"Feature","geometry":{"type":"LineString","coordinates":[[20.465363,53.766573],[20.465549,53.766512]]},"properties":{"name":"Aleja Armii Krajowej"}},{"type":"Feature","geometry":{"type":"LineString","coordinates":[[20.46565,53.766623],[20.465461,53.766686]]},"properties":{"name":"Aleja Armii Krajowej"}},{"type":"Feature","geometry":{"type":"LineString","coordinates":[[20.536436,53.781262],[20.536561,53.781215],[20.536677,53.781171],[20.536797,53.781121],[20.541051,53.779365],[20.541227,53.779297],[20.541384,53.77924],[20.541542,53.779186],[20.541687,53.779138],[20.54183,53.779097],[20.541997,53.779052],[20.542165,53.779013],[20.542324,53.778978],[20.542472,53.778951],[20.542651,53.778922],[20.542826,53.778899],[20.543011,53.77888],[20.543159,53.778869],[20.543331,53.778858],[20.54347,53.778852],[20.543583,53.77885],[20.543737,53.778849],[20.543892,53.778852],[20.544006,53.778857],[20.544148,53.778863],[20.544304,53.778874],[20.544458,53.778888],[20.544617,53.778906],[20.544817,53.778935],[20.544952,53.778958],[20.545107,53.778986],[20.545267,53.779019],[20.545414,53.779051],[20.545596,53.779094],[20.546075,53.779211]]},"properties":{"name":"Mariana Bublewicza"}},{"type":"Feature","geometry":{"type":"LineString","coordinates":[[20.545826,53.779273],[20.545557,53.779206],[20.545362,53.77916],[20.545192,53.779124],[20.545014,53.779087],[20.544855,53.779061],[20.544694,53.779035],[20.544524,53.779012],[20.544343,53.778993],[20.544197,53.778981],[20.544044,53.778971],[20.543891,53.778966],[20.543761,53.778964],[20.543576,53.778965],[20.543409,53.778969],[20.543255,53.778977],[20.543069,53.778991],[20.542897,53.779009],[20.542689,53.779036],[20.542485,53.77907],[20.542297,53.779108],[20.542122,53.779147],[20.541971,53.779186],[20.541774,53.779243],[20.541638,53.779285],[20.541481,53.77934],[20.541341,53.779391],[20.541211,53.779442],[20.537866,53.780812],[20.536905,53.781218],[20.536787,53.781268],[20.536687,53.78131],[20.536563,53.781363]]},"properties":{"name":"Mariana Bublewicza"}},{"type":"Feature","geometry":{"type":"LineString","coordinates":[[20.591054,53.787231],[20.592564,53.787809],[20.593135,53.788007],[20.594306,53.788329],[20.595061,53.788498],[20.595383,53.78857],[20.597383,53.789067],[20.598574,53.789374],[20.599499,53.789687],[20.599639,53.789734],[20.601471,53.79039],[20.602325,53.790772],[20.603592,53.791326],[20.603931,53.791495],[20.604092,53.791578],[20.605233,53.792184],[20.605365,53.792257],[20.60577,53.792485],[20.605991,53.79259],[20.606121,53.792635],[20.606241,53.79267],[20.606599,53.792729],[20.60671,53.79274],[20.606999,53.792732]]},"properties":{"name":"Modrzewiowa"}},{"type":"Feature","geometry":{"type":"LineString","coordinates":[[20.607737,53.792573],[20.607456,53.792628],[20.607198,53.792692],[20.606999,53.792732],[20.607162,53.792737],[20.607333,53.792722],[20.607544,53.792671]]},"properties":{"name":"Modrzewiowa"}},{"type":"Feature","geometry":{"type":"LineString","coordinates":[[20.607737,53.792573],[20.607852,53.792705],[20.608061,53.792934],[20.608455,53.793316],[20.608876,53.793679],[20.609266,53.793971],[20.60989,53.794411],[20.610954,53.795164],[20.61263,53.796359],[20.614956,53.797989],[20.61728,53.799615],[20.618522,53.800477],[20.619091,53.80091],[20.619364,53.801137],[20.619621,53.801365],[20.620265,53.801992],[20.62092,53.802687],[20.621104,53.802872],[20.621441,53.803225]]},"properties":{"name":"16"}},{"type":"Feature","geometry":{"type":"LineString","coordinates":[[20.62179,53.803637],[20.621664,53.803509],[20.621441,53.803225],[20.621722,53.803429],[20.621771,53.803475],[20.621909,53.803601],[20.622212,53.803878],[20.622804,53.804384],[20.623243,53.80472],[20.623592,53.805029],[20.624171,53.805387],[20.624485,53.805566],[20.624739,53.805706],[20.625015,53.80585],[20.628461,53.807513],[20.631187,53.808834],[20.631453,53.808975],[20.631707,53.809114],[20.631945,53.809253],[20.632201,53.809407],[20.632584,53.809666],[20.632943,53.809922],[20.637943,53.813892],[20.638296,53.814191],[20.638645,53.814506],[20.638977,53.814835],[20.63928,53.815156],[20.640303,53.816277],[20.640513,53.816497],[20.640871,53.816841],[20.641223,53.817085],[20.641455,53.817268],[20.641718,53.817486],[20.642021,53.817711],[20.642345,53.817924],[20.642386,53.817951],[20.642608,53.818089],[20.642701,53.818148],[20.643154,53.818418],[20.643503,53.818602],[20.643837,53.818779],[20.644174,53.818942],[20.644603,53.819156],[20.644723,53.819245]]},"properties":{"name":"16"}},{"type":"Feature","geometry":{"type":"LineString","coordinates":[[20.672532,53.826554],[20.671719,53.826146],[20.671319,53.825964],[20.67092,53.825795],[20.670372,53.825589],[20.669661,53.825343],[20.669204,53.825206],[20.668308,53.824971],[20.667737,53.824846],[20.666903,53.824726]]},"properties":{"name":"16"}},{"type":"Feature","geometry":{"type":"LineString","coordinates":[[20.672438,53.826624],[20.671611,53.826206],[20.671187,53.826014],[20.670782,53.825851],[20.669844,53.825505],[20.66918,53.825302],[20.668762,53.825185],[20.668074,53.825011],[20.667714,53.824931],[20.666903,53.824726],[20.664897,53.824321],[20.662386,53.823818],[20.654607,53.822251],[20.654022,53.82212],[20.653492,53.821997],[20.652631,53.821764],[20.647961,53.820348],[20.646319,53.819844],[20.645818,53.819677],[20.645316,53.819494],[20.644723,53.819245],[20.644543,53.819206],[20.644005,53.818976],[20.643746,53.818849],[20.643392,53.818669],[20.64308,53.818497],[20.642785,53.818316],[20.642719,53.818279]]},"properties":{"name":"16"}},{"type":"Feature","geometry":{"type":"LineString","coordinates":[[20.679626,53.831635],[20.679847,53.831406],[20.68015,53.831195],[20.680474,53.831071],[20.680647,53.83103],[20.680869,53.830976],[20.68167,53.830817],[20.682356,53.830707],[20.683005,53.830613],[20.68333,53.830572],[20.683555,53.830559],[20.683627,53.830554],[20.684378,53.830501],[20.68452,53.830491],[20.684826,53.830469],[20.685017,53.830454],[20.685432,53.83042],[20.68576,53.830394],[20.685911,53.830382],[20.685968,53.830377],[20.686132,53.830365],[20.686298,53.830353],[20.687257,53.830323],[20.687384,53.830319],[20.688001,53.830303],[20.688733,53.830242],[20.689687,53.830114],[20.69029,53.830029],[20.69041,53.830008],[20.690613,53.829964]]},"properties":{"name":"Warmińska"}},{"type":"Feature","geometry":{"type":"LineString","coordinates":[[20.692731,53.830212],[20.692855,53.830371],[20.69292,53.830454],[20.693043,53.830795],[20.693063,53.831022],[20.693064,53.831036],[20.693064,53.831084],[20.693062,53.831478],[20.693062,53.831527],[20.693057,53.831608],[20.693034,53.831891],[20.693029,53.831956],[20.693014,53.832161],[20.693023,53.832264],[20.693128,53.832982],[20.693146,53.833133],[20.69316,53.833273],[20.693228,53.833547],[20.693316,53.833768],[20.693372,53.833913],[20.693411,53.833998],[20.693488,53.83418],[20.693571,53.834358],[20.69362,53.834467],[20.693697,53.834643],[20.693896,53.835089],[20.69397,53.835272],[20.694021,53.835429],[20.694062,53.835612],[20.694097,53.835837],[20.694107,53.835898],[20.694164,53.836274],[20.694189,53.836435]]},"properties":{"name":"Wojska Polskiego"}},{"type":"Feature","geometry":{"type":"LineString","coordinates":[[20.69551,53.840542],[20.69488,53.840606],[20.694817,53.840612],[20.694737,53.840039],[20.694638,53.839334],[20.694449,53.838184],[20.694426,53.838014],[20.694381,53.837752]]},"properties":{"name":"Wojska Polskiego"}},{"type":"Feature","geometry":{"type":"LineString","coordinates":[[20.694189,53.836435],[20.694245,53.83653],[20.694336,53.836796],[20.694432,53.837478],[20.694381,53.837752],[20.69426,53.837486],[20.694162,53.836803],[20.694159,53.836536],[20.694189,53.836435]]},"properties":{"name":"Wojska Polskiego"}},{"type":"Feature","geometry":{"type":"LineString","coordinates":[[20.641738,53.818495],[20.641694,53.818442],[20.639852,53.816215]]},"properties":{"name":"Wiązowa"}},{"type":"Feature","geometry":{"type":"LineString","coordinates":[[20.598574,53.789374],[20.59846,53.78947],[20.598254,53.789646],[20.598017,53.78969],[20.597635,53.789759],[20.597544,53.789776],[20.597211,53.789822],[20.596554,53.78982],[20.5965,53.789822],[20.595667,53.78985],[20.594417,53.789824],[20.593781,53.789862],[20.593556,53.789887],[20.593462,53.789899],[20.593398,53.789918],[20.593345,53.789958],[20.593212,53.790092],[20.593008,53.790621],[20.59291,53.790858]]},"properties":{"name":"Jaśminowa"}},{"type":"Feature","geometry":{"type":"LineString","coordinates":[[20.597064,53.791581],[20.596866,53.791545],[20.59667,53.791509],[20.595924,53.791328],[20.595644,53.791275],[20.59506,53.7912],[20.594998,53.791191],[20.594822,53.791161],[20.594413,53.791092],[20.594197,53.79105],[20.593469,53.790908],[20.593228,53.790877],[20.59291,53.790858],[20.592715,53.790843],[20.592317,53.790829],[20.591921,53.790822]]},"properties":{"name":"Kwiatowa"}},{"type":"Feature","geometry":{"type":"LineString","coordinates":[[20.300772,53.801254],[20.300589,53.80156],[20.300385,53.80191],[20.299973,53.802665],[20.299787,53.802979],[20.299093,53.804186],[20.298851,53.804607],[20.298784,53.804649],[20.298585,53.80466],[20.298517,53.804663]]},"properties":{"name":"Kwiatowa"}},{"type":"Feature","geometry":{"type":"LineString","coordinates":[[20.591681,53.791499],[20.591921,53.790822]]},"properties":{"name":"Makowa"}},{"type":"Feature","geometry":{"type":"LineString","coordinates":[[20.591681,53.791499],[20.591474,53.791499],[20.58958,53.7915],[20.588826,53.791501],[20.588055,53.791503],[20.587301,53.791544],[20.587274,53.791545],[20.586794,53.791562],[20.586581,53.791571],[20.586179,53.791663],[20.585714,53.791763],[20.585654,53.791776],[20.58485,53.792125],[20.58425,53.792381],[20.58378,53.79196]]},"properties":{"name":"Wrzosowa"}},{"type":"Feature","geometry":{"type":"LineString","coordinates":[[20.58378,53.79196],[20.583678,53.791986],[20.583568,53.792051],[20.583428,53.792172],[20.582429,53.792742],[20.582408,53.792752],[20.580951,53.79347],[20.580081,53.794125],[20.580094,53.794317],[20.579881,53.794338],[20.579741,53.794371]]},"properties":{"name":"Bazyliowa"}},{"type":"Feature","geometry":{"type":"LineString","coordinates":[[20.579087,53.795578],[20.578969,53.795667],[20.57895,53.795694],[20.578494,53.79633],[20.577752,53.797358],[20.577022,53.798347],[20.576659,53.79881],[20.576579,53.798914],[20.576453,53.799054]]},"properties":{"name":"Miętowa"}},{"type":"Feature","geometry":{"type":"LineString","coordinates":[[20.576453,53.799054],[20.576228,53.799086],[20.576156,53.799093],[20.575645,53.799146],[20.575509,53.799163],[20.57538,53.79918],[20.575295,53.799191],[20.574742,53.799304],[20.574556,53.799346],[20.574386,53.799385],[20.574289,53.799407],[20.573345,53.799619],[20.572654,53.799775],[20.572054,53.799899],[20.571928,53.799933],[20.571928,53.799933],[20.571808,53.799966],[20.571024,53.800124],[20.569731,53.800404],[20.569501,53.800454],[20.569233,53.800533],[20.568985,53.800645],[20.568972,53.80065],[20.568293,53.801004],[20.567965,53.801174],[20.567769,53.801276],[20.567349,53.801494],[20.566946,53.801703],[20.566704,53.801862],[20.566638,53.802003],[20.56649,53.80232],[20.566477,53.802348],[20.566434,53.802454],[20.566315,53.802739],[20.56627,53.802835],[20.566211,53.802925],[20.566162,53.80299],[20.565976,53.803215],[20.565936,53.803279],[20.565901,53.803337],[20.56584,53.803455],[20.565792,53.803528],[20.565748,53.803567]]},"properties":{"name":"Lawendowa"}},{"type":"Feature","geometry":{"type":"LineString","coordinates":[[20.558712,53.80241],[20.560065,53.802763],[20.561384,53.803108],[20.562034,53.803274],[20.562112,53.803294],[20.562235,53.803325],[20.562411,53.803365],[20.562605,53.8034],[20.562767,53.803423],[20.563141,53.80346],[20.563499,53.803483],[20.563795,53.803497],[20.56411,53.803502],[20.564165,53.803502],[20.564426,53.803499],[20.564693,53.803496],[20.565258,53.80349],[20.565419,53.803494],[20.565562,53.803515],[20.565668,53.803541],[20.565748,53.803567],[20.565815,53.8036],[20.565865,53.803634],[20.565914,53.803683],[20.565973,53.803738],[20.56605,53.803815],[20.566094,53.803859],[20.566511,53.804365],[20.566929,53.804895],[20.567261,53.805327],[20.567356,53.80545],[20.567897,53.806229],[20.568009,53.806369],[20.568106,53.80648],[20.568211,53.806573],[20.568314,53.806648],[20.568425,53.806707],[20.568524,53.806749],[20.568647,53.806795],[20.568914,53.806879],[20.569529,53.807065],[20.570052,53.807239],[20.570179,53.807281],[20.570272,53.807312],[20.570501,53.8074],[20.570755,53.807499],[20.571433,53.807785],[20.571459,53.807796],[20.572117,53.808066],[20.572912,53.808396],[20.57309,53.808469],[20.573583,53.808674],[20.574737,53.809152],[20.57658,53.809911],[20.577076,53.810121]]},"properties":{"name":"Jana Grzymały"}},{"type":"Feature","geometry":{"type":"LineString","coordinates":[[20.478931,53.739322],[20.479088,53.739367],[20.479102,53.739369],[20.480791,53.739581],[20.481266,53.739641],[20.482205,53.739757],[20.482326,53.739773],[20.482441,53.739818],[20.482303,53.739836],[20.482179,53.739822],[20.481532,53.739739],[20.48072,53.739636],[20.479889,53.739531],[20.479192,53.739447],[20.479077,53.739433],[20.478976,53.739433],[20.478897,53.739435]]},"properties":{"name":"Biskupa Tomasza Wilczyńskiego"}},{"type":"Feature","geometry":{"type":"LineString","coordinates":[[20.489987,53.740275],[20.489567,53.740178],[20.489322,53.740139],[20.48911,53.74011],[20.489038,53.740101],[20.488888,53.740088],[20.488395,53.740051],[20.488101,53.74004],[20.48732,53.740035],[20.486787,53.740035],[20.486747,53.740035],[20.486564,53.740036],[20.486288,53.740037],[20.486114,53.740038],[20.486053,53.740038],[20.486004,53.740038],[20.485955,53.740038],[20.485879,53.740039],[20.485418,53.740032],[20.485106,53.740021],[20.484956,53.740012],[20.484337,53.739965],[20.483984,53.739939],[20.483517,53.73991],[20.48322,53.73988],[20.482758,53.73982],[20.482738,53.739818],[20.482588,53.739804],[20.482441,53.739818],[20.482556,53.739866],[20.482713,53.739883],[20.482735,53.739885],[20.483237,53.739943],[20.483543,53.739979],[20.483866,53.740017],[20.484439,53.740079],[20.484726,53.740103],[20.48507,53.740125],[20.485496,53.740137],[20.485951,53.740144],[20.486002,53.740144],[20.48605,53.740145],[20.486111,53.740145],[20.486282,53.740147],[20.486563,53.740146],[20.486748,53.740145],[20.486789,53.740145],[20.486861,53.740145],[20.488239,53.740145],[20.488552,53.740161],[20.488926,53.740193],[20.489082,53.740209],[20.489299,53.740233],[20.489541,53.740259],[20.489605,53.740267],[20.489987,53.740275],[20.490251,53.740318],[20.490463,53.740358],[20.491646,53.740622],[20.492937,53.74091],[20.493216,53.740972],[20.49338,53.741007],[20.49392,53.741133],[20.494559,53.741275],[20.495206,53.741413],[20.495573,53.741481],[20.495979,53.741545],[20.496318,53.741589],[20.496519,53.741609],[20.496803,53.741642],[20.497562,53.741704],[20.497725,53.74171],[20.498063,53.741721],[20.498552,53.741724],[20.498857,53.741726],[20.499583,53.741687],[20.500222,53.741682],[20.501307,53.741607],[20.501591,53.741589],[20.501876,53.74157],[20.503414,53.741472],[20.503907,53.741481],[20.504721,53.741527],[20.504948,53.741546],[20.505176,53.741566],[20.505482,53.741594],[20.507039,53.741734],[20.507305,53.741758],[20.507482,53.741775],[20.507667,53.741795],[20.507831,53.74186],[20.50788,53.741878],[20.507957,53.741899],[20.508031,53.741923],[20.50812,53.741951],[20.50821,53.741975],[20.508289,53.741993],[20.508374,53.74201],[20.508718,53.742075],[20.508774,53.742085],[20.508904,53.742107],[20.509096,53.742127]]},"properties":{"name":"Biskupa Tomasza Wilczyńskiego"}},{"type":"Feature","geometry":{"type":"LineString","coordinates":[[20.499583,53.741687],[20.500232,53.741605],[20.50129,53.741527],[20.501578,53.741506],[20.501853,53.741486],[20.502737,53.741442],[20.503414,53.741472]]},"properties":{"name":"Biskupa Tomasza Wilczyńskiego"}},{"type":"Feature","geometry":{"type":"LineString","coordinates":[[20.507667,53.741795],[20.507847,53.741784],[20.507886,53.741783],[20.507928,53.741782],[20.507965,53.741784],[20.508059,53.741793],[20.508156,53.741804],[20.508786,53.741885],[20.508841,53.741893],[20.509226,53.741959]]},"properties":{"name":"Biskupa Tomasza Wilczyńskiego"}},{"type":"Feature","geometry":{"type":"LineString","coordinates":[[20.517784,53.74024],[20.517408,53.740212],[20.51735,53.740209],[20.517267,53.740206],[20.51718,53.740205],[20.516975,53.740215],[20.516774,53.74024],[20.516578,53.740276],[20.51638,53.740324],[20.516239,53.740366],[20.515997,53.740453],[20.515813,53.740535],[20.515021,53.740956],[20.514983,53.740982],[20.514897,53.741046],[20.514848,53.741078],[20.514788,53.741112],[20.514745,53.741136],[20.514463,53.741298],[20.513902,53.741593],[20.513784,53.741644],[20.513609,53.741708],[20.513317,53.741854],[20.513206,53.741913],[20.513163,53.741936],[20.5129,53.742069],[20.512618,53.742177],[20.512324,53.742257],[20.511906,53.742338],[20.511649,53.742376],[20.511571,53.742381],[20.51137,53.742384],[20.511185,53.742374],[20.510391,53.742279]]},"properties":{"name":"Biskupa Tomasza Wilczyńskiego"}},{"type":"Feature","geometry":{"type":"LineString","coordinates":[[20.509702,53.742041],[20.509982,53.742062],[20.51004,53.742066],[20.510555,53.742124],[20.511154,53.742196],[20.511477,53.74222],[20.511647,53.742221],[20.511875,53.742213],[20.512002,53.742202],[20.512322,53.742151],[20.512501,53.742104],[20.512803,53.741998],[20.513067,53.741872],[20.51311,53.741849],[20.51322,53.741792]]},"properties":{"name":"Biskupa Tomasza Wilczyńskiego"}},{"type":"Feature","geometry":{"type":"LineString","coordinates":[[20.509526,53.742285],[20.509514,53.742441],[20.509506,53.742456],[20.509489,53.742489],[20.509139,53.743173],[20.508976,53.743493],[20.50896,53.743524],[20.5089,53.743655]]},"properties":{"name":"Ignacego Krasickiego"}},{"type":"Feature","geometry":{"type":"LineString","coordinates":[[20.508569,53.743613],[20.508646,53.743473],[20.508662,53.74344],[20.508831,53.743109],[20.509024,53.742731],[20.509062,53.742656],[20.509142,53.742437],[20.50915,53.742404],[20.509206,53.742254]]},"properties":{"name":"Ignacego Krasickiego"}},{"type":"Feature","geometry":{"type":"LineString","coordinates":[[20.508701,53.743998],[20.508653,53.744094],[20.508639,53.744127],[20.508526,53.744397],[20.508327,53.74482],[20.508281,53.744964],[20.508248,53.745164],[20.508245,53.745197],[20.508222,53.745586],[20.50818,53.746291],[20.508102,53.747511],[20.508088,53.747582],[20.508017,53.747807],[20.5079,53.748056],[20.507752,53.74827],[20.507553,53.748491],[20.507316,53.748691],[20.507026,53.748889],[20.506682,53.74907],[20.506349,53.749219],[20.505931,53.749389],[20.504766,53.749862],[20.504722,53.749882],[20.504561,53.749949],[20.504483,53.749983],[20.504411,53.750016],[20.504342,53.75005],[20.504274,53.750088],[20.504234,53.750112],[20.503802,53.750407],[20.503766,53.750435],[20.503721,53.75047],[20.50364,53.750538],[20.503572,53.750598],[20.50343,53.750722],[20.503276,53.750889],[20.503116,53.75108],[20.503008,53.751233],[20.502856,53.751485],[20.502784,53.751636],[20.502701,53.751896],[20.502646,53.752129],[20.502625,53.752348],[20.502631,53.752516],[20.502639,53.752598],[20.502679,53.752813],[20.502727,53.752991],[20.502783,53.753152],[20.502891,53.753393],[20.503,53.753588],[20.503113,53.753754],[20.503373,53.754054],[20.503728,53.754417],[20.504014,53.754682],[20.504102,53.754766],[20.504258,53.754933],[20.504348,53.755061],[20.504424,53.755203],[20.504472,53.755361],[20.504496,53.755533],[20.50449,53.755665],[20.504442,53.755865],[20.504373,53.756016],[20.504288,53.756141],[20.504138,53.756305],[20.503989,53.756431],[20.503726,53.7566],[20.503528,53.756699],[20.50341,53.756748],[20.502687,53.756987],[20.502294,53.757109],[20.502128,53.757159],[20.501396,53.757391],[20.50127,53.757437],[20.501153,53.757482],[20.501015,53.757537],[20.500842,53.757611],[20.500672,53.75769],[20.499897,53.758077],[20.499404,53.758328],[20.499363,53.758365],[20.499341,53.758396],[20.49927,53.75851]]},"properties":{"name":"Ignacego Krasickiego"}},{"type":"Feature","geometry":{"type":"LineString","coordinates":[[20.498897,53.758416],[20.499025,53.75835],[20.499118,53.758247],[20.499162,53.758226],[20.499513,53.758064],[20.499807,53.757924],[20.50035,53.757671],[20.500742,53.757496],[20.501295,53.757287],[20.502045,53.757062],[20.502217,53.757006],[20.502942,53.756771],[20.503427,53.756594],[20.503667,53.756465],[20.503876,53.756326],[20.504063,53.756148],[20.504159,53.756018],[20.504225,53.755902],[20.504284,53.755707],[20.504301,53.75558],[20.504295,53.755443],[20.504259,53.755312],[20.504161,53.755108],[20.504074,53.754988],[20.50399,53.7549],[20.503548,53.754478],[20.50323,53.754152],[20.502989,53.75388],[20.502937,53.753816],[20.502807,53.753633],[20.502707,53.753428],[20.502696,53.753398],[20.502629,53.753205],[20.502468,53.752747],[20.502424,53.752544],[20.502419,53.752412],[20.502433,53.752219],[20.502474,53.751989],[20.502581,53.75166],[20.502654,53.751497],[20.502754,53.751312],[20.502966,53.751002],[20.503199,53.750733],[20.503265,53.750666],[20.503597,53.750373],[20.503669,53.750319],[20.503853,53.750179],[20.504068,53.750031],[20.504109,53.750006],[20.504261,53.74992],[20.504331,53.749886],[20.504407,53.749848],[20.504482,53.749814],[20.504533,53.749792],[20.504583,53.749772],[20.504631,53.749753],[20.504719,53.74972],[20.505106,53.749577],[20.505391,53.749472],[20.506078,53.749218],[20.506428,53.74907],[20.506724,53.748908],[20.507046,53.748696],[20.507206,53.748574],[20.507418,53.748374],[20.507581,53.748173],[20.5077,53.747976],[20.50781,53.747704],[20.507857,53.747486],[20.507965,53.745841],[20.508,53.745475],[20.508017,53.745191],[20.508018,53.745158],[20.508031,53.744982],[20.508067,53.744782],[20.508088,53.744701],[20.508149,53.744511],[20.50821,53.744368],[20.508351,53.744085],[20.508368,53.744052],[20.508397,53.743967]]},"properties":{"name":"Ignacego Krasickiego"}},{"type":"Feature","geometry":{"type":"LineString","coordinates":[[20.506971,53.736845],[20.507463,53.73697],[20.50785,53.737101],[20.508034,53.737184],[20.50818,53.737262],[20.508315,53.737324],[20.508368,53.737354],[20.508586,53.737477],[20.508861,53.737649],[20.509177,53.737913],[20.509372,53.738136],[20.509543,53.738384],[20.509582,53.738453],[20.509621,53.738513],[20.509752,53.738831],[20.50983,53.739094],[20.509926,53.739437],[20.50994,53.739497],[20.509993,53.739694],[20.510035,53.739883],[20.510046,53.739922],[20.510094,53.740207],[20.510118,53.740353],[20.510119,53.740495],[20.510118,53.74062],[20.510123,53.74079],[20.510089,53.740967],[20.510073,53.741012],[20.509888,53.741486],[20.509711,53.741834],[20.509695,53.741866],[20.50963,53.741978]]},"properties":{"name":"Ignacego Krasickiego"}},{"type":"Feature","geometry":{"type":"LineString","coordinates":[[20.506927,53.736972],[20.507383,53.737091],[20.507895,53.737277],[20.508226,53.73744],[20.508277,53.737469],[20.508467,53.737577],[20.508634,53.737682],[20.508694,53.73772],[20.509038,53.738026],[20.509158,53.73815],[20.509258,53.738288],[20.509431,53.738565],[20.509503,53.738712],[20.509554,53.738852],[20.509587,53.738963],[20.509741,53.739515],[20.509791,53.739698],[20.509836,53.739907],[20.509842,53.739942],[20.509915,53.740332],[20.509925,53.740562],[20.509924,53.740619],[20.509913,53.740785],[20.509875,53.740978],[20.509843,53.741059],[20.509751,53.741311],[20.509681,53.74146],[20.509563,53.741711],[20.50954,53.741757],[20.509517,53.741799],[20.509497,53.741828],[20.509432,53.741925]]},"properties":{"name":"Ignacego Krasickiego"}},{"type":"Feature","geometry":{"type":"LineString","coordinates":[[20.490245,53.771338],[20.490396,53.771448],[20.490583,53.771607],[20.490839,53.771844],[20.491022,53.771973],[20.491313,53.772126],[20.491701,53.772292],[20.49229,53.77256],[20.492923,53.772899],[20.493165,53.773034],[20.493255,53.773154],[20.493339,53.77321],[20.493453,53.773288],[20.493578,53.773378],[20.493686,53.773462],[20.493779,53.773538],[20.493848,53.773597],[20.493927,53.773668],[20.493987,53.773725],[20.494079,53.773816],[20.494171,53.773916],[20.494252,53.774012],[20.494316,53.77409],[20.494481,53.774301],[20.494522,53.774356],[20.494545,53.774387],[20.494603,53.774473],[20.494646,53.774534],[20.494653,53.77455]]},"properties":{"name":"Tadeusza Mazowieckiego"}},{"type":"Feature","geometry":{"type":"LineString","coordinates":[[20.494145,53.774594],[20.49418,53.774579],[20.494202,53.774566],[20.494211,53.77456],[20.494229,53.774543],[20.494237,53.774533],[20.49426,53.774506],[20.494287,53.774474],[20.494308,53.774442],[20.494319,53.774411],[20.494319,53.774379],[20.494317,53.77434],[20.494311,53.77428],[20.493835,53.773742],[20.493635,53.773563],[20.493475,53.773432],[20.493377,53.773358],[20.493157,53.773219],[20.492727,53.772982],[20.49237,53.772802],[20.492054,53.772703],[20.491673,53.772552],[20.491325,53.772424],[20.490964,53.772265],[20.490484,53.77203],[20.489918,53.771753],[20.489873,53.77173],[20.489719,53.771613]]},"properties":{"name":"Tadeusza Mazowieckiego"}},{"type":"Feature","geometry":{"type":"LineString","coordinates":[[20.487875,53.766248],[20.488035,53.766344]]},"properties":{"name":"Tadeusza Mazowieckiego"}},{"type":"Feature","geometry":{"type":"LineString","coordinates":[[20.485786,53.786612],[20.485935,53.786588],[20.486136,53.786547],[20.486689,53.786386],[20.48721,53.786233],[20.487677,53.786097],[20.488022,53.785995],[20.488129,53.785965],[20.488264,53.785928],[20.489016,53.785725],[20.490454,53.785319],[20.490802,53.7852],[20.49092,53.785146],[20.491152,53.785082],[20.491265,53.78507],[20.491358,53.785072],[20.491428,53.785084]]},"properties":{"name":"Stefana Żeromskiego"}},{"type":"Feature","geometry":{"type":"LineString","coordinates":[[20.465549,53.766512],[20.46584,53.766415],[20.466142,53.766303],[20.466772,53.766089],[20.46711,53.765993],[20.467423,53.765921],[20.467871,53.765841],[20.468316,53.765793],[20.46843,53.765784],[20.468489,53.76578],[20.468533,53.765777],[20.468551,53.765776],[20.468592,53.765774],[20.46871,53.765771],[20.469047,53.765767],[20.469354,53.765777],[20.469789,53.765807],[20.470287,53.765851],[20.471257,53.765941],[20.471295,53.765944],[20.471357,53.765949],[20.471563,53.765964]]},"properties":{"name":"Aleja Obrońców Tobruku"}},{"type":"Feature","geometry":{"type":"LineString","coordinates":[[20.471625,53.766087],[20.471327,53.766066],[20.471264,53.766062],[20.471129,53.766051],[20.46997,53.765945],[20.469757,53.765926],[20.469307,53.765899],[20.469114,53.765891],[20.468706,53.765893],[20.468573,53.765902],[20.46851,53.765906],[20.468207,53.765931],[20.46789,53.765964],[20.467474,53.76604],[20.467254,53.766088],[20.467023,53.766151],[20.466674,53.766262],[20.466009,53.766499],[20.465945,53.766522],[20.46565,53.766623]]},"properties":{"name":"Aleja Obrońców Tobruku"}},{"type":"Feature","geometry":{"type":"LineString","coordinates":[[20.471563,53.765964],[20.47159,53.765857],[20.471634,53.765674],[20.47169,53.765523]]},"properties":{"name":"Jarosława Iwaszkiewicza"}},{"type":"Feature","geometry":{"type":"LineString","coordinates":[[20.468484,53.756752],[20.468292,53.756633],[20.468257,53.756595],[20.468238,53.756572],[20.468227,53.756556],[20.468211,53.756528],[20.468198,53.756503],[20.468181,53.756473],[20.468168,53.756445],[20.468148,53.756404],[20.468133,53.756375],[20.468105,53.756319],[20.468093,53.756294],[20.468065,53.756226],[20.468014,53.756097]]},"properties":{"name":"Jarosława Iwaszkiewicza"}},{"type":"Feature","geometry":{"type":"LineString","coordinates":[[20.471625,53.766087],[20.471726,53.765974],[20.471728,53.765862],[20.47173,53.765822],[20.471725,53.765666],[20.47169,53.765523],[20.471711,53.765409],[20.47174,53.765258],[20.471801,53.765045],[20.471843,53.76497],[20.471892,53.764897],[20.472161,53.764474],[20.472284,53.764277],[20.472382,53.764075],[20.472402,53.763999],[20.472409,53.763946],[20.472425,53.76383],[20.472413,53.763765],[20.472395,53.763664],[20.472313,53.763399],[20.472267,53.763248],[20.472242,53.763137],[20.472115,53.762681],[20.472092,53.762599],[20.471978,53.762187],[20.471839,53.761893],[20.471783,53.761791],[20.47167,53.761643],[20.471542,53.761498],[20.471467,53.76141],[20.471222,53.761127],[20.471157,53.761007],[20.471116,53.760881],[20.471134,53.760801],[20.471167,53.760747],[20.471215,53.760668],[20.4714,53.760461],[20.471411,53.760448],[20.471619,53.760193],[20.47164,53.760167],[20.471649,53.76015],[20.471707,53.760039],[20.471724,53.759974],[20.47173,53.75991],[20.471728,53.759812],[20.471706,53.759731],[20.471691,53.759686],[20.47167,53.759634],[20.471641,53.759585],[20.471611,53.759538],[20.471531,53.75946],[20.471458,53.7594],[20.471305,53.759305],[20.471191,53.759246],[20.471096,53.759198],[20.470934,53.759113],[20.470662,53.758977],[20.470625,53.758959],[20.470553,53.758921],[20.470513,53.7589],[20.470368,53.758825],[20.469831,53.758562],[20.469658,53.758455],[20.469518,53.758346],[20.469419,53.758236],[20.469343,53.758134],[20.469308,53.758026],[20.469281,53.757812],[20.469243,53.757599],[20.469206,53.757472],[20.469143,53.757361],[20.469042,53.757254],[20.468849,53.757085],[20.468811,53.75705],[20.468484,53.756752],[20.468417,53.756615],[20.468407,53.756595],[20.468391,53.756567],[20.468376,53.756542],[20.468363,53.756519],[20.468348,53.756489],[20.468307,53.756407],[20.468295,53.756383],[20.468281,53.756353],[20.468255,53.756298],[20.468208,53.756201],[20.468154,53.756079]]},"properties":{"name":"Jarosława Iwaszkiewicza"}},{"type":"Feature","geometry":{"type":"LineString","coordinates":[[20.454869,53.750617],[20.454923,53.750561],[20.454942,53.750544],[20.45501,53.750479],[20.455259,53.750239],[20.455994,53.749523],[20.456188,53.749332],[20.456257,53.749264],[20.456591,53.748936],[20.456858,53.748673],[20.457058,53.748476],[20.457108,53.748425],[20.457175,53.748297],[20.457423,53.747784],[20.457446,53.747437],[20.457442,53.74719],[20.457442,53.746659],[20.457416,53.746128],[20.457365,53.745757],[20.457402,53.74549],[20.45739,53.74528],[20.457411,53.745143]]},"properties":{"name":"Kurta Obitza"}},{"type":"Feature","geometry":{"type":"LineString","coordinates":[[20.491383,53.786365],[20.491255,53.786432],[20.491098,53.786482],[20.490596,53.786627],[20.490174,53.786746],[20.489895,53.786827],[20.489358,53.786982],[20.489102,53.787053],[20.488984,53.787088],[20.487558,53.787514],[20.487317,53.787592],[20.487173,53.787638]]},"properties":{"name":"Mieczysława Niedziałkowskiego"}},{"type":"Feature","geometry":{"type":"LineString","coordinates":[[20.478087,53.735665],[20.478159,53.735734],[20.4782,53.735775],[20.478243,53.735825],[20.478443,53.736072],[20.478671,53.736448],[20.478776,53.736621],[20.478846,53.736724],[20.478898,53.736819],[20.479028,53.737108],[20.479091,53.737305],[20.479104,53.737393],[20.479124,53.737677],[20.47913,53.737777],[20.479136,53.73785],[20.479114,53.738092],[20.478908,53.738743],[20.478878,53.738833]]},"properties":{"name":"Księdza Jerzego Popiełuszki"}},{"type":"Feature","geometry":{"type":"LineString","coordinates":[[20.478818,53.739232],[20.478825,53.739137],[20.478826,53.739112],[20.478878,53.738833],[20.478824,53.738911],[20.478765,53.739046],[20.478732,53.739099],[20.478717,53.739124],[20.478705,53.739142],[20.478652,53.739213]]},"properties":{"name":"Księdza Jerzego Popiełuszki"}},{"type":"Feature","geometry":{"type":"LineString","coordinates":[[20.597544,53.789776],[20.597546,53.789852],[20.597552,53.790137],[20.597352,53.790729],[20.597091,53.791501],[20.597064,53.791581]]},"properties":{"name":"Akacjowa"}},{"type":"Feature","geometry":{"type":"LineString","coordinates":[[20.475248,53.724773],[20.475242,53.72473],[20.475144,53.724472]]},"properties":{"name":"Bartąska"}},{"type":"Feature","geometry":{"type":"LineString","coordinates":[[20.475292,53.724947],[20.475283,53.724996],[20.475279,53.725017],[20.475245,53.725162]]},"properties":{"name":"Bartąska"}},{"type":"Feature","geometry":{"type":"LineString","coordinates":[[20.478178,53.729345],[20.478267,53.729489],[20.478331,53.72962],[20.478364,53.729703],[20.478402,53.729808],[20.478415,53.729852],[20.478424,53.729907]]},"properties":{"name":"Bartąska"}},{"type":"Feature","geometry":{"type":"LineString","coordinates":[[20.4787,53.730812],[20.478661,53.730682],[20.478655,53.73066],[20.478521,53.73021],[20.47846,53.730018],[20.478424,53.729907],[20.478381,53.729845],[20.478315,53.729747],[20.478235,53.729591],[20.47815,53.729446],[20.47813,53.729411],[20.478101,53.729366],[20.478094,53.729356],[20.478061,53.729305],[20.478023,53.729254],[20.477936,53.729135],[20.477754,53.728906],[20.47766,53.728785],[20.477633,53.728743],[20.477601,53.728687],[20.47754,53.728634],[20.477479,53.728587],[20.477286,53.728422],[20.477207,53.728355],[20.477056,53.728249],[20.476878,53.728131],[20.476416,53.727851],[20.476319,53.727786],[20.476126,53.727652],[20.476014,53.727552],[20.475912,53.727442],[20.475861,53.727386],[20.475827,53.727347],[20.475784,53.727299],[20.475487,53.726964],[20.475148,53.726552],[20.475104,53.726471],[20.475084,53.726396],[20.475063,53.726277],[20.475056,53.726128],[20.475103,53.725888],[20.475158,53.725702],[20.475253,53.725368],[20.475257,53.725305],[20.475245,53.725162],[20.475168,53.725066],[20.475142,53.725008],[20.475135,53.724978],[20.475123,53.724945]]},"properties":{"name":"Bartąska"}},{"type":"Feature","geometry":{"type":"LineString","coordinates":[[20.475119,53.724787],[20.475126,53.724748],[20.47513,53.724722],[20.475132,53.724673],[20.475144,53.724472],[20.47513,53.724431],[20.47507,53.724081],[20.475058,53.724006],[20.475026,53.72391],[20.475002,53.723809],[20.474952,53.72365],[20.474943,53.723633],[20.474883,53.723518],[20.474817,53.723437],[20.474735,53.723341],[20.474625,53.723229],[20.474206,53.722879],[20.47411,53.722814],[20.47402,53.722758],[20.473838,53.722657],[20.473663,53.722586],[20.47325,53.72246],[20.473081,53.722403],[20.472862,53.722324],[20.472689,53.72225],[20.472517,53.722132],[20.472401,53.722029],[20.472326,53.721941],[20.472252,53.721827],[20.472198,53.721715],[20.472149,53.721575],[20.472115,53.721431],[20.472092,53.721284],[20.472083,53.72119],[20.472081,53.721073],[20.472087,53.720994],[20.472106,53.720893],[20.472135,53.72078],[20.472172,53.720692],[20.472267,53.720492],[20.472361,53.720317],[20.472494,53.720053],[20.472526,53.719997],[20.47262,53.719808],[20.472646,53.719755],[20.472679,53.719672],[20.472695,53.719604],[20.472693,53.719537],[20.47268,53.719483],[20.472526,53.719107],[20.472424,53.718831],[20.472392,53.718695],[20.472381,53.718576],[20.472383,53.718357],[20.472398,53.71822],[20.472422,53.718117],[20.472465,53.717984],[20.472514,53.717876],[20.472551,53.717812],[20.472607,53.717723],[20.472783,53.717564],[20.472803,53.717545],[20.472876,53.717475],[20.47291,53.717427],[20.472945,53.717381]]},"properties":{"name":"Bartąska"}},{"type":"Feature","geometry":{"type":"LineString","coordinates":[[20.47874,53.730938],[20.478773,53.731043],[20.478789,53.731093],[20.479167,53.732293],[20.479228,53.732465],[20.47924,53.732497],[20.479266,53.73257],[20.479327,53.732704],[20.479747,53.733433],[20.479872,53.733658],[20.479916,53.733738],[20.479962,53.733847],[20.480021,53.734006],[20.480059,53.734276],[20.48006,53.734654],[20.480072,53.734828],[20.480104,53.734939],[20.480122,53.734983],[20.480174,53.735112],[20.480285,53.73531],[20.480482,53.735588],[20.481029,53.736259],[20.481315,53.73662],[20.481453,53.736772],[20.481613,53.736897],[20.481879,53.737054],[20.482131,53.737199],[20.482303,53.737323],[20.482435,53.737428],[20.482455,53.737444],[20.482625,53.737604],[20.482723,53.737704],[20.482821,53.737811],[20.482848,53.737869],[20.482863,53.737928],[20.482878,53.73805],[20.482886,53.738106],[20.482898,53.738194],[20.482907,53.738324],[20.482901,53.738456],[20.482857,53.738642],[20.482781,53.738843],[20.482692,53.739083],[20.482669,53.73915],[20.482475,53.739684],[20.482471,53.739699],[20.482457,53.739743],[20.482441,53.739818]]},"properties":{"name":"Bartąska"}},{"type":"Feature","geometry":{"type":"LineString","coordinates":[[20.478178,53.729345],[20.478101,53.729366],[20.477932,53.729401],[20.477859,53.729408],[20.477839,53.729409],[20.47776,53.729409]]},"properties":{"name":"Jakubowa"}},{"type":"Feature","geometry":{"type":"LineString","coordinates":[[20.478661,53.730682],[20.478703,53.730724],[20.478751,53.730752],[20.478815,53.730771],[20.478885,53.730783],[20.478977,53.730791],[20.479093,53.730785],[20.479274,53.730775],[20.479351,53.730772],[20.47945,53.730775],[20.479538,53.730777],[20.479627,53.730781],[20.479946,53.730802],[20.480241,53.730816],[20.481105,53.730856],[20.481304,53.730865],[20.481453,53.730873],[20.48167,53.730889],[20.481892,53.730908],[20.482141,53.730942],[20.482508,53.731006],[20.483285,53.731201],[20.484787,53.731597],[20.485454,53.731772],[20.485705,53.731832],[20.485884,53.731884],[20.487104,53.732211],[20.48794,53.732429],[20.488527,53.732562],[20.48897,53.732674],[20.489459,53.732818],[20.489643,53.732901],[20.48979,53.732976],[20.49002,53.733154],[20.490052,53.733178],[20.490084,53.733203],[20.490216,53.733302]]},"properties":{"name":"Jerzego Bukowskiego"}},{"type":"Feature","geometry":{"type":"LineString","coordinates":[[20.490079,53.733362],[20.489952,53.733266],[20.489914,53.733239],[20.489823,53.733174],[20.489731,53.733102],[20.489564,53.732997],[20.489313,53.732899],[20.488888,53.732773],[20.488322,53.732616],[20.487023,53.732256],[20.48583,53.731951],[20.485652,53.731902],[20.4854,53.731837],[20.485107,53.731758],[20.484375,53.731562],[20.482735,53.731134],[20.482427,53.731059],[20.482165,53.731009],[20.48192,53.730978],[20.481656,53.730955],[20.481369,53.730937],[20.481099,53.730927],[20.479951,53.730867],[20.479679,53.730859],[20.479372,53.730861],[20.479003,53.730882],[20.478818,53.730905]]},"properties":{"name":"Jerzego Bukowskiego"}},{"type":"Feature","geometry":{"type":"LineString","coordinates":[[20.490216,53.733302],[20.490357,53.733398]]},"properties":{"name":"Wincentego Witosa"}},{"type":"Feature","geometry":{"type":"LineString","coordinates":[[20.491031,53.733925],[20.491947,53.734634],[20.492224,53.734833],[20.49245,53.734965],[20.492669,53.73508],[20.493025,53.735226],[20.49335,53.735334],[20.493806,53.735453],[20.494026,53.735495],[20.4942,53.735525],[20.494574,53.735569],[20.494656,53.735579],[20.494707,53.735584],[20.495,53.735614],[20.495329,53.735648],[20.495848,53.735704],[20.496956,53.735824],[20.497769,53.735909],[20.497852,53.735918],[20.498668,53.736003],[20.499858,53.736122],[20.50013,53.736147],[20.501467,53.736278],[20.503285,53.736452],[20.503354,53.736458],[20.503406,53.736463],[20.503676,53.736484],[20.50399,53.736511],[20.505612,53.736664],[20.506193,53.736732],[20.506782,53.736817],[20.506971,53.736845]]},"properties":{"name":"Wincentego Witosa"}},{"type":"Feature","geometry":{"type":"LineString","coordinates":[[20.490079,53.733362],[20.490205,53.733461],[20.49035,53.733572],[20.490408,53.733615],[20.491567,53.734529],[20.49201,53.734864],[20.492215,53.73499],[20.492746,53.73525],[20.493058,53.735371],[20.493372,53.73547],[20.493736,53.73556],[20.49404,53.735617],[20.494349,53.735661],[20.494623,53.73569],[20.494673,53.735696],[20.494977,53.735728],[20.495288,53.735762],[20.495362,53.735769],[20.495995,53.735836],[20.497236,53.735972],[20.498578,53.73611],[20.499826,53.736237],[20.500093,53.736262],[20.501809,53.736426],[20.503326,53.736568],[20.503378,53.736573],[20.503638,53.736598],[20.503959,53.736629],[20.504028,53.736635],[20.505239,53.736749],[20.506071,53.736832],[20.506154,53.736844],[20.506524,53.736897],[20.506927,53.736972]]},"properties":{"name":"Wincentego Witosa"}},{"type":"Feature","geometry":{"type":"LineString","coordinates":[[20.490357,53.733398],[20.490205,53.733461],[20.490024,53.73354],[20.489964,53.733566],[20.489918,53.733586],[20.489734,53.733665],[20.489252,53.733871],[20.48703,53.734824],[20.48698,53.734846],[20.486434,53.735096],[20.486276,53.735181],[20.485963,53.735366],[20.485744,53.735521],[20.485598,53.735649],[20.485358,53.735914],[20.485216,53.736133],[20.48513,53.736337],[20.485062,53.736603],[20.48505,53.736743],[20.485065,53.736961],[20.485123,53.737206],[20.485247,53.737462],[20.485374,53.737643],[20.485508,53.737802],[20.485852,53.738127],[20.48597,53.738239],[20.486169,53.738456],[20.486264,53.738588],[20.486337,53.738705],[20.48646,53.738951],[20.486548,53.739245],[20.486571,53.739397],[20.486581,53.739517],[20.486567,53.739845],[20.486566,53.739889],[20.486566,53.739915],[20.486564,53.740036]]},"properties":{"name":"Biskupa Tadeusza Płoskiego"}},{"type":"Feature","geometry":{"type":"LineString","coordinates":[[20.486288,53.740037],[20.486294,53.739911],[20.486295,53.739886],[20.486308,53.739588],[20.48631,53.739421],[20.486294,53.739291],[20.486248,53.739065],[20.486205,53.738946],[20.48616,53.738838],[20.486018,53.73859],[20.485923,53.738458],[20.485816,53.738338],[20.48533,53.73787],[20.485212,53.737739],[20.485031,53.737478],[20.484948,53.737303],[20.484898,53.737166],[20.484859,53.737004],[20.484839,53.736712],[20.484895,53.736375],[20.485041,53.736046],[20.485239,53.735768],[20.485363,53.73564],[20.48552,53.735489],[20.485714,53.735343],[20.485893,53.735226],[20.4863,53.734998],[20.486739,53.734798],[20.486781,53.734779],[20.486845,53.734751],[20.488193,53.734169],[20.488942,53.733848],[20.48957,53.73358],[20.489735,53.733509],[20.489811,53.733476],[20.490079,53.733362],[20.490216,53.733302],[20.490386,53.733229],[20.490424,53.733213],[20.491447,53.732778],[20.492364,53.732417],[20.492599,53.73233]]},"properties":{"name":"Biskupa Tadeusza Płoskiego"}},{"type":"Feature","geometry":{"type":"LineString","coordinates":[[20.472002,53.746582],[20.472478,53.747165],[20.472694,53.747404],[20.47297,53.747734],[20.473041,53.747834],[20.473161,53.747978],[20.474057,53.749059],[20.474116,53.749136],[20.474615,53.749918],[20.475001,53.750563],[20.475207,53.750928],[20.475392,53.751273],[20.475429,53.751341],[20.475689,53.751842],[20.475736,53.751927],[20.476003,53.752456],[20.476108,53.752653],[20.476166,53.752808],[20.476206,53.752908],[20.476228,53.753013],[20.476244,53.753157],[20.47626,53.75342],[20.476288,53.75374],[20.476307,53.753954]]},"properties":{"name":"Wiktora Wawrzyczka"}},{"type":"Feature","geometry":{"type":"LineString","coordinates":[[20.476568,53.754501],[20.476524,53.754402],[20.47647,53.754291],[20.476307,53.753954],[20.476324,53.75428],[20.476329,53.754302],[20.476336,53.754323],[20.476347,53.754349],[20.476378,53.754413]]},"properties":{"name":"Wiktora Wawrzyczka"}},{"type":"Feature","geometry":{"type":"LineString","coordinates":[[20.513268,53.741823],[20.513253,53.741813],[20.51322,53.741792]]},"properties":{"name":"Henryka Panasa"}},{"type":"Feature","geometry":{"type":"LineString","coordinates":[[20.513433,53.769926],[20.513533,53.76971],[20.513932,53.768975],[20.513937,53.768896],[20.51394,53.768846],[20.51393,53.768696],[20.513877,53.768582],[20.513768,53.768422],[20.513742,53.768388],[20.51368,53.768308],[20.513452,53.768015],[20.513197,53.767685],[20.512999,53.767433],[20.512585,53.766904],[20.512426,53.7667],[20.512331,53.766579],[20.512185,53.766492],[20.512074,53.76643],[20.511961,53.766386],[20.511841,53.766357],[20.511641,53.76634],[20.51147,53.766337],[20.511152,53.766364],[20.51083,53.766423],[20.510491,53.766483],[20.509808,53.766605],[20.509504,53.766656],[20.509294,53.766681],[20.509095,53.766695],[20.508929,53.76669],[20.508665,53.766649],[20.508191,53.766546],[20.507907,53.766484],[20.507681,53.766434],[20.507484,53.766397],[20.507279,53.766341],[20.507119,53.766273],[20.506975,53.7662],[20.506676,53.766029],[20.50656,53.765963],[20.506231,53.765775],[20.506115,53.765708],[20.506017,53.765662],[20.505891,53.765618],[20.505769,53.765592],[20.505633,53.765578],[20.5055,53.765574],[20.505441,53.765577],[20.505376,53.765583],[20.505301,53.765593],[20.50523,53.765607],[20.505153,53.765628],[20.505045,53.765663],[20.504962,53.765692],[20.504888,53.765721],[20.504824,53.765757],[20.5048,53.76577]]},"properties":{"name":"Augustowska"}},{"type":"Feature","geometry":{"type":"LineString","coordinates":[[20.504251,53.766082],[20.504328,53.766047],[20.504383,53.766019],[20.504424,53.765996],[20.504483,53.765967],[20.50456,53.765927],[20.504737,53.765837],[20.504768,53.765815],[20.5048,53.76577],[20.504694,53.765777],[20.504641,53.765787],[20.504472,53.765852],[20.504386,53.765882],[20.504343,53.765898],[20.504316,53.765909],[20.50427,53.765928],[20.504144,53.765984]]},"properties":{"name":"Augustowska"}},{"type":"Feature","geometry":{"type":"LineString","coordinates":[[20.469464,53.779315],[20.469221,53.779341],[20.4692,53.779362],[20.468855,53.779736],[20.468706,53.779819],[20.468287,53.78026],[20.468184,53.78037],[20.468135,53.780559],[20.46812,53.780685],[20.468137,53.780972],[20.468232,53.781657],[20.468305,53.782081],[20.468297,53.782471],[20.468246,53.782607],[20.468207,53.78271],[20.468227,53.782802],[20.468395,53.783209],[20.468426,53.783293],[20.468475,53.783421],[20.468484,53.783498],[20.468446,53.783558],[20.468405,53.783607],[20.468324,53.78366],[20.468242,53.783698],[20.468131,53.783731],[20.467688,53.783808],[20.467445,53.783835],[20.466974,53.783887],[20.466815,53.783904],[20.466392,53.783947],[20.466243,53.783962],[20.466083,53.783978],[20.465728,53.784013],[20.465065,53.784078],[20.464891,53.784095]]},"properties":{"name":"Bohaterów Monte Cassino"}},{"type":"Feature","geometry":{"type":"LineString","coordinates":[[20.464891,53.784095],[20.464836,53.783967],[20.464807,53.783898],[20.464619,53.783407],[20.464512,53.783127],[20.46446,53.782999],[20.464437,53.782927],[20.464437,53.782824],[20.464534,53.782353],[20.464657,53.78179],[20.464692,53.78163],[20.464831,53.781049],[20.46492,53.780537],[20.46493,53.780251],[20.464935,53.780135],[20.465001,53.778784],[20.465006,53.778455],[20.465025,53.77828],[20.46503,53.778241],[20.464956,53.778164],[20.464898,53.778125]]},"properties":{"name":"Leśna"}},{"type":"Feature","geometry":{"type":"LineString","coordinates":[[20.592533,53.786666],[20.592542,53.786753],[20.592549,53.786848],[20.592549,53.786891],[20.592547,53.787034],[20.592543,53.787135],[20.59256,53.78739],[20.592583,53.7877],[20.592564,53.787809]]},"properties":{"name":"Leśna"}},{"type":"Feature","geometry":{"type":"LineString","coordinates":[[20.478062,53.774257],[20.478282,53.774176],[20.478295,53.77417],[20.478338,53.774153],[20.47839,53.774133],[20.478475,53.774059],[20.478484,53.774015],[20.47847,53.77397],[20.478418,53.773799],[20.478329,53.77352],[20.47828,53.77335],[20.478242,53.773224],[20.478125,53.772857],[20.47807,53.77274],[20.477987,53.772621],[20.477927,53.772532]]},"properties":{"name":"Ryszarda Knosały"}},{"type":"Feature","geometry":{"type":"LineString","coordinates":[[20.519621,53.76974],[20.519495,53.769589],[20.51944,53.769429],[20.519396,53.769305],[20.519383,53.76925],[20.519371,53.769162],[20.519377,53.769097],[20.519398,53.76899],[20.519441,53.768893],[20.51958,53.768591],[20.519745,53.768252],[20.519937,53.767865],[20.52002,53.767743],[20.520181,53.76758],[20.520333,53.767475],[20.520505,53.767385],[20.520651,53.767325],[20.52103,53.767224],[20.521548,53.767095],[20.522117,53.766952],[20.522635,53.766789],[20.523195,53.76659],[20.523783,53.766393],[20.524049,53.766352],[20.523836,53.766457],[20.523818,53.766463],[20.523263,53.766652],[20.522166,53.767019],[20.521594,53.767167],[20.521075,53.767291],[20.520613,53.767425],[20.520442,53.76751],[20.520272,53.767627],[20.520118,53.76778],[20.520014,53.767947],[20.519915,53.768168],[20.519801,53.768386],[20.519734,53.768537],[20.519714,53.768582],[20.5196,53.768809],[20.519527,53.768991],[20.519505,53.769056],[20.519498,53.769171],[20.51952,53.769314],[20.519622,53.769571],[20.519621,53.76974]]},"properties":{"name":"Mariana Rejewskiego"}},{"type":"Feature","geometry":{"type":"LineString","coordinates":[[20.524049,53.766352],[20.523962,53.766236],[20.523841,53.766088],[20.523769,53.765919],[20.523755,53.765723],[20.523869,53.765312],[20.523997,53.764888],[20.524005,53.76477],[20.523974,53.764628],[20.523921,53.764535],[20.523852,53.76444],[20.523824,53.7644],[20.52363,53.764115],[20.523602,53.764041],[20.523578,53.763926],[20.523589,53.763807],[20.523636,53.763703],[20.522475,53.763486],[20.522097,53.763447],[20.521772,53.763428],[20.521476,53.763431],[20.521282,53.763434],[20.521099,53.763436],[20.520844,53.763446],[20.5206,53.763486],[20.520339,53.763572],[20.520163,53.763663],[20.520039,53.763776],[20.520009,53.763803],[20.519938,53.763923],[20.51992,53.764056],[20.519888,53.764253],[20.519877,53.764318]]},"properties":{"name":"Władysława Trylińskiego"}},{"type":"Feature","geometry":{"type":"LineString","coordinates":[[20.518834,53.764613],[20.518736,53.764569],[20.518619,53.76447],[20.51843,53.764247],[20.518324,53.76415],[20.518215,53.764081],[20.518117,53.764016]]},"properties":{"name":"Władysława Trylińskiego"}},{"type":"Feature","geometry":{"type":"LineString","coordinates":[[20.397905,53.801766],[20.398025,53.801769],[20.398085,53.801754],[20.398362,53.801684],[20.399028,53.801546],[20.400028,53.801342],[20.400073,53.801331],[20.400209,53.801298]]},"properties":{"name":"Wołodyjowskiego"}},{"type":"Feature","geometry":{"type":"LineString","coordinates":[[20.397905,53.801766],[20.397845,53.801738],[20.397821,53.801726],[20.3977,53.801629],[20.397561,53.801497],[20.397335,53.801367],[20.396941,53.801257],[20.396596,53.80119],[20.396061,53.801119],[20.394866,53.800981],[20.394715,53.800963],[20.394541,53.800942],[20.394312,53.800913],[20.393928,53.800893],[20.39352,53.800883],[20.392729,53.800909],[20.392263,53.800929],[20.392055,53.800937],[20.39189,53.800933],[20.391484,53.800924],[20.391064,53.800912],[20.390693,53.80086],[20.390395,53.800791],[20.390267,53.800761],[20.389996,53.800675],[20.389569,53.80052],[20.38896,53.800297],[20.388824,53.800236],[20.388571,53.800152],[20.388143,53.80001]]},"properties":{"name":"Kresowa"}},{"type":"Feature","geometry":{"type":"LineString","coordinates":[[20.373022,53.799659],[20.373683,53.799724],[20.373895,53.79971],[20.37435,53.799596],[20.374529,53.79955],[20.375676,53.799256],[20.375857,53.79921],[20.376626,53.798992],[20.37681,53.798939],[20.37708,53.798867],[20.377429,53.798797],[20.377909,53.798743],[20.379153,53.798711],[20.379769,53.79864],[20.380246,53.798534],[20.380548,53.798468],[20.38165,53.798227],[20.382208,53.798177],[20.382579,53.798199],[20.382953,53.798216],[20.383311,53.798269],[20.383604,53.79835],[20.384093,53.798537],[20.384663,53.798767],[20.38476,53.798806],[20.385119,53.799024],[20.38549,53.799318],[20.385625,53.799415],[20.385952,53.799586],[20.386634,53.799808],[20.387109,53.799889],[20.38772,53.799955],[20.388143,53.80001]]},"properties":{"name":"Gościnna"}},{"type":"Feature","geometry":{"type":"LineString","coordinates":[[20.371375,53.809872],[20.370957,53.809738]]},"properties":{"name":"527"}},{"type":"Feature","geometry":{"type":"LineString","coordinates":[[20.297919,53.799213],[20.298064,53.799284],[20.298173,53.799337],[20.298541,53.799449],[20.300179,53.799824],[20.301472,53.800121],[20.301728,53.800197],[20.301938,53.800269],[20.304591,53.80115],[20.304899,53.801245],[20.305238,53.801313],[20.306358,53.801454],[20.306973,53.801527],[20.307265,53.801535],[20.307526,53.801515],[20.307835,53.801466],[20.308164,53.801363],[20.309466,53.800804],[20.309736,53.80073],[20.309953,53.800702],[20.310163,53.800698],[20.310372,53.800715],[20.310661,53.800765],[20.31137,53.800979],[20.311934,53.80112],[20.312132,53.801152],[20.312691,53.80117],[20.312885,53.801174],[20.314569,53.801204],[20.315205,53.801199],[20.315495,53.801221],[20.315732,53.801249],[20.31628,53.801363],[20.31688,53.801485],[20.31715,53.801508],[20.317433,53.801499],[20.317648,53.80147],[20.317923,53.801426],[20.318449,53.801342],[20.318699,53.801336],[20.319128,53.801349],[20.319195,53.801357],[20.320548,53.801466],[20.321149,53.801485],[20.32156,53.801496],[20.321833,53.801505],[20.32216,53.801518],[20.322607,53.801548],[20.322954,53.801586],[20.323132,53.801614],[20.323378,53.80166],[20.323426,53.801671],[20.324086,53.801822],[20.324426,53.801892],[20.324718,53.801939],[20.324854,53.801953],[20.325602,53.802048],[20.325716,53.802062],[20.325978,53.802093],[20.326327,53.802135],[20.32655,53.802162],[20.326775,53.802188],[20.326809,53.802192],[20.326854,53.802197],[20.327656,53.802278],[20.328041,53.802317],[20.328342,53.802346],[20.329014,53.802421],[20.329327,53.80247],[20.329783,53.802583],[20.330132,53.802691],[20.331,53.802937],[20.331486,53.803045],[20.332042,53.803188],[20.332199,53.803239],[20.332682,53.803407],[20.333218,53.803573],[20.333384,53.803614],[20.333548,53.803653],[20.333798,53.803711],[20.334306,53.803824],[20.335524,53.80408],[20.33572,53.804115],[20.335751,53.804121],[20.335948,53.804153],[20.33621,53.804194],[20.336682,53.804266],[20.337999,53.804459],[20.339123,53.804613],[20.33936,53.804652],[20.341446,53.804979],[20.341777,53.805033],[20.342456,53.805149],[20.34276,53.8052],[20.343594,53.805305],[20.345172,53.805399],[20.345522,53.805413],[20.346116,53.805436],[20.346544,53.805453],[20.347358,53.805467],[20.347394,53.805468],[20.348107,53.805478],[20.349207,53.805501],[20.34958,53.805534],[20.349861,53.805565],[20.350419,53.805657],[20.350583,53.805683],[20.351941,53.805921],[20.352097,53.805952],[20.352867,53.806115],[20.353281,53.806202],[20.353712,53.806299],[20.354457,53.80646],[20.357659,53.807151],[20.359793,53.807624],[20.360404,53.807742],[20.361533,53.80788],[20.362658,53.808044],[20.365079,53.808525],[20.368071,53.809134],[20.370097,53.809558],[20.370957,53.809738],[20.371416,53.809792]]},"properties":{"name":"527"}},{"type":"Feature","geometry":{"type":"LineString","coordinates":[[20.298517,53.804663],[20.297655,53.802883],[20.297621,53.80281],[20.297078,53.801659],[20.296997,53.80138],[20.296976,53.80117],[20.29701,53.800959],[20.29717,53.800654],[20.297478,53.799994],[20.297683,53.799598],[20.297743,53.799481],[20.297771,53.799389],[20.297814,53.799326],[20.297919,53.799213]]},"properties":{"name":"Łąkowa"}},{"type":"Feature","geometry":{"type":"LineString","coordinates":[[20.305277,53.824797],[20.305271,53.824705],[20.305283,53.824612],[20.305292,53.824549],[20.30534,53.824347],[20.305512,53.823842],[20.305556,53.823713],[20.30559,53.82351],[20.305563,53.823274],[20.305474,53.822964],[20.305274,53.822305],[20.305168,53.821987],[20.305147,53.821926],[20.305133,53.821903],[20.305017,53.821725],[20.30488,53.821598],[20.304128,53.820955],[20.303746,53.820628],[20.303572,53.820452],[20.303403,53.820278],[20.303327,53.820175],[20.303285,53.820041],[20.303204,53.819747],[20.303103,53.819227],[20.303043,53.818732],[20.303014,53.818492],[20.302988,53.818278],[20.302965,53.818099],[20.302901,53.817603],[20.302843,53.81748],[20.302818,53.817447],[20.302659,53.817242],[20.302404,53.816883],[20.302021,53.816258],[20.301937,53.816122],[20.301889,53.816043],[20.301782,53.815873],[20.301751,53.815736],[20.301745,53.815673],[20.301735,53.815608],[20.301711,53.815484],[20.301701,53.815433],[20.301631,53.815105],[20.301611,53.814919],[20.301609,53.814886],[20.301572,53.814314],[20.301567,53.814236],[20.301539,53.813809],[20.301522,53.813442],[20.301502,53.812989],[20.30148,53.812491],[20.301463,53.812104],[20.301422,53.81137],[20.301397,53.810918]]},"properties":{"name":"Lipowa"}},{"type":"Feature","geometry":{"type":"LineString","coordinates":[[20.311036,53.828049],[20.310783,53.827955],[20.310709,53.827913],[20.310504,53.827793],[20.310281,53.827658],[20.310014,53.827441],[20.309795,53.827237],[20.309729,53.827169],[20.309631,53.827081],[20.309479,53.826989],[20.309266,53.826901],[20.30909,53.826819],[20.308794,53.826701],[20.308603,53.826619],[20.307778,53.826267],[20.307554,53.826145],[20.307266,53.825994],[20.306404,53.825453],[20.305459,53.824997],[20.305363,53.824943],[20.305306,53.824881],[20.305277,53.824797]]},"properties":{"name":"Księdza Jana Hanowskiego"}},{"type":"Feature","geometry":{"type":"LineString","coordinates":[[20.493334,53.732762],[20.493297,53.732683],[20.493186,53.732618],[20.492941,53.732482],[20.492739,53.732428]]},"properties":{"name":"Bolesława Laszki"}},{"type":"Feature","geometry":{"type":"LineString","coordinates":[[20.493334,53.732762],[20.493108,53.732901],[20.492954,53.732994],[20.492465,53.733266],[20.492278,53.733355],[20.491691,53.733633],[20.491359,53.733781],[20.49121,53.733849],[20.491154,53.733873],[20.491031,53.733925]]},"properties":{"name":"Jarocka"}},{"type":"Feature","geometry":{"type":"LineString","coordinates":[[20.493154,53.753389],[20.493155,53.753477],[20.493146,53.753933],[20.493145,53.753989],[20.493139,53.754159],[20.493132,53.75439],[20.493123,53.754526],[20.493098,53.754665],[20.493068,53.754779],[20.493017,53.754896],[20.492921,53.755031],[20.492783,53.755185],[20.492459,53.755463],[20.491884,53.756007],[20.491668,53.756212],[20.491637,53.756241],[20.491501,53.756347],[20.491279,53.756391]]},"properties":{"name":"Mieczysława Orłowicza"}},{"type":"Feature","geometry":{"type":"LineString","coordinates":[[20.451396,53.774844],[20.451228,53.774903],[20.451091,53.774952]]},"properties":{"name":"Kapitańska"}},{"type":"Feature","geometry":{"type":"LineString","coordinates":[[20.450777,53.776943],[20.45062,53.776817],[20.450525,53.776685],[20.450466,53.776573],[20.450445,53.77651],[20.450453,53.77643],[20.450556,53.776169],[20.45085,53.775506],[20.450959,53.775274],[20.451091,53.774952],[20.451096,53.774853],[20.451096,53.774732]]},"properties":{"name":"Kapitańska"}},{"type":"Feature","geometry":{"type":"LineString","coordinates":[[20.443508,53.771333],[20.44342,53.771433],[20.443374,53.771518],[20.443351,53.771555],[20.443012,53.772141],[20.442908,53.77225],[20.442708,53.772389],[20.442161,53.772698],[20.441675,53.772956],[20.441517,53.773007],[20.441336,53.773039],[20.441165,53.773069],[20.440993,53.773142],[20.440814,53.773227]]},"properties":{"name":"Miła"}},{"type":"Feature","geometry":{"type":"LineString","coordinates":[[20.508634,53.737682],[20.508611,53.737632],[20.508583,53.737539],[20.508586,53.737477]]},"properties":{"name":"Kubusia Puchatka"}}]}